"chr1","147586922","147587182","chr12","26364709","26364957","46","121222213"
"chr1","170262409","170262707","chr3","58895238","58895530","44","111367171"
"chr1","181665682","181665986","chr1","200796238","200796542","33","19130556"
"chr1","1430848","1431137","chr11","127937771","127938064","44","126506923"
"chr1","4861482","4861811","chr6","85988045","85988374","59","81126563"
"chr1","5131511","5131806","chr6","31565052","31565345","39","26433541"
"chr1","5601977","5602276","chr4","153281546","153281847","37","147679569"
"chr1","6457807","6457915","chr2","35667695","35667803","11","29209888"
"chr1","8400905","8401198","chr21","45570024","45570317","31","37169119"
"chr1","8435087","8435189","chr1","29473153","29473259","14","21038066"
"chr1","8759355","8759644","chr22","45661250","45661541","32","36901895"
"chr1","8910062","8910297","chr11","111200867","111201094","34","102290805"
"chr1","9828940","9829136","chr16","26104998","26105195","23","16276058"
"chr1","9896676","9896979","chr5","84244359","84244654","40","74347683"
"chr1","9953695","9953813","chr19","23981824","23981940","12","14028129"
"chr1","10008483","10008774","chr7","100080582","100080878","39","90072099"
"chr1","10191710","10191974","chr3","48162677","48162943","36","37970967"
"chr1","10864172","10864479","chrUn_GL286409","956550","956854","40","9907622"
"chr1","11353338","11353505","chr8","70584952","70585113","26","59231614"
"chr1","11871127","11871423","chr3","172782134","172782433","35","160911007"
"chr1","11883207","11883391","chr9","108742090","108742265","36","96858883"
"chr1","11883701","11883833","chr5","120588071","120588201","11","108704370"
"chr1","12187548","12187843","chr5","47230912","47231209","33","35043364"
"chr1","12218598","12218890","chr1","204115119","204115427","49","191896521"
"chr1","12511073","12511344","chr16","50136006","50136279","33","37624933"
"chr1","12799053","12799343","chr22","11391436","11391725","36","1407617"
"chr1","13557382","13557511","chr1","77016595","77016707","31","63459213"
"chr1","14048400","14048692","chr22","11391436","11391725","28","2656964"
"chr1","14176343","14176638","chr2","71939840","71940125","36","57763497"
"chr1","14676280","14676576","chr9","115825163","115825468","41","101148883"
"chr1","15629660","15629957","chr13","33698423","33698722","42","18068763"
"chr1","15804013","15804307","chr18","21679699","21679999","36","5875686"
"chr1","15858802","15859106","chr4","20992749","20993054","32","5133947"
"chr1","17066132","17066429","chr12","16654511","16654798","36","411621"
"chr1","20319756","20320058","chr8","110579454","110579757","37","90259698"
"chr1","20795245","20795521","chr16","74967499","74967777","38","54172254"
"chr1","20820478","20820771","chr22","45661250","45661541","35","24840772"
"chr1","20829654","20829955","chr10","100371881","100372181","30","79542227"
"chr1","20953555","20953840","chr9","5713722","5714005","32","15239833"
"chr1","21704490","21704748","chr9","63897728","63897985","35","42193238"
"chr1","21885713","21886011","chr4","2625791","2626089","39","19259922"
"chr1","21970740","21971034","chr21","45570024","45570317","28","23599284"
"chr1","24084539","24084781","chrUn_GL286450","471150","471389","29","23613389"
"chr1","24897887","24898190","chr6","90638145","90638447","37","65740258"
"chr1","25123693","25123997","chr22","10185431","10185739","38","14938262"
"chr1","26315776","26316067","chr22","11391436","11391725","27","14924340"
"chr1","26540483","26540782","chr5","84120349","84120641","32","57579866"
"chr1","26561793","26562043","chr7","65569695","65569950","31","39007902"
"chr1","26929587","26929884","chr7","12171249","12171549","30","14758338"
"chr1","27151921","27152213","chr17","11265158","11265460","26","15886763"
"chr1","27199318","27199613","chr5","28930665","28930964","34","1731347"
"chr1","28013247","28013537","chr22","11391436","11391725","31","16621811"
"chr1","28069929","28070221","chr7","100080582","100080878","39","72010653"
"chr1","28229213","28229483","chr2","26852173","26852441","40","1377040"
"chr1","28529654","28529920","chr12","50165699","50165963","40","21636045"
"chr1","28547325","28547639","chr2","62728183","62728485","49","34180858"
"chr1","29233352","29233643","chr15","7727803","7728092","34","21505549"
"chr1","29310901","29311110","chr13","78984435","78984651","26","49673534"
"chr1","29719627","29719916","chr10","59896365","59896655","31","30176738"
"chr1","31458481","31458771","chr22","11391436","11391725","31","20067045"
"chr1","31474562","31474593","chr2","20221670","20221704","14","11252892"
"chr1","31580059","31580342","chr1","28909895","28910179","39","2670164"
"chr1","31842231","31842508","chr3","181985366","181985644","33","150143135"
"chr1","32274916","32275211","chr1","74581309","74581608","37","42306393"
"chr1","32288895","32289145","chr6","148346744","148347000","29","116057849"
"chr1","33397015","33397305","chr7","36358329","36358617","34","2961314"
"chr1","34462028","34462318","chr7","91224327","91224616","29","56762299"
"chr1","34685054","34685360","chr11","42899035","42899341","44","8213981"
"chr1","35613505","35613774","chr10","28345647","28345927","41","7267858"
"chr1","35751974","35752275","chr6","147998845","147999149","38","112246871"
"chr1","35770747","35770862","chr10","98763004","98763117","10","62992257"
"chr1","36494540","36494701","chr12","23277128","23277289","27","13217412"
"chr1","36683296","36683389","chr5","62165751","62165835","22","25482455"
"chr1","37763302","37763470","chr12","101773868","101774034","28","64010566"
"chr1","37763471","37763523","chr2","12986672","12986721","23","24776799"
"chr1","37846137","37846392","chr6","132050786","132051044","35","94204649"
"chr1","38489675","38489957","chr13","51053562","51053848","40","12563887"
"chr1","39530925","39531181","chr7","65569695","65569950","21","26038770"
"chr1","40266263","40266419","chr12","36971546","36971703","14","3294717"
"chr1","41824786","41825077","chr5","115726219","115726510","37","73901433"
"chr1","43970240","43970549","chr13","65671041","65671350","36","21700801"
"chr1","44255144","44255424","chr13","58430477","58430767","33","14175333"
"chr1","45577934","45578228","chr5","95168607","95168900","34","49590673"
"chr1","45759914","45760225","chr1","41132050","41132358","63","4627864"
"chr1","46193184","46193298","chr5","89138311","89138436","20","42945127"
"chr1","47285554","47285679","chr5","97613471","97613573","35","50327917"
"chr1","48237508","48237808","chrX","106505955","106506253","36","58268447"
"chr1","48459254","48459549","chr5","47230912","47231209","44","1228342"
"chr1","49079284","49079573","chr1","103093273","103093561","35","54013989"
"chr1","49386922","49387213","chr22","11391436","11391725","39","37995486"
"chr1","50114456","50114770","chr9","25890021","25890331","40","24224435"
"chr1","51849206","51849482","chr4","71843881","71844157","33","19994675"
"chr1","52752456","52752762","chr1","74581309","74581608","39","21828853"
"chr1","53177851","53178044","chr5","2745590","2745784","19","50432261"
"chr1","54669375","54669654","chr5","84372065","84372343","42","29702690"
"chr1","54821381","54821678","chr21","45570024","45570317","30","9251357"
"chr1","56591004","56591294","chr2","71939840","71940125","34","15348836"
"chr1","57879632","57879935","chr5","68991865","68992157","45","11112233"
"chr1","58530395","58530682","chr7","100080582","100080878","42","41550187"
"chr1","59564829","59565143","chr1","204115119","204115427","43","144550290"
"chr1","60144586","60144836","chr7","65569695","65569950","38","5425109"
"chr1","62054931","62055218","chr16","65929587","65929878","41","3874656"
"chr1","62721037","62721325","chr22","11391436","11391725","31","51329601"
"chr1","64124932","64125193","chr6","54061153","54061421","40","10063779"
"chr1","64493115","64493287","chr3","65608205","65608377","28","1115090"
"chr1","65056948","65057251","chr14","19565533","19565831","38","45491415"
"chr1","65066847","65067132","chr21","45570024","45570317","33","19496823"
"chr1","65371969","65372249","chr10","32471987","32472267","36","32899982"
"chr1","65983611","65983671","chr1","73561821","73561882","10","7578210"
"chr1","66070948","66071230","chr15","79392271","79392554","34","13321323"
"chr1","66138070","66138299","chr9","117437871","117438107","36","51299801"
"chr1","68288646","68288952","chr1","204115119","204115427","34","135826473"
"chr1","68576878","68577168","chr2","71939840","71940125","34","3362962"
"chr1","69537510","69537812","chr7","96399857","96400153","40","26862347"
"chr1","70199798","70200098","chrX","103555473","103555771","33","33355675"
"chr1","70248591","70248892","chr11","14268803","14269099","40","55979788"
"chr1","70429057","70429319","chr14","10668404","10668665","36","59760653"
"chr1","71250376","71250684","chrUn_GL286409","956550","956854","37","70293826"
"chr1","71384150","71384470","chr1","204115119","204115427","47","132730969"
"chr1","72870079","72870365","chr7","91224327","91224616","33","18354248"
"chr1","73558318","73558553","chr20","22397492","22397722","38","51160826"
"chr1","73892513","73892642","chr1","200981395","200981522","12","127088882"
"chr1","74924746","74925037","chr9","42806442","42806731","40","32118304"
"chr1","76495701","76496008","chr3","172782134","172782433","33","96286433"
"chr1","80487617","80487715","chr2","146672441","146672542","13","66184824"
"chr1","80742162","80742451","chr2","81204230","81204514","41","462068"
"chr1","83053144","83053430","chr3","123340235","123340517","33","40287091"
"chr1","86214504","86214791","chr22","11391436","11391725","36","74823068"
"chr1","86806253","86806561","chr14","19133771","19134075","41","67672482"
"chr1","88032804","88033115","chr13","96614101","96614401","47","8581297"
"chr1","88207047","88207334","chr8","72977844","72978131","34","15229203"
"chr1","88493262","88493556","chr1","183293949","183294249","42","94800687"
"chr1","91538933","91539235","chr8","116877613","116877915","37","25338680"
"chr1","91852703","91852889","chr4","8294708","8294895","23","83557995"
"chr1","92217185","92217493","chr8","14917749","14918057","41","77299436"
"chr1","93016318","93016608","chr15","27994969","27995258","31","65021349"
"chr1","93543274","93543511","chr8","79816494","79816757","70","13726780"
"chr1","93753268","93753566","chr7","13187135","13187432","46","80566133"
"chr1","95216238","95216544","chr1","200796238","200796542","37","105580000"
"chr1","96374911","96375205","chr7","133223143","133223441","35","36848232"
"chr1","96446169","96446438","chr9","85664252","85664526","38","10781917"
"chr1","98103133","98103434","chr3","172782134","172782433","45","74679001"
"chr1","98416825","98416953","chr4","979239","979368","12","97437586"
"chr1","98709943","98710057","chr4","106396940","106397052","13","7686997"
"chr1","99032672","99032977","chr1","33719756","33720063","37","65312916"
"chr1","99571149","99571429","chr15","46284843","46285119","37","53286306"
"chr1","99749232","99749539","chr1","6494943","6495251","43","93254289"
"chr1","101364885","101365187","chr3","150151868","150152167","37","48786983"
"chr1","101399048","101399208","chr13","7468389","7468552","26","93930659"
"chr1","101596764","101597056","chr7","91224327","91224616","37","10372437"
"chr1","102302386","102302692","chr1","204115119","204115427","30","101812733"
"chr1","104149576","104149832","chr1","201998762","201999019","37","97849186"
"chr1","104562532","104562832","chr5","107127087","107127388","41","2564555"
"chr1","105812311","105812609","chr1","14113108","14113407","35","91699203"
"chr1","108360216","108360499","chr11","74356726","74357010","37","34003490"
"chr1","109762626","109762928","chr5","99392496","99392802","40","10370130"
"chr1","110570243","110570399","chr7","125100861","125101019","20","14530618"
"chr1","110575264","110575567","chr1","14113108","14113407","35","96462156"
"chr1","112585721","112586023","chrX","134295967","134296271","38","21710246"
"chr1","113034752","113034953","chr5","117672690","117672896","40","4637938"
"chr1","121245298","121245607","chr3","172782134","172782433","45","51536836"
"chr1","121644761","121645093","chr3","65468580","65468902","54","56176181"
"chr1","122940802","122941090","chr22","11391436","11391725","38","111549366"
"chr1","123786179","123786467","chr22","11391436","11391725","31","112394743"
"chr1","126023115","126023420","chrX","65191738","65192045","38","60831377"
"chr1","127740016","127740323","chr11","120946534","120946840","42","6793482"
"chr1","128594515","128594792","chr4","2072206","2072481","35","126522309"
"chr1","129238717","129238983","chr13","10030578","10030844","28","119208139"
"chr1","129433209","129433497","chr22","11391436","11391725","34","118041773"
"chr1","129528337","129528634","chrX","103555473","103555771","28","25972864"
"chr1","129607723","129607922","chr7","40952660","40952861","25","88655063"
"chr1","130421806","130421928","chr18","13987766","13987887","15","116434040"
"chr1","130740495","130740787","chr8","12093002","12093294","32","118647493"
"chr1","130953536","130953832","chr1","200796238","200796542","40","69842702"
"chr1","131464386","131464679","chr20","34411059","34411355","42","97053327"
"chr1","132630710","132630999","chr6","90000049","90000343","39","42630661"
"chr1","132632676","132632976","chr5","68991865","68992157","38","63640811"
"chr1","132694895","132695167","chr10","8945471","8945745","44","123749424"
"chr1","133577833","133578132","chr1","171196397","171196697","38","37618564"
"chr1","134101825","134102109","chr22","11391436","11391725","32","122710389"
"chr1","134598533","134598635","chr2","14194017","14194118","13","120404516"
"chr1","134957856","134958144","chr6","611286","611574","29","134346570"
"chr1","135497204","135497491","chr12","9478502","9478794","40","126018702"
"chr1","135781095","135781383","chr15","7727803","7728092","33","128053292"
"chr1","136045107","136045410","chr1","204115119","204115427","38","68070012"
"chr1","136955639","136955935","chr4","68323080","68323376","30","68632559"
"chr1","137500497","137500807","chr19","10165327","10165626","48","127335170"
"chr1","137942136","137942430","chr8","50040207","50040498","37","87901929"
"chr1","139386500","139386804","chr3","168666455","168666762","51","29279955"
"chr1","139534303","139534575","chr9","85664252","85664526","32","53870051"
"chr1","139892785","139893073","chr22","11391436","11391725","32","128501349"
"chr1","140193890","140194183","chr20","38683986","38684275","46","101509904"
"chr1","140298521","140298749","chr22","29961539","29961768","37","110336982"
"chr1","142355492","142355799","chr1","204115119","204115427","44","61759627"
"chr1","143760191","143760484","chr20","38874743","38875040","36","104885448"
"chr1","144800810","144800957","chr3","92079880","92080029","26","52720930"
"chr1","146520679","146520980","chr1","14113108","14113407","38","132407571"
"chr1","146779193","146779461","chr5","35508592","35508862","26","111270601"
"chr1","149854952","149855200","chr1","185848206","185848454","40","35993254"
"chr1","150437033","150437338","chr16","18950394","18950702","37","131486639"
"chr1","150501810","150502095","chr12","102214742","102215028","40","48287068"
"chr1","150615742","150616027","chr16","87832750","87833038","35","62782992"
"chr1","151101860","151102052","chr19","2755762","2755955","22","148346098"
"chr1","151311663","151311967","chr10","3950593","3950894","35","147361070"
"chr1","152112302","152112432","chr15","23908507","23908634","11","128203795"
"chr1","152838239","152838489","chr18","37803487","37803739","36","115034752"
"chr1","153940423","153940715","chr3","72242900","72243195","42","81697523"
"chr1","159133655","159133822","chr8","78838483","78838645","29","80295172"
"chr1","159143992","159144285","chr1","107636445","107636738","36","51507547"
"chr1","159232011","159232270","chr11","5978213","5978466","37","153253798"
"chr1","159707928","159708032","chr5","111489276","111489380","12","48218652"
"chr1","159742046","159742177","chr9","53401083","53401212","11","106340963"
"chr1","159978508","159978791","chr22","11391436","11391725","31","148587072"
"chr1","160992128","160992447","chr2","204243344","204243663","53","43251216"
"chr1","161926104","161926400","chr1","171383107","171383403","35","9457003"
"chr1","163327443","163327741","chr14","81589072","81589370","35","81738371"
"chr1","164415659","164415950","chr4","86632924","86633217","29","77782735"
"chr1","164648512","164648799","chr5","72747617","72747908","38","91900895"
"chr1","164700840","164701117","chr22","11391436","11391725","41","153309404"
"chr1","165956274","165956580","chr10","3950593","3950894","37","162005681"
"chr1","167243375","167243656","chr2","66274795","66275077","39","100968580"
"chr1","168126443","168126748","chr1","6494943","6495251","49","161631500"
"chr1","169346080","169346305","chr14","27521930","27522161","34","141824150"
"chr1","169386264","169386572","chr18","21679699","21679999","43","147706565"
"chr1","173480281","173480587","chr5","80550319","80550624","37","92929962"
"chr1","174912505","174912810","chr18","21679699","21679999","39","153232806"
"chr1","174914234","174914539","chr4","20992749","20993054","50","153921485"
"chr1","175032108","175032392","chr2","71939840","71940125","36","103092268"
"chr1","175565132","175565443","chr6","28747285","28747594","40","146817847"
"chr1","176069881","176070174","chr9","85173814","85174109","34","90896067"
"chr1","177844668","177844977","chr1","204115119","204115427","41","26270451"
"chr1","178612656","178612947","chr5","72747617","72747908","25","105865039"
"chr1","179902973","179903281","chr1","204115119","204115427","36","24212146"
"chr1","181654783","181655085","chr22","45288438","45288740","26","136366345"
"chr1","182065341","182065643","chr2","40154980","40155282","38","141910361"
"chr1","182303287","182303424","chr5","81160949","81161079","19","101142338"
"chr1","183504865","183505155","chr8","12093002","12093294","33","171411863"
"chr1","183712637","183712921","chr4","113860147","113860430","37","69852490"
"chr1","183824126","183824292","chr14","21357402","21357565","26","162466724"
"chr1","183824336","183824476","chr7","50894406","50894536","24","132929930"
"chr1","183930965","183931244","chr3","181985366","181985644","31","1945599"
"chr1","185442367","185442671","chr7","133223143","133223441","41","52219224"
"chr1","186381485","186381793","chr4","20992749","20993054","43","165388736"
"chr1","187364516","187364813","chr14","81589072","81589370","32","105775444"
"chr1","188584640","188584938","chr5","61547824","61548123","31","127036816"
"chr1","188640279","188640585","chr5","99392496","99392802","37","89247783"
"chr1","189523167","189523464","chr6","93572397","93572695","35","95950770"
"chr1","189588691","189588821","chr20","25027913","25028042","9","164560778"
"chr1","189746265","189746549","chr15","7727803","7728092","36","182018462"
"chr1","190559905","190560202","chr7","39453346","39453639","42","151106559"
"chr1","191668296","191668587","chr3","137010249","137010544","39","54658047"
"chr1","192352779","192353077","chr3","150151868","150152167","35","42200911"
"chr1","192536945","192537239","chr2","49225590","49225883","38","143311355"
"chr1","193349032","193349329","chrX","40253236","40253537","38","153095796"
"chr1","194691043","194691314","chr16","50136006","50136279","28","144555037"
"chr1","194850288","194850582","chr22","45661250","45661541","41","149189038"
"chr1","194882319","194882614","chrX","39093973","39094264","36","155788346"
"chr1","196092581","196092875","chr10","128115932","128116225","30","67976649"
"chr1","198109124","198109365","chr22","46771958","46772199","35","151337166"
"chr1","198945466","198945588","chr5","84472342","84472465","14","114473124"
"chr1","200373626","200373922","chr3","3968258","3968544","43","196405368"
"chr1","200846130","200846439","chrUn_GL286409","956550","956854","41","199889580"
"chr1","202540653","202540951","chr16","96520062","96520363","43","106020591"
"chr1","203226770","203227078","chr1","41132050","41132358","31","162094720"
"chr1","203495563","203495853","chr4","157175797","157176089","35","46319766"
"chr1","204259241","204259546","chr18","21679699","21679999","30","182579542"
"chr1","204614951","204615241","chr9","12659083","12659373","34","191955868"
"chr1","205044098","205044404","chr14","81589072","81589370","37","123455026"
"chr1","205056613","205056879","chr21","39957400","39957685","54","165099213"
"chr1","205232619","205232918","chr16","4397266","4397566","37","200835353"
"chr1","206029352","206029642","chr1","68611690","68611982","37","137417662"
"chr1","206029739","206030042","chr1","177431245","177431545","39","28598494"
"chr1","207682441","207682576","chr10","99276483","99276611","16","108405958"
"chr1","207829370","207829668","chr4","6281247","6281548","33","201548123"
"chr1","208205304","208205602","chr1","14113108","14113407","38","194092196"
"chr1","209097860","209098156","chr7","65567440","65567740","40","143530420"
"chr1","209500214","209500522","chr10","90075880","90076171","49","119424334"
"chr1","210493591","210493901","chr6","133299337","133299643","43","77194254"
"chr1","211446608","211446917","chr5","99392496","99392802","36","112054112"
"chr1","211922447","211922520","chr1","200957264","200957340","9","10965183"
"chr1","212880082","212880374","chr6","140737277","140737569","36","72142805"
"chr1","212953832","212954134","chr22","45288438","45288740","29","167665394"
"chr1","213369386","213369676","chr22","45661250","45661541","33","167708136"
"chr1","213838704","213838999","chr18","21679699","21679999","35","192159005"
"chr1","213983805","213984081","chr12","52244628","52244899","53","161739177"
"chr1","215078248","215078553","chr4","81318055","81318357","35","133760193"
"chr1","215286806","215287092","chr21","45570024","45570317","40","169716782"
"chr1","215624579","215624882","chr5","80550319","80550624","35","135074260"
"chr1","216127275","216127575","chr16","94396369","94396664","31","121730906"
"chr1","217141048","217141329","chr5","158406180","158406465","32","58734868"
"chr1","217333887","217334186","chr18","21679699","21679999","40","195654188"
"chr1","218577414","218577711","chr11","17891431","17891728","33","200685983"
"chr1","220148683","220148979","chr21","45570024","45570317","38","174578659"
"chr1","220784032","220784350","chr5","109583774","109584078","51","111200258"
"chr1","221525037","221525327","chr5","106708038","106708334","42","114816999"
"chr1","222517354","222517641","chr1","206069701","206069980","34","16447653"
"chr1","224258649","224258936","chr22","11391436","11391725","35","212867213"
"chr1","224552395","224552662","chr1","15320545","15320809","48","209231850"
"chr1","224851565","224851631","chr1","200957264","200957340","14","23894301"
"chr1","225468173","225468462","chr13","58430477","58430767","33","167037696"
"chr1","225486472","225486758","chr1","187766029","187766315","40","37720443"
"chr1","226894577","226894866","chr13","58430477","58430767","35","168464100"
"chr1","228456698","228456989","chr22","11391436","11391725","35","217065262"
"chr1","229370066","229370196","chr5","72258245","72258374","15","157111821"
"chr3","149412","149681","chr15","46284843","46285119","40","46135431"
"chr3","2987195","2987435","chr9","111710248","111710483","41","108723053"
"chr3","4958705","4958982","chr22","45661250","45661541","33","40702545"
"chr3","5488556","5488872","chr16","94636693","94637000","51","89148137"
"chr3","6017392","6017692","chr1","13501211","13501512","37","7483819"
"chr3","9143569","9143872","chr4","20992749","20993054","32","11849180"
"chr3","9204233","9204541","chr4","20992749","20993054","35","11788516"
"chr3","9408996","9409288","chr7","13187135","13187432","35","3778139"
"chr3","10431963","10432232","chr1","78526855","78527115","50","68094892"
"chr3","11316319","11316624","chr2","7996189","7996489","42","3320130"
"chr3","12913985","12914293","chr3","189627381","189627680","55","176713396"
"chr3","12940981","12941276","chr10","28345647","28345927","48","15404666"
"chr3","14712649","14712940","chr8","117181742","117182033","35","102469093"
"chr3","15219656","15219944","chr2","71939840","71940125","29","56720184"
"chr3","16025438","16025740","chr1","33719756","33720063","43","17694318"
"chr3","18790027","18790320","chr22","45661250","45661541","31","26871223"
"chr3","19854102","19854392","chr14","80779423","80779718","38","60925321"
"chr3","20248254","20248382","chr5","120588071","120588201","12","100339817"
"chr3","20380132","20380442","chr7","87285609","87285914","50","66905477"
"chr3","22007151","22007466","chr2","146261202","146261511","46","124254051"
"chr3","22036995","22037289","chr5","84120349","84120641","37","62083354"
"chr3","23075264","23075582","chr4","20992749","20993054","39","2082515"
"chr3","24041770","24042078","chr1","14113108","14113407","39","9928662"
"chr3","24255209","24255502","chr22","45661250","45661541","35","21406041"
"chr3","24900015","24900352","chr10","129882180","129882512","62","104982165"
"chr3","25252558","25252733","chr17","72274977","72275155","34","47022419"
"chr3","27849182","27849311","chr5","120588071","120588201","11","92738889"
"chr3","28219062","28219341","chr5","84372065","84372343","40","56153003"
"chr3","28678366","28678674","chr13","21298466","21298771","51","7379900"
"chr3","29332188","29332481","chr21","45570024","45570317","37","16237836"
"chr3","29644126","29644433","chr1","204115119","204115427","39","174470993"
"chr3","29894513","29894821","chr5","76426944","76427248","49","46532431"
"chr3","32378170","32378457","chr22","45661250","45661541","31","13283080"
"chr3","32669750","32670053","chr3","172782134","172782433","41","140112384"
"chr3","33702315","33702614","chr13","95156602","95156901","36","61454287"
"chr3","35622820","35623097","chr15","46284843","46285119","34","10662023"
"chr3","36728225","36728515","chr13","58430477","58430767","34","21702252"
"chr3","37214692","37214980","chr22","11391436","11391725","32","25823256"
"chr3","37430663","37430970","chr1","41132050","41132358","38","3701387"
"chr3","39258891","39259190","chr4","153281546","153281847","40","114022655"
"chr3","39850074","39850378","chr1","204115119","204115427","42","164265045"
"chr3","40881909","40882215","chr1","204115119","204115427","40","163233210"
"chr3","41203925","41204235","chr11","72205501","72205810","39","31001576"
"chr3","41324175","41324467","chr7","57253100","57253394","34","15928925"
"chr3","44589046","44589366","chrUn_GL286409","956550","956854","43","43632496"
"chr3","44935640","44935904","chr14","141481","141744","35","44794159"
"chr3","46637139","46637433","chr11","122795416","122795705","36","76158277"
"chr3","46952607","46952910","chr15","77440052","77440354","36","30487445"
"chr3","47494631","47494926","chr5","84120349","84120641","35","36625718"
"chr3","47982635","47982933","chr1","177431245","177431545","29","129448610"
"chr3","48884905","48885179","chr9","12636537","12636814","42","36248368"
"chr3","49671186","49671492","chr7","119771962","119772262","37","70100776"
"chr3","49797175","49797469","chr5","84244359","84244654","35","34447184"
"chr3","49872925","49873210","chr17","28057958","28058243","34","21814967"
"chr3","50803443","50803572","chr9","3286787","3286917","10","47516656"
"chr3","50915551","50915834","chr8","50040207","50040498","44","875344"
"chr3","51208487","51208771","chr7","91224327","91224616","36","40015840"
"chr3","51353214","51353511","chr5","28930665","28930964","37","22422549"
"chr3","51668030","51668318","chr3","3968258","3968544","34","47699772"
"chr3","51916018","51916322","chr1","14113108","14113407","35","37802910"
"chr3","52030350","52030622","chr15","46284843","46285119","34","5745507"
"chr3","53910201","53910509","chr5","144226668","144226977","38","90316467"
"chr3","55701372","55701679","chr10","9598165","9598470","37","46103207"
"chr3","56285715","56286024","chr2","11821385","11821693","39","44464330"
"chr3","57329491","57329770","chr11","122795416","122795705","43","65465925"
"chr3","58022477","58022769","chr3","72242900","72243195","43","14220423"
"chr3","58117972","58118257","chr15","83828462","83828747","36","25710490"
"chr3","58199170","58199467","chr13","58430477","58430767","36","231307"
"chr3","58644405","58644694","chr13","58430477","58430767","35","213928"
"chr3","58667257","58667547","chr22","45661250","45661541","39","13006007"
"chr3","59579633","59579926","chr2","73209139","73209432","34","13629506"
"chr3","59705114","59705423","chr1","204115119","204115427","37","144410005"
"chr3","60190141","60190449","chr17","57946486","57946793","38","2243655"
"chr3","60436738","60437011","chr9","18184615","18184892","32","42252123"
"chr3","61825885","61826173","chr22","45661250","45661541","27","16164635"
"chr3","63025353","63025649","chr5","55003407","55003704","41","8021946"
"chr3","63266589","63266879","chr22","45661250","45661541","35","17605339"
"chr3","65187261","65187549","chr22","11391436","11391725","34","53795825"
"chr3","65210714","65211013","chr15","14106793","14107091","28","51103921"
"chr3","65662423","65662718","chr22","45661250","45661541","37","20001173"
"chr3","66461035","66461324","chr22","11391436","11391725","33","55069599"
"chr3","67037352","67037641","chr14","87556917","87557207","43","20519565"
"chr3","68609811","68610110","chr5","47230912","47231209","32","21378899"
"chr3","68990577","68990879","chr10","3950593","3950894","38","65039984"
"chr3","69881435","69881723","chr6","59455905","59456194","40","10425530"
"chr3","70938478","70938766","chr7","91224327","91224616","31","20285849"
"chr3","72793870","72794154","chr17","11265158","11265460","44","61528712"
"chr3","72798617","72798912","chr1","74581309","74581608","34","1782692"
"chr3","74623441","74623570","chr13","10017884","10018014","12","64605557"
"chr3","74898597","74898895","chr10","3950593","3950894","34","70948004"
"chr3","74945900","74946201","chr16","96520062","96520363","33","21574162"
"chr3","75011092","75011197","chr11","66706773","66706877","15","8304319"
"chr3","75068626","75068902","chr4","71843881","71844157","39","3224745"
"chr3","75163706","75164005","chr1","74581309","74581608","46","582397"
"chr3","75569007","75569313","chr1","33719756","33720063","40","41849251"
"chr3","76861197","76861479","chr1","16806931","16807228","46","60054266"
"chr3","78185408","78185697","chr22","11391436","11391725","31","66793972"
"chr3","79046945","79047235","chr11","122795416","122795705","33","43748471"
"chr3","79439703","79439986","chr22","11391436","11391725","39","68048267"
"chr3","79622579","79622892","chr1","47283223","47283534","44","32339356"
"chr3","82434631","82434938","chr4","98039622","98039929","41","15604991"
"chr3","83751211","83751518","chr1","204115119","204115427","35","120363908"
"chr3","86342491","86342797","chr9","91010408","91010715","52","4667917"
"chr3","87732356","87732663","chr8","14917749","14918057","42","72814607"
"chr3","87740672","87740958","chr4","81318055","81318357","44","6422617"
"chr3","89783996","89784254","chr9","63897728","63897985","49","25886268"
"chr3","90047858","90048147","chr5","84244359","84244654","36","5803499"
"chr3","90701028","90701326","chr1","14113108","14113407","38","76587920"
"chr3","100247587","100247856","chr1","75501845","75502125","47","24745742"
"chr3","100966931","100967226","chr3","151595616","151595912","47","50628685"
"chr3","101117019","101117306","chr10","15994264","15994551","46","85122755"
"chr3","102505392","102505679","chr5","126209820","126210106","36","23704428"
"chr3","103628900","103629226","chr3","65468580","65468902","44","38160320"
"chr3","105389046","105389340","chr1","200134163","200134458","35","94745117"
"chr3","105721800","105722108","chr1","204115119","204115427","42","98393319"
"chr3","106018004","106018232","chr9","95228287","95228509","34","10789717"
"chr3","107271030","107271339","chr16","24345101","24345411","38","82925929"
"chr3","108574566","108574826","chr3","47409532","47409790","42","61165034"
"chr3","108948978","108949286","chr4","20992749","20993054","37","87956229"
"chr3","108981358","108981669","chr11","73590252","73590567","53","35391106"
"chr3","109098572","109098862","chr22","45661250","45661541","37","63437322"
"chr3","109779921","109780229","chr6","28747285","28747594","36","81032636"
"chr3","112684512","112684818","chr15","45211602","45211899","47","67472910"
"chr3","112840914","112841217","chr4","20992749","20993054","37","91848165"
"chr3","112864623","112864929","chrUn_GL286409","956550","956854","38","111908073"
"chr3","112926829","112927125","chr21","45570024","45570317","39","67356805"
"chr3","112939861","112940168","chr19","45030493","45030801","37","67909368"
"chr3","113437586","113437701","chr10","131078342","131078455","25","17640756"
"chr3","116064987","116065285","chr8","12093002","12093294","41","103971985"
"chr3","116178938","116179209","chr15","46284843","46285119","36","69894095"
"chr3","117945065","117945337","chr4","52138234","52138509","40","65806831"
"chr3","118724371","118724667","chr18","21679699","21679999","32","97044672"
"chr3","119099461","119099754","chr22","45661250","45661541","40","73438211"
"chr3","119841400","119841714","chr4","20992749","20993054","42","98848651"
"chr3","121463422","121463712","chr5","81706578","81706871","36","39756844"
"chr3","121496160","121496455","chr7","100241476","100241771","34","21254684"
"chr3","123486895","123487185","chr13","58430477","58430767","37","65056418"
"chr3","125476769","125477078","chr16","24345101","24345411","38","101131668"
"chr3","125919058","125919351","chr3","72242900","72243195","40","53676158"
"chr3","126459164","126459264","chr1","103410204","103410304","25","23048960"
"chr3","126473574","126473877","chr14","19133771","19134075","38","107339803"
"chr3","126585896","126586199","chr17","11265158","11265460","36","115320738"
"chr3","126590511","126590805","chr7","57253100","57253394","29","69337411"
"chr3","127470930","127471229","chr4","134037168","134037467","35","6566238"
"chr3","127527482","127527533","chr12","15591164","15591207","16","111936318"
"chr3","128176511","128176806","chr2","73209139","73209432","36","54967372"
"chr3","128861701","128861995","chr5","84120349","84120641","31","44741352"
"chr3","129249821","129250117","chrX","65191738","65192045","44","64058083"
"chr3","131914610","131914917","chrUn_GL286451","234557","234863","37","131680053"
"chr3","132330002","132330161","chr22","231205","231365","21","132098797"
"chr3","133067438","133067635","chr7","46760911","46761113","16","86306527"
"chr3","134321871","134322174","chr4","20992749","20993054","34","113329122"
"chr3","134609597","134609893","chr9","85173814","85174109","38","49435783"
"chr3","134849176","134849469","chr21","45570024","45570317","38","89279152"
"chr3","135949754","135950042","chr11","122795416","122795705","36","13154338"
"chr3","136060341","136060506","chr16","1822587","1822748","27","134237754"
"chr3","136060546","136060665","chrX","66378054","66378172","16","69682492"
"chr3","137746117","137746352","chr22","1227169","1227404","32","136518948"
"chr3","138854393","138854689","chr5","152908494","152908798","32","14054101"
"chr3","139063276","139063586","chr14","66511085","66511389","39","72552191"
"chr3","139406485","139406794","chr4","20992749","20993054","42","118413736"
"chr3","140940963","140941248","chr22","11391436","11391725","30","129549527"
"chr3","141294808","141294890","chr7","38297276","38297350","20","102997532"
"chr3","142214858","142215163","chr4","61872324","61872622","37","80342534"
"chr3","142554513","142554799","chr10","128115932","128116225","40","14438581"
"chr3","142908358","142908636","chr10","94678449","94678727","37","48229909"
"chr3","143278092","143278389","chr9","85173814","85174109","34","58104278"
"chr3","143378065","143378345","chr3","39002852","39003134","38","104375213"
"chr3","143378569","143378712","chr4","138158318","138158462","24","5220251"
"chr3","143456141","143456448","chr1","204115119","204115427","39","60658978"
"chr3","143459399","143459697","chr4","68323080","68323376","33","75136319"
"chr3","143589497","143589659","chr11","129875912","129876069","28","13713585"
"chr3","146310051","146310351","chr7","42649673","42649967","32","103660378"
"chr3","146363689","146363988","chr4","20992749","20993054","39","125370940"
"chr3","146479811","146480057","chr7","65569695","65569950","36","80910116"
"chr3","146560773","146561000","chr11","4760882","4761111","27","141799891"
"chr3","146922467","146922770","chr1","200796238","200796542","50","53873771"
"chr3","147195406","147195514","chr1","27996398","27996506","11","119199008"
"chr3","147401271","147401565","chr15","8323132","8323425","31","139078139"
"chr3","149199742","149199892","chr9","117468590","117468739","38","31731152"
"chr3","150921068","150921369","chr5","61547824","61548123","35","89373244"
"chr3","151455813","151456122","chr21","45570024","45570317","46","105885789"
"chr3","153624715","153625025","chr8","31432346","31432652","42","122192369"
"chr3","153682005","153682314","chr6","28747285","28747594","40","124934720"
"chr3","155160661","155160922","chr10","46371811","46372082","39","108788850"
"chr3","157442617","157442916","chr9","1133376","1133677","36","156309241"
"chr3","157875031","157875333","chrX","106505955","106506253","43","51369076"
"chr3","157919981","157920274","chr17","73446698","73446990","35","84473283"
"chr3","157978285","157978563","chr5","116617427","116617703","31","41360858"
"chr3","158922047","158922338","chr12","117101699","117101988","37","41820348"
"chr3","159489302","159489605","chr6","147998845","147999149","37","11490457"
"chr3","160397043","160397339","chr6","93572397","93572695","33","66824646"
"chr3","160958106","160958384","chr1","206589441","206589720","45","45631335"
"chr3","162382581","162382880","chr3","4914547","4914848","35","157468034"
"chr3","162459689","162459963","chr3","67517858","67518129","41","94941831"
"chr3","163091088","163091378","chr3","172782134","172782433","43","9691046"
"chr3","163206454","163206758","chr6","147998845","147999149","36","15207609"
"chr3","163426333","163426454","chr19","13135729","13135851","16","150290604"
"chr3","165075764","165076053","chr13","58430477","58430767","28","106645287"
"chr3","165161977","165162256","chr12","107515998","107516275","45","57645979"
"chr3","165245736","165246029","chr7","100080582","100080878","32","65165154"
"chr3","165743188","165743483","chr22","45661250","45661541","37","120081938"
"chr3","166781384","166781693","chr2","7996189","7996489","40","158785195"
"chr3","167299768","167300055","chr14","50460527","50460808","42","116839241"
"chr3","167654667","167655006","chr3","8602518","8602840","62","159052149"
"chr3","167718058","167718326","chr20","37192749","37193023","42","130525309"
"chr3","170116728","170116857","chr2","132908480","132908610","16","37208248"
"chr3","171390696","171390996","chr8","115572430","115572730","39","55818266"
"chr3","172971393","172971703","chr9","45368751","45369064","34","127602642"
"chr3","173911246","173911533","chr10","11275458","11275749","39","162635788"
"chr3","174082109","174082409","chr2","7996189","7996489","41","166085920"
"chr3","174949126","174949429","chrX","103555473","103555771","44","71393653"
"chr3","174958748","174959029","chr1","203447942","203448220","36","28489194"
"chr3","175647076","175647366","chr4","8096700","8096992","39","167550376"
"chr3","177826445","177826754","chr5","61547824","61548123","42","116278621"
"chr3","177841279","177841587","chr1","17337074","17337385","36","160504205"
"chr3","177980086","177980370","chr8","12093002","12093294","39","165887084"
"chr3","179632870","179633176","chr1","35130534","35130838","40","144502336"
"chr3","179789276","179789572","chr7","100080582","100080878","37","79708694"
"chr3","180082849","180082960","chr10","98763004","98763117","12","81319845"
"chr3","181128964","181129187","chr4","32287441","32287667","33","148841523"
"chr3","182237969","182238270","chr4","20992749","20993054","34","161245220"
"chr3","182545748","182545862","chr16","53653231","53653345","12","128892517"
"chr3","183336968","183337257","chr11","122795416","122795705","39","60541552"
"chr3","184460977","184461271","chr1","182812855","182813143","52","1648122"
"chr3","184839339","184839643","chr5","99392496","99392802","34","85446843"
"chr3","184955024","184955324","chr4","35083353","35083667","52","149871671"
"chr3","184969528","184969821","chr5","84120349","84120641","37","100849179"
"chr3","185314437","185314731","chr8","12093002","12093294","29","173221435"
"chr3","186123735","186124035","chr17","55759126","55759425","43","130364609"
"chr3","186136882","186137174","chr11","127937771","127938064","37","58199111"
"chr3","188135280","188135579","chr22","45661250","45661541","34","142474030"
"chr3","188152153","188152443","chr8","50040207","50040498","33","138111946"
"chr3","188363713","188363997","chr10","8945471","8945745","41","179418242"
"chr3","188434140","188434394","chr18","37803487","37803739","36","150630653"
"chr3","188621239","188621551","chr18","21679699","21679999","43","166941540"
"chr3","188936705","188937006","chr5","80550319","80550624","34","108386386"
"chr3","190634524","190634649","chr1","200894419","200894549","17","10259895"
"chr3","190683832","190684139","chr4","20992749","20993054","39","169691083"
"chr3","190797088","190797323","chr7","57621453","57621689","49","133175635"
"chr3","190978307","190978607","chr5","61547824","61548123","29","129430483"
"chr3","191367158","191367278","chr5","93972141","93972259","11","97395017"
"chr3","191629300","191629566","chr10","77190485","77190758","36","114438815"
"chr3","191717604","191717900","chr1","16806931","16807228","30","174910673"
"chr3","191772667","191772956","chr22","11391436","11391725","31","180381231"
"chr3","191822405","191822607","chr1","207078859","207079054","34","15256454"
"chr3","191822620","191822939","chr20","34411059","34411355","79","157411561"
"chr3","192148020","192148316","chr1","118264522","118264817","33","73883498"
"chr3","192572805","192573111","chr16","24345101","24345411","42","168227704"
"chr3","193969929","193970213","chr2","81204230","81204514","38","112765699"
"chr3","194423567","194423839","chr7","98444164","98444428","46","95979403"
"chr3","195976779","195977077","chr2","7996189","7996489","39","187980590"
"chr3","198194269","198194568","chrUn_GL286409","956550","956854","46","197237719"
"chr3","198220567","198220856","chr7","91224327","91224616","32","106996240"
"chr3","198764557","198764865","chr7","100080582","100080878","41","98683975"
"chr3","199306186","199306483","chr5","155379224","155379517","45","43926962"
"chr3","199985703","199985996","chr8","12093002","12093294","34","187892701"
"chr3","200556637","200556771","chr1","206476739","206476875","16","5920102"
"chr3","201400250","201400558","chr1","200796238","200796542","32","604012"
"chr3","201874974","201875281","chr1","204115119","204115427","42","2240145"
"chr3","202345629","202345926","chr4","160708274","160708570","37","41637355"
"chr3","202786201","202786506","chr14","92082542","92082851","31","110703659"
"chr3","203060443","203060720","chr15","46284843","46285119","38","156775600"
"chr3","203608728","203609008","chr11","61539995","61540286","42","142068733"
"chr3","203629726","203629919","chr22","47649123","47649316","18","155980603"
"chr3","203702539","203702838","chr15","22625116","22625412","37","181077423"
"chr3","204003695","204003972","chr4","21037244","21037517","48","182966451"
"chr3","204635339","204635642","chr11","42899035","42899341","43","161736304"
"chr4","360142","360398","chr6","148346744","148347000","24","147986602"
"chr4","971750","972047","chr15","8323132","8323425","35","7351382"
"chr4","1493425","1493719","chr5","84120349","84120641","36","82626924"
"chr4","1905890","1906178","chr8","50040207","50040498","39","48134317"
"chr4","1965667","1965966","chr15","42270873","42271170","38","40305206"
"chr4","2675187","2675256","chr1","73561821","73561882","11","70886634"
"chr4","3001176","3001475","chr20","34411059","34411355","34","31409883"
"chr4","4463877","4464171","chr8","50040207","50040498","36","45576330"
"chr4","5013251","5013530","chr15","46284843","46285119","26","41271592"
"chr4","6424929","6425035","chr11","66706773","66706877","15","60281844"
"chr4","7983286","7983574","chr5","126470070","126470351","42","118486784"
"chr4","8023017","8023296","chr11","125077711","125077990","31","117054694"
"chr4","8220525","8220839","chr1","204115119","204115427","37","195894594"
"chr4","8631071","8631370","chr3","72242900","72243195","40","63611829"
"chr4","9313172","9313472","chr18","21679699","21679999","39","12366527"
"chr4","10397902","10398202","chr4","20992749","20993054","37","10594847"
"chr4","11499875","11500000","chrX","17580123","17580247","15","6080248"
"chr4","13312773","13313043","chr12","10888996","10889273","35","2423777"
"chr4","13936624","13936926","chrX","90469013","90469312","39","76532389"
"chr4","14476522","14476830","chr1","204115119","204115427","35","189638597"
"chr4","16497264","16497562","chr7","91224327","91224616","35","74727063"
"chr4","16797922","16798045","chr5","108885061","108885185","10","92087139"
"chr4","17107265","17107556","chr22","45661250","45661541","38","28553985"
"chr4","17265501","17265806","chr4","98039622","98039929","37","80774121"
"chr4","17336048","17336335","chr7","91224327","91224616","37","73888279"
"chr4","18736069","18736337","chr9","85664252","85664526","42","66928183"
"chr4","18994605","18994893","chr5","40532439","40532726","31","21537834"
"chr4","19054418","19054713","chr16","94396369","94396664","38","75341951"
"chr4","20385357","20385652","chr1","172425904","172426191","41","152040547"
"chr4","20521922","20522217","chr7","133223143","133223441","41","112701221"
"chr4","20610862","20611134","chrX","52916962","52917244","43","32306100"
"chr4","20732142","20732416","chr9","85664252","85664526","37","64932110"
"chr4","21228563","21228873","chr11","42899035","42899341","40","21670472"
"chr4","22017222","22017526","chr4","20992749","20993054","34","1024473"
"chr4","22438195","22438444","chr4","120007923","120008176","40","97569728"
"chr4","23093557","23093858","chr21","37939623","37939919","43","14846066"
"chr4","24395654","24395945","chrX","40541483","40541780","37","16145829"
"chr4","25554866","25555163","chr7","100080582","100080878","31","74525716"
"chr4","27757513","27757810","chr7","57253100","57253394","38","29495587"
"chr4","30410058","30410334","chr15","46284843","46285119","33","15874785"
"chr4","34338360","34338680","chrX","51925384","51925698","46","17587024"
"chr4","39103391","39103707","chr19","42690218","42690531","39","3586827"
"chr4","39224517","39224826","chr1","41132050","41132358","39","1907533"
"chr4","40116377","40116664","chr1","106449782","106450065","33","66333405"
"chr4","40252072","40252288","chr9","110398496","110398713","21","70146424"
"chr4","41241129","41241423","chr7","57253100","57253394","28","16011971"
"chr4","42405309","42405642","chr18","1486809","1487148","58","40918500"
"chr4","42902925","42903215","chr21","45570024","45570317","33","2667099"
"chr4","43169986","43170285","chr4","68323080","68323376","35","25153094"
"chr4","44140091","44140386","chr11","16651090","16651387","44","27489001"
"chr4","44270699","44270992","chr12","9478502","9478794","42","34792197"
"chr4","44476949","44477183","chr22","1227169","1227404","33","43249780"
"chr4","44586911","44587209","chr7","62232120","62232421","41","17645209"
"chr4","46431011","46431299","chr7","57253100","57253394","37","10822089"
"chr4","47196715","47196838","chr7","62102624","62102746","13","14905909"
"chr4","47196839","47196905","chr1","73561821","73561882","9","26364982"
"chr4","47302976","47303261","chr6","81347425","81347712","34","34044449"
"chr4","47490411","47490709","chr10","3950593","3950894","31","43539818"
"chr4","48274259","48274560","chrUn_GL286409","956550","956854","42","47317709"
"chr4","48602834","48603126","chr21","45570024","45570317","41","3032810"
"chr4","49756820","49757110","chr6","155025250","155025525","47","105268430"
"chr4","52232148","52232313","chr2","127990211","127990382","22","75758063"
"chr4","53585953","53586253","chr8","50040207","50040498","38","3545746"
"chr4","53876827","53877116","chr15","8114278","8114565","35","45762549"
"chr4","53943611","53943905","chr1","118264522","118264817","33","64320911"
"chr4","54047260","54047565","chr1","204115119","204115427","35","150067859"
"chr4","54308795","54309100","chr21","45570024","45570317","46","8738771"
"chr4","54341913","54342201","chr3","3968258","3968544","29","50373655"
"chr4","54830745","54831023","chr3","181985366","181985644","32","127154621"
"chr4","55334930","55335167","chr13","10293823","10294059","39","45041107"
"chr4","56000944","56001269","chr22","11391436","11391725","71","44609508"
"chr4","56569624","56569930","chr14","19133771","19134075","44","37435853"
"chr4","59880594","59880933","chr18","1486809","1487148","56","58393785"
"chr4","59942061","59942299","chr5","130896010","130896247","22","70953949"
"chr4","62669339","62669618","chr3","181985366","181985644","32","119316027"
"chr4","66381429","66381724","chr8","50040207","50040498","34","16341222"
"chr4","67598380","67598688","chr13","65671041","65671350","40","1927339"
"chr4","68938247","68938532","chr1","106449782","106450065","39","37511535"
"chr4","69059971","69060272","chr2","7996189","7996489","37","61063782"
"chr4","69213333","69213626","chr12","12280643","12280934","41","56932690"
"chr4","69812044","69812326","chr1","106756576","106756856","38","36944532"
"chr4","70357218","70357359","chr2","185132110","185132261","33","114774892"
"chr4","73554050","73554359","chr6","90638145","90638447","41","17084095"
"chr4","73646981","73647270","chr22","45661250","45661541","30","27985731"
"chr4","73890915","73891212","chr1","177431245","177431545","45","103540330"
"chr4","74057791","74058089","chr7","65567440","65567740","38","8490351"
"chr4","74576691","74576974","chr22","27091314","27091593","46","47485377"
"chr4","75330963","75331249","chr9","39074858","39075148","37","36256105"
"chr4","75985887","75986194","chr7","58762212","58762519","38","17223675"
"chr4","76282478","76282789","chr4","20992749","20993054","44","55289729"
"chr4","76458542","76458695","chr4","14482425","14482569","29","61976117"
"chr4","78106202","78106430","chrX","63173977","63174196","50","14932225"
"chr4","84203386","84203563","chr17","72274977","72275155","26","11928409"
"chr4","84591004","84591166","chr13","47765211","47765373","25","36825793"
"chr4","84593455","84593520","chrX","37385853","37385929","21","47207602"
"chr4","84642688","84642987","chr8","97572704","97573002","42","12930016"
"chr4","84919365","84919658","chr5","72747617","72747908","30","12171748"
"chr4","84993109","84993408","chr7","119771962","119772262","36","34778853"
"chr4","85653252","85653546","chr8","50040207","50040498","39","35613045"
"chr4","88709290","88709585","chr1","118264522","118264817","34","29555232"
"chr4","89307807","89308099","chr7","57253100","57253394","33","32054707"
"chr4","89813448","89813732","chr22","34418669","34418951","38","55394779"
"chr4","90250850","90251148","chr2","7996189","7996489","37","82254661"
"chr4","90694412","90694706","chr11","113717577","113717870","33","23023165"
"chr4","92805903","92806212","chr2","167292074","167292375","42","74486171"
"chr4","93159658","93159949","chr22","45661250","45661541","28","47498408"
"chr4","93443131","93443229","chr20","22526741","22526839","14","70916390"
"chr4","93484048","93484335","chr17","10151437","10151728","43","83332611"
"chr4","94627154","94627284","chr1","200894419","200894549","12","106267265"
"chr4","95798384","95798673","chr12","58330227","58330519","45","37468157"
"chr4","97516100","97516385","chr11","58125598","58125889","34","39390502"
"chr4","97903245","97903552","chrX","134295967","134296271","41","36392722"
"chr4","98273294","98273576","chrX","22656649","22656932","38","75616645"
"chr4","99686634","99686955","chr1","204115119","204115427","47","104428485"
"chr4","102932019","102932315","chr21","45570024","45570317","31","57361995"
"chr4","104744077","104744237","chr8","97217336","97217497","17","7526741"
"chr4","105486052","105486331","chr14","50460527","50460808","41","55025525"
"chr4","108743514","108743773","chr11","5978213","5978466","36","102765301"
"chr4","109094860","109095165","chr3","149787849","149788153","38","40692989"
"chr4","109733070","109733269","chr1","150757590","150757802","43","41024520"
"chr4","111032840","111033121","chr16","93855731","93856008","33","17177109"
"chr4","111713609","111713903","chr1","171383107","171383403","36","59669498"
"chr4","112297394","112297682","chr8","92039525","92039815","35","20257869"
"chr4","113135570","113135856","chr11","18052455","18052739","33","95083115"
"chr4","113461939","113462246","chr6","147998845","147999149","38","34536906"
"chr4","115915166","115915461","chrX","106505955","106506253","34","9409211"
"chr4","118211528","118211665","chr3","28020970","28021097","31","90190558"
"chr4","119530599","119530845","chr6","48014438","48014689","38","71516161"
"chr4","121649737","121650031","chr3","3968258","3968544","37","117681479"
"chr4","124579563","124579840","chr2","66274795","66275077","41","58304768"
"chr4","124614427","124614542","chr3","109066823","109066942","22","15547604"
"chr4","125853023","125853253","chr11","111200867","111201094","34","14652156"
"chr4","126310430","126310729","chr5","61547824","61548123","41","64762606"
"chr4","126926181","126926428","chr3","183929955","183930202","32","57003774"
"chr4","127566362","127566624","chr19","40101916","40102179","37","87464446"
"chr4","130617906","130618202","chr22","27260488","27260782","44","103357418"
"chr4","131576456","131576744","chr1","172425904","172426191","36","40849448"
"chr4","131713398","131713702","chr2","7996189","7996489","35","123717209"
"chr4","132503450","132503724","chr2","66274795","66275077","35","66228655"
"chr4","134168346","134168622","chr2","169314295","169314573","38","35145949"
"chr4","137911175","137911462","chr7","78010330","78010628","43","59900845"
"chr4","137916210","137916504","chr5","126015562","126015859","41","11900648"
"chr4","138964140","138964270","chr7","102044349","102044479","15","36919791"
"chr4","140126943","140127231","chr3","123340235","123340517","40","16786708"
"chr4","142904274","142904581","chrX","40253236","40253537","33","102651038"
"chr4","142912706","142912992","chr5","43235493","43235781","35","99677213"
"chr4","143158883","143159149","chr11","6676397","6676667","38","136482486"
"chr4","143668752","143669055","chr19","42715850","42716152","43","100952902"
"chr4","145762377","145762682","chr4","20992749","20993054","41","124769628"
"chr4","146694699","146694944","chr6","134951657","134951890","41","11743042"
"chr4","147085034","147085327","chr13","65746280","65746575","41","81338754"
"chr4","148288133","148288246","chr10","87563446","87563551","25","60724687"
"chr4","148453582","148453873","chr1","179733427","179733717","38","31279845"
"chr4","148950161","148950466","chr8","116877613","116877915","39","32072548"
"chr4","149159947","149160232","chr9","12636537","12636814","49","136523410"
"chr4","152485644","152485949","chr7","133223143","133223441","36","19262501"
"chr4","154027941","154028238","chr8","50040207","50040498","29","103987734"
"chr4","154094528","154094825","chr13","31490125","31490422","40","122604403"
"chr4","154435395","154435689","chr2","40114199","40114493","42","114321196"
"chr4","154663381","154663675","chr5","84120349","84120641","37","70543032"
"chr4","154731509","154731805","chr8","12093002","12093294","31","142638507"
"chr4","154753517","154753644","chr22","605183","605313","19","154148334"
"chr4","154875468","154875564","chr9","42520622","42520717","11","112354846"
"chr4","155080460","155080756","chr22","35390562","35390864","48","119689898"
"chr4","155082694","155082764","chr1","73561821","73561882","15","81520873"
"chr4","156928397","156928570","chr4","19510294","19510468","32","137418103"
"chr4","156928650","156928771","chr3","2159473","2159595","14","154769177"
"chr4","158838118","158838419","chr22","30187598","30187892","46","128650520"
"chr4","160997445","160997590","chr2","162506171","162506321","28","1508726"
"chr4","161476399","161476688","chr13","36574495","36574785","42","124901904"
"chr4","161643841","161644148","chr2","115843571","115843880","55","45800270"
"chr4","161901405","161901712","chr16","8945514","8945814","40","152955891"
"chr4","163148391","163148687","chr11","4091073","4091368","31","159057318"
"chr4","165753011","165753319","chr1","177431245","177431545","41","11678234"
"chr4","166508994","166509279","chr14","13287307","13287594","37","153221687"
"chr4","166669444","166669751","chr7","60020661","60020964","52","106648783"
"chr4","168122165","168122391","chr3","139547122","139547343","34","28575043"
"chr4","169160237","169160517","chr4","157769181","157769456","33","11391056"
"chr4","169342583","169342876","chr7","57253100","57253394","26","112089483"
"chr4","169749649","169749943","chr11","122795416","122795705","31","46954233"
"chr4","169817779","169818071","chr9","85173814","85174109","37","84643965"
"chr4","170486893","170487135","chr22","46771958","46772199","37","123714935"
"chr4","171507104","171507398","chr7","39453346","39453639","37","132053758"
"chr4","171618086","171618387","chr3","150151868","150152167","41","21466218"
"chr4","172084142","172084450","chr1","6494943","6495251","38","165589199"
"chr4","172239456","172239731","chr16","53489506","53489783","43","118749950"
"chr4","174457778","174457960","chr17","72274977","72275155","34","102182801"
"chr4","174458406","174458530","chr7","62102624","62102746","16","112355782"
"chr4","175372208","175372489","chr9","5713722","5714005","38","169658486"
"chr4","175484134","175484414","chr3","39002852","39003134","36","136481282"
"chr4","175771349","175771630","chr2","176627944","176628223","41","856595"
"chr4","177476561","177476881","chr4","84320949","84321257","46","93155612"
"chr4","177653003","177653285","chr10","97336024","97336312","45","80316979"
"chr4","178096600","178096894","chr7","57253100","57253394","39","120843500"
"chr4","178799445","178799701","chr6","148346744","148347000","38","30452701"
"chr4","179003940","179004230","chr5","68991865","68992157","41","110012075"
"chr4","180717479","180717779","chr19","42715850","42716152","38","138001629"
"chr4","181510792","181511072","chr2","143078727","143079011","43","38432065"
"chr4","181952635","181952936","chr7","119771962","119772262","40","62180673"
"chr4","181977106","181977340","chr11","7795918","7796155","48","174181188"
"chr4","182120888","182121163","chr1","137327259","137327532","44","44793629"
"chr4","182153903","182154193","chr6","140737277","140737569","32","41416626"
"chr4","182509244","182509479","chr22","1227169","1227404","33","181282075"
"chr4","182675865","182675986","chr9","113321717","113321833","41","69354148"
"chr4","183101935","183102239","chr7","62232120","62232421","37","120869815"
"chr4","183122576","183122891","chr3","91380778","91381080","39","91741798"
"chr4","183917304","183917581","chr15","46284843","46285119","30","137632461"
"chr4","187109232","187109529","chrX","106505955","106506253","32","80603277"
"chr4","188210018","188210322","chr15","22832835","22833139","42","165377183"
"chr4","188434874","188435186","chr9","91010408","91010715","42","97424466"
"chr4","189583625","189583913","chr8","50040207","50040498","44","139543418"
"chr4","189956113","189956401","chr22","45661250","45661541","31","144294863"
"chr4","190848465","190848749","chr6","611286","611574","34","190237179"
"chr4","191476046","191476348","chr3","149787849","149788153","41","41688197"
"chr4","192395062","192395354","chr22","45661250","45661541","40","146733812"
"chr4","192400385","192400679","chr18","21679699","21679999","37","170720686"
"chr4","192560449","192560709","chr7","59899821","59900084","52","132660628"
"chr4","192717093","192717396","chr15","77440052","77440354","40","115277041"
"chr4","192884698","192884983","chr7","91224327","91224616","37","101660371"
"chr4","192893258","192893544","chr15","68395761","68396041","41","124497497"
"chr4","193359230","193359491","chr4","157769181","157769456","47","35590049"
"chr5","350675","350976","chr4","68323080","68323376","32","67972405"
"chr5","1328943","1329235","chr5","72747617","72747908","31","71418674"
"chr5","3998042","3998330","chr22","43376718","43377010","41","39378676"
"chr5","5270665","5270921","chr3","9432295","9432561","41","4161630"
"chr5","5956562","5956864","chr16","94396369","94396664","35","88439807"
"chr5","6715477","6715589","chr6","144165252","144165375","27","137449775"
"chr5","8321256","8321379","chr7","62764585","62764705","17","54443329"
"chr5","8793235","8793461","chr6","140898767","140898991","27","132105532"
"chr5","8856373","8856682","chr3","91380778","91381080","42","82524405"
"chr5","9144214","9144479","chr4","38576375","38576637","45","29432161"
"chr5","10096046","10096345","chr5","61547824","61548123","44","51451778"
"chr5","10337319","10337613","chr7","96399857","96400153","32","86062538"
"chr5","11834370","11834650","chr8","116124777","116125050","45","104290407"
"chr5","11967184","11967473","chr2","74299182","74299466","35","62331998"
"chr5","11971736","11972032","chr7","57253100","57253394","29","45281364"
"chr5","12324018","12324332","chr10","27591067","27591382","41","15267049"
"chr5","12690161","12690405","chr6","48014438","48014689","43","35324277"
"chr5","15858037","15858334","chr7","65567440","65567740","36","49709403"
"chr5","16783244","16783535","chrX","91893240","91893532","39","75109996"
"chr5","17476811","17477118","chr22","2947262","2947571","40","14529549"
"chr5","17925271","17925541","chr5","95021721","95021994","35","77096450"
"chr5","18262226","18262513","chr1","172425904","172426191","43","154163678"
"chr5","21681198","21681435","chr2","171189100","171189334","40","149507902"
"chr5","21832412","21832701","chr8","12093002","12093294","34","9739410"
"chr5","26029613","26029922","chr5","99392496","99392802","40","73362883"
"chr5","28554568","28554860","chr8","12093002","12093294","34","16461566"
"chr5","29443746","29444027","chr3","5482658","5482935","39","23961088"
"chr5","30227156","30227464","chr1","204115119","204115427","38","173887963"
"chr5","30752251","30752417","chr12","24527118","24527284","28","6225133"
"chr5","32591253","32591561","chr6","147998845","147999149","42","115407592"
"chr5","32778399","32778526","chr19","45131492","45131617","11","12353093"
"chr5","33247607","33247873","chr12","98141292","98141554","44","64893685"
"chr5","33565062","33565363","chr19","17593966","17594265","38","15971096"
"chr5","33728892","33729197","chr1","172425904","172426191","45","138697012"
"chr5","35286063","35286357","chr9","24682658","24682955","32","10603405"
"chr5","35369338","35369489","chr8","78838483","78838645","20","43469145"
"chr5","35507771","35508084","chrX","134295967","134296271","47","98788196"
"chr5","35974621","35974914","chr22","11391436","11391725","34","24583185"
"chr5","35999078","35999354","chr15","46284843","46285119","34","10285765"
"chr5","36608375","36608616","chr9","7217934","7218172","32","29390441"
"chr5","36876749","36876863","chr1","157888426","157888541","14","121011677"
"chr5","37334830","37335091","chr19","10397327","10397599","45","26937503"
"chr5","38843045","38843240","chr7","57935254","57935452","20","19092209"
"chr5","39624759","39625048","chrX","100046829","100047117","42","60422070"
"chr5","39772074","39772378","chr8","14535846","14536144","34","25236228"
"chr5","40046694","40046975","chr10","94678449","94678727","37","54631755"
"chr5","40488299","40488588","chr4","116411940","116412233","39","75923641"
"chr5","41128447","41128740","chr11","122795416","122795705","29","81666969"
"chr5","43557433","43557710","chr9","78179806","78180086","40","34622373"
"chr5","43633117","43633128","chr15","22240493","22240510","7","21392624"
"chr5","43633606","43633820","chr9","100401220","100401436","25","56767614"
"chr5","44376220","44376492","chr7","96550572","96550844","32","52174352"
"chr5","46143502","46143637","chr2","88814889","88815018","25","42671387"
"chr5","46204476","46204766","chr7","65251345","65251639","41","19046869"
"chr5","48373472","48373741","chr1","69509954","69510223","37","21136482"
"chr5","48753909","48754099","chr10","88384068","88384256","25","39630159"
"chr5","50370973","50371110","chr13","6896584","6896723","15","43474389"
"chr5","50832996","50833245","chr5","18127881","18128136","36","32705115"
"chr5","51477200","51477500","chr18","21679699","21679999","34","29797501"
"chr5","52170104","52170384","chr21","45570024","45570317","41","6600080"
"chr5","53197460","53197750","chr4","35605915","35606205","33","17591545"
"chr5","53238904","53239097","chr22","37686955","37687152","37","15551949"
"chr5","53320013","53320304","chr1","200134163","200134458","30","146814150"
"chr5","53891672","53891969","chr13","96633245","96633541","38","42741573"
"chr5","54230890","54231182","chr7","91224327","91224616","29","36993437"
"chr5","54525432","54525723","chr6","140737277","140737569","30","86211845"
"chr5","54541270","54541566","chr11","60646513","60646809","36","6105243"
"chr5","54944534","54944829","chr8","50040207","50040498","32","4904327"
"chr5","57272443","57272751","chr4","20992749","20993054","42","36279694"
"chr5","57824616","57824914","chr1","103624517","103624813","32","45799901"
"chr5","58742674","58742972","chr22","27260488","27260782","36","31482186"
"chr5","58923966","58924257","chr8","12093002","12093294","33","46830964"
"chr5","59012005","59012284","chr8","112573853","112574140","36","53561848"
"chr5","59530383","59530667","chr5","95147973","95148259","40","35617590"
"chr5","60059621","60059905","chr2","192515019","192515311","39","132455398"
"chr5","60546890","60547163","chr5","65857630","65857905","38","5310740"
"chr5","61838036","61838331","chr7","133223143","133223441","37","71385107"
"chr5","62827812","62828110","chrX","103555473","103555771","40","40727661"
"chr5","62985071","62985360","chr12","71611937","71612220","42","8626866"
"chr5","64521893","64522186","chr11","58125598","58125889","38","6396295"
"chr5","64942819","64943110","chr5","107127087","107127388","47","42184268"
"chr5","65003925","65004216","chr9","12659083","12659373","31","52344842"
"chr5","72059242","72059529","chr7","91224327","91224616","34","19165085"
"chr5","72138163","72138458","chr7","57253100","57253394","30","14885063"
"chr5","72856558","72856856","chr1","103624517","103624813","34","30767959"
"chr5","75048565","75048862","chr3","148673086","148673376","48","73624521"
"chr5","75527935","75528242","chr1","201642161","201642465","42","126114226"
"chr5","76583639","76583933","chr21","45570024","45570317","31","31013615"
"chr5","76730455","76730756","chr6","90638145","90638447","37","13907690"
"chr5","76926136","76926448","chr7","42605432","42605731","42","34320704"
"chr5","78243360","78243644","chr2","81204230","81204514","38","2960870"
"chr5","78288275","78288486","chr5","589987","590194","34","77698288"
"chr5","78515440","78515745","chr6","148141048","148141353","36","69625608"
"chr5","79226160","79226455","chr8","12093002","12093294","29","67133158"
"chr5","80750259","80750562","chr4","20992749","20993054","38","59757510"
"chr5","81845244","81845514","chr2","15466598","15466868","38","66378646"
"chr5","82458615","82458746","chr12","15428340","15428470","21","67030275"
"chr5","83135152","83135458","chr5","80550319","80550624","37","2584833"
"chr5","83340805","83340900","chr9","42520622","42520717","16","40820183"
"chr5","84748256","84748551","chr17","34465104","34465399","40","50283152"
"chr5","86178014","86178307","chr6","120834635","120834926","47","34656621"
"chr5","86727927","86728223","chr7","125294360","125294660","32","38566433"
"chr5","87278753","87279043","chr10","112664235","112664525","38","25385482"
"chr5","89138855","89139122","chr4","33636460","33636731","42","55502395"
"chr5","89455164","89455400","chr4","32293780","32294014","34","57161384"
"chr5","90022159","90022424","chrX","64181525","64181795","43","25840634"
"chr5","91984626","91984799","chr16","81565317","81565476","35","10419309"
"chr5","92731746","92732035","chr11","96684789","96685076","32","3953043"
"chr5","92890989","92891295","chrUn_GL286409","956550","956854","43","91934439"
"chr5","93222327","93222635","chr1","6494943","6495251","46","86727384"
"chr5","93889191","93889489","chr4","68323080","68323376","38","25566111"
"chr5","94341395","94341684","chr13","58430477","58430767","30","35910918"
"chr5","95318134","95318363","chr11","4760882","4761111","28","90557252"
"chr5","95452781","95452949","chr5","36871848","36872024","35","58580933"
"chr5","96772250","96772446","chr7","2085805","2085998","20","94686445"
"chr5","96932633","96932928","chr11","58125598","58125889","33","38807035"
"chr5","96948066","96948214","chr5","88275162","88275311","16","8672904"
"chr5","97693635","97693926","chr8","12093002","12093294","36","85600633"
"chr5","98607050","98607355","chr5","44996102","44996409","44","53610948"
"chr5","99782353","99782646","chr1","82501365","82501661","47","17280988"
"chr5","104891649","104891946","chr1","16806931","16807228","35","88084718"
"chr5","106331020","106331327","chr6","148141048","148141353","37","41810028"
"chr5","106609057","106609360","chr4","20992749","20993054","39","85616308"
"chr5","109636852","109637155","chr7","91224327","91224616","45","18412525"
"chr5","110848070","110848357","chr22","45661250","45661541","30","65186820"
"chr5","111532810","111533089","chr7","128356844","128357136","49","16824034"
"chr5","111615406","111615695","chr10","59775721","59776009","44","51839685"
"chr5","112345552","112345845","chr7","57253100","57253394","32","55092452"
"chr5","112665902","112666199","chr15","14106793","14107091","33","98559109"
"chr5","113786866","113787158","chr5","72747617","72747908","35","41039249"
"chr5","113994619","113994896","chr7","11329134","11329411","39","102665485"
"chr5","114029061","114029346","chr1","151347321","151347612","41","37318260"
"chr5","114525301","114525608","chr3","91380778","91381080","40","23144523"
"chr5","115445018","115445323","chr2","11821385","11821693","40","103623633"
"chr5","116454031","116454326","chr5","138070072","138070382","44","21616041"
"chr5","118011384","118011658","chr15","46284843","46285119","44","71726541"
"chr5","118992930","118993227","chr12","109870780","109871081","38","9122150"
"chr5","119628766","119629054","chr2","81204230","81204514","41","38424536"
"chr5","119861608","119861897","chr14","45965504","45965791","36","73896104"
"chr5","120294038","120294289","chr7","62329752","62330007","41","57964286"
"chr5","121703987","121704089","chr12","22326246","22326347","16","99377741"
"chr5","122211186","122211316","chr5","61377511","61377641","15","60833675"
"chr5","123990584","123990883","chr10","100371881","100372181","40","23618703"
"chr5","125726220","125726527","chrX","25697786","25698092","39","100028434"
"chr5","127806207","127806501","chr3","3968258","3968544","33","123837949"
"chr5","127893218","127893347","chr1","200981395","200981522","10","73088177"
"chr5","127926276","127926538","chr10","46371811","46372082","35","81554465"
"chr5","131928016","131928324","chr16","18950394","18950702","35","112977622"
"chr5","133396643","133396951","chr1","204115119","204115427","45","70718476"
"chr5","133938108","133938410","chr21","45570024","45570317","37","88368084"
"chr5","134595012","134595311","chr21","45570024","45570317","43","89024988"
"chr5","134611842","134612119","chr3","181985366","181985644","32","47373524"
"chr5","135293681","135293988","chr5","74663607","74663907","43","60630074"
"chr5","135844041","135844343","chr16","94396369","94396664","33","41447672"
"chr5","136222289","136222562","chr7","96550572","96550844","33","39671717"
"chr5","136312870","136313064","chr10","88384068","88384256","34","47928802"
"chr5","136477290","136477571","chr22","21758157","21758452","42","114719133"
"chr5","139733855","139734163","chrUn_GL286409","956550","956854","33","138777305"
"chr5","140085427","140085714","chr8","50040207","50040498","35","90045220"
"chr5","140242755","140243046","chr8","12093002","12093294","33","128149753"
"chr5","140934630","140934927","chr1","107636445","107636738","38","33298185"
"chr5","141190506","141190805","chr1","177431245","177431545","31","36240739"
"chr5","141798241","141798542","chr22","45288438","45288740","34","96509803"
"chr5","141884112","141884336","chr21","46870518","46870738","51","95013594"
"chr5","142063977","142064282","chr5","61547824","61548123","46","80516153"
"chr5","143013879","143014005","chr4","158068367","158068491","9","15054488"
"chr5","143509320","143509612","chr22","45661250","45661541","27","97848070"
"chr5","143712287","143712590","chr21","38204517","38204815","38","105507770"
"chr5","144502509","144502793","chr5","84189772","84190047","38","60312737"
"chr5","144548516","144548814","chr5","95168607","95168900","40","49379909"
"chr5","147639496","147639800","chr5","80550319","80550624","35","67089177"
"chr5","148479056","148479353","chr5","28930665","28930964","37","119548391"
"chr5","148637508","148637811","chrX","38423594","38423900","41","110213914"
"chr5","148892368","148892667","chrX","40253236","40253537","32","108639132"
"chr5","149358381","149358690","chr4","20992749","20993054","39","128365632"
"chr5","149458297","149458610","chr12","43957741","43958052","40","105500556"
"chr5","149827026","149827316","chr12","18653297","18653584","33","131173729"
"chr5","152486903","152487194","chr22","45661250","45661541","41","106825653"
"chr5","153000239","153000537","chr3","105939299","105939599","36","47060940"
"chr5","153143511","153143644","chr7","57185460","57185589","18","95958051"
"chr5","153161116","153161412","chr6","140737277","140737569","35","12423839"
"chr5","155656011","155656172","chr12","108872785","108872936","30","46783226"
"chr5","156144849","156145147","chr5","126813666","126813958","42","29331183"
"chr5","157230998","157231288","chr22","11391436","11391725","36","145839562"
"chr5","159157708","159158022","chr11","42899035","42899341","37","116258673"
"chr5","159636659","159636882","chr9","95228287","95228509","40","64408372"
"chr5","159705700","159705867","chr14","21357402","21357565","37","138348298"
"chr5","159787628","159787697","chr1","200957264","200957340","17","41169636"
"chr5","160920938","160921249","chr8","50040207","50040498","47","110880731"
"chr5","162246048","162246339","chr18","21679699","21679999","43","140566349"
"chr5","164427432","164427694","chr14","97806011","97806276","37","66621421"
"chr5","165400262","165400489","chr11","4760882","4761111","25","160639380"
"chr5","165573659","165573844","chr1","139353680","139353864","29","26219979"
"chr5","165592457","165592754","chr7","96399857","96400153","29","69192600"
"chr5","165673345","165673617","chr4","51294963","51295236","41","114378382"
"chr5","166605772","166606072","chr12","109870780","109871081","33","56734992"
"chr5","166846270","166846566","chr9","11168659","11168956","35","155677611"
"chr5","167071141","167071435","chr4","158710725","158711018","37","8360416"
"chr5","167369413","167369720","chr8","97572704","97573002","47","69796709"
"chr5","167833387","167833520","chr4","979239","979368","16","166854148"
"chr5","167910737","167911023","chr10","77292904","77293182","46","90617833"
"chr5","168093548","168093850","chr14","81589072","81589370","34","86504476"
"chr5","168637578","168637880","chr1","16806931","16807228","33","151830647"
"chr5","168747569","168747879","chr1","204115119","204115427","43","35367550"
"chr5","168833955","168834116","chr2","178264803","178264959","30","9430848"
"chr5","168835201","168835311","chr22","8960520","8960630","10","159874681"
"chr5","168877801","168878082","chr1","206589441","206589720","31","37711640"
"chr5","168930899","168931166","chr12","50895587","50895850","41","118035312"
"chr5","169032062","169032376","chrX","40541483","40541780","46","128490579"
"chr5","170362321","170362613","chr22","11391436","11391725","32","158970885"
"chr5","171238606","171238908","chr4","109675988","109676291","40","61562618"
"chr5","171249931","171250241","chr1","204115119","204115427","41","32865188"
"chr5","171405702","171405972","chrX","106864765","106865039","41","64540937"
"chr5","172117633","172117915","chr17","28057958","28058243","33","144059675"
"chr5","172813530","172813821","chr6","140737277","140737569","31","32076253"
"chr5","174451985","174452287","chr2","58983959","58984258","44","115468026"
"chr5","175028966","175029259","chr5","9247230","9247519","33","165781736"
"chr5","175349986","175350129","chr9","8964149","8964295","19","166385837"
"chr5","176846913","176847194","chr5","31551667","31551946","35","145295246"
"chr5","178800675","178800979","chr4","81318055","81318357","43","97482620"
"chr5","179311009","179311156","chr5","97147955","97148094","23","82163054"
"chr5","179565278","179565581","chr1","103624517","103624813","48","75940761"
"chr5","179708298","179708479","chr2","144946211","144946388","28","34762087"
"chr5","180504629","180504926","chr7","152524075","152524369","35","27980554"
"chr5","180935478","180935787","chr1","200796238","200796542","37","19860760"
"chr5","181092486","181092782","chr1","103624517","103624813","34","77467969"
"chr5","181896704","181896838","chr5","31525953","31526086","27","150370751"
"chr5","183031538","183031832","chr22","45661250","45661541","27","137370288"
"chr5","183425643","183425854","chr9","100401220","100401436","35","83024423"
"chr6","149219","149515","chr15","8323132","8323425","34","8173913"
"chr6","318525","318810","chr22","11391436","11391725","35","11072911"
"chr6","629814","630097","chr15","7727803","7728092","39","7097989"
"chr6","1931598","1931863","chr16","50136006","50136279","37","48204408"
"chr6","2614153","2614464","chr4","20992749","20993054","37","18378596"
"chr6","2975295","2975595","chr5","47671332","47671629","34","44696037"
"chr6","3307252","3307557","chr4","20992749","20993054","36","17685497"
"chr6","4014288","4014593","chr22","1373310","1373613","38","2640978"
"chr6","4047642","4047932","chr22","11391436","11391725","35","7343794"
"chr6","4077771","4078046","chr4","155093964","155094243","35","151016193"
"chr6","5003677","5003970","chr22","40844972","40845264","31","35841295"
"chr6","7265948","7266249","chr1","47093592","47093894","33","39827644"
"chr6","7565212","7565506","chr21","45570024","45570317","32","38004812"
"chr6","8322535","8322825","chr11","122795416","122795705","35","114472881"
"chr6","9107191","9107439","chr11","67517218","67517464","44","58410027"
"chr6","10113476","10113602","chr9","113587060","113587190","15","103473584"
"chr6","10778709","10778983","chr9","53695188","53695469","35","42916479"
"chr6","11581917","11582224","chr16","24345101","24345411","40","12763184"
"chr6","11753379","11753534","chr2","162506171","162506321","25","150752792"
"chr6","12255009","12255295","chr2","38359421","38359705","36","26104412"
"chr6","12539872","12539987","chr1","68536810","68536924","12","55996938"
"chr6","12718765","12719056","chr1","86662649","86662940","35","73943884"
"chr6","12846430","12846724","chr5","95168607","95168900","38","82322177"
"chr6","13070141","13070433","chr2","49225590","49225883","35","36155449"
"chr6","14034315","14034593","chr7","91224327","91224616","42","77190012"
"chr6","14209125","14209431","chr6","148141048","148141353","39","133931923"
"chr6","15291504","15291571","chr7","144885850","144885910","21","129594346"
"chr6","15304004","15304310","chr2","7996189","7996489","36","7307815"
"chr6","15761247","15761553","chr3","149787849","149788153","38","134026602"
"chr6","16615349","16615640","chr12","9478502","9478794","31","7136847"
"chr6","16818917","16819210","chr8","50040207","50040498","28","33221290"
"chr6","16883915","16884215","chr1","201642161","201642465","44","184758246"
"chr6","17394325","17394511","chr11","119054621","119054813","31","101660296"
"chr6","18713784","18714087","chr18","21679699","21679999","36","2965915"
"chr6","19456626","19456915","chr1","172425904","172426191","33","152969278"
"chr6","20660791","20661093","chr14","19133771","19134075","36","1527020"
"chr6","20809150","20809432","chr22","11391436","11391725","41","9417714"
"chr6","21119026","21119307","chr16","64101827","64102108","33","42982801"
"chr6","21418408","21418710","chr3","95664515","95664810","44","74246107"
"chr6","22083965","22084273","chr1","205401586","205401883","45","183317621"
"chr6","22124939","22125137","chr15","24170191","24170394","21","2045252"
"chr6","22179730","22180022","chr17","11265158","11265460","35","10914572"
"chr6","24636669","24636964","chr22","45661250","45661541","44","21024581"
"chr6","24726732","24726988","chr4","153956955","153957212","36","129230223"
"chr6","25511736","25512027","chr20","3627964","3628257","31","21883772"
"chr6","25637827","25638117","chr22","11391436","11391725","30","14246391"
"chr6","25726276","25726576","chr3","29720711","29721016","36","3994435"
"chr6","27730933","27731243","chr8","51530700","51531010","38","23799767"
"chr6","28014440","28014731","chr15","8323132","8323425","45","19691308"
"chr6","28292220","28292498","chr3","67517858","67518129","45","39225638"
"chr6","28770341","28770652","chr1","41132050","41132358","35","12361709"
"chr6","28781987","28782275","chrX","39093973","39094264","33","10311986"
"chr6","30576008","30576314","chr11","5205231","5205529","41","25370777"
"chr6","30957531","30957834","chr1","47283223","47283534","45","16325692"
"chr6","31209730","31209860","chr9","18979291","18979419","13","12230439"
"chr6","31359477","31359715","chr5","130896010","130896247","34","99536533"
"chr6","31370043","31370346","chr2","7996189","7996489","43","23373854"
"chr6","31717909","31718216","chr4","20992749","20993054","32","10725160"
"chr6","31851071","31851367","chr1","118264522","118264817","30","86413451"
"chr6","31969102","31969250","chr11","49053381","49053528","16","17084279"
"chr6","32259392","32259695","chr13","43847410","43847714","35","11588018"
"chr6","32387746","32388045","chr6","140737277","140737569","48","108349531"
"chr6","32658398","32658606","chrX","89833199","89833399","44","57174801"
"chr6","35369030","35369319","chr22","11391436","11391725","25","23977594"
"chr6","35386974","35387269","chr16","94396369","94396664","34","59009395"
"chr6","36980613","36980914","chr12","109870780","109871081","36","72890167"
"chr6","37010003","37010272","chr7","13381230","13381499","33","23628773"
"chr6","37400770","37401064","chr5","84120349","84120641","34","46719579"
"chr6","37750669","37750978","chrUn_GL286650","3480","3784","45","37747189"
"chr6","37891328","37891587","chr11","5978213","5978466","33","31913115"
"chr6","38412888","38413191","chr4","98039622","98039929","35","59626734"
"chr6","38550740","38551044","chr14","69177247","69177553","33","30626507"
"chr6","38672662","38672949","chr22","45661250","45661541","30","6988588"
"chr6","38691287","38691588","chr4","2625791","2626089","32","36065496"
"chr6","38919801","38920109","chr8","51530700","51531010","36","12610899"
"chr6","39063012","39063293","chr22","45661250","45661541","36","6598238"
"chr6","39710407","39710715","chr8","50040207","50040498","43","10329800"
"chr6","40206414","40206712","chr1","177431245","177431545","34","137224831"
"chr6","42316035","42316327","chr8","12093002","12093294","32","30223033"
"chr6","42783238","42783541","chr8","88063194","88063481","51","45279956"
"chr6","42919197","42919481","chr7","150475950","150476238","32","107556753"
"chr6","43709796","43710092","chr5","51583058","51583368","40","7873262"
"chr6","43771307","43771420","chr10","98763004","98763117","11","54991697"
"chr6","43805497","43805674","chr5","42937272","42937448","20","868225"
"chr6","43913365","43913426","chr1","73561821","73561882","12","29648456"
"chr6","46204309","46204421","chr5","93972141","93972259","18","47767832"
"chr6","46769643","46769923","chrX","96463263","96463542","35","49693620"
"chr6","46786815","46787113","chr17","37970538","37970833","42","8816277"
"chr6","47572208","47572517","chr21","45570024","45570317","33","2002184"
"chr6","49442869","49443117","chr7","11178461","11178707","42","38264408"
"chr6","49710271","49710583","chr6","28747285","28747594","51","20962986"
"chr6","50289247","50289540","chr1","177431245","177431545","44","127141998"
"chr6","51146465","51146749","chr1","103093273","103093561","41","51946808"
"chr6","51765693","51765989","chr6","140737277","140737569","34","88971584"
"chr6","52875954","52876243","chr15","67223318","67223601","33","14347364"
"chr6","55057614","55057904","chr1","172425904","172426191","35","117368290"
"chr6","55921949","55922076","chr6","144165252","144165375","28","88243303"
"chr6","57957750","57957978","chr3","14316969","14317209","50","43640781"
"chr6","58265783","58266056","chr3","5482658","5482935","36","52783125"
"chr6","64639962","64640276","chr18","33825390","33825701","42","30814572"
"chr6","64757611","64757913","chr19","42715850","42716152","41","22041761"
"chr6","65993779","65994074","chr10","35235075","35235363","38","30758704"
"chr6","66630130","66630373","chr7","47494385","47494622","32","19135745"
"chr6","66630374","66630519","chr20","257409","257554","15","66372965"
"chr6","66659457","66659729","chr2","98548901","98549180","42","31889444"
"chr6","67335591","67335888","chr17","28257525","28257827","44","39078066"
"chr6","68489763","68490056","chr8","50040207","50040498","39","18449556"
"chr6","68829096","68829403","chr6","28747285","28747594","41","40081811"
"chr6","69825783","69826090","chr2","7996189","7996489","47","61829594"
"chr6","70675797","70676086","chr1","73633324","73633619","40","2957527"
"chr6","71670237","71670532","chr4","78005463","78005758","28","6335226"
"chr6","71723923","71724183","chr13","10030578","10030844","39","61693345"
"chr6","74348577","74348674","chr6","148110182","148110282","13","73761605"
"chr6","74570123","74570245","chr2","21277767","21277891","13","53292356"
"chr6","76676416","76676704","chr22","11391436","11391725","31","65284980"
"chr6","76870777","76871073","chr7","60406984","60407276","31","16463793"
"chr6","79307932","79308042","chr10","128167117","128167219","19","48859185"
"chr6","79971818","79972032","chr13","78984435","78984651","31","987383"
"chr6","82436065","82436346","chr3","149757180","149757467","36","67321115"
"chr6","82483924","82484212","chrX","87956493","87956785","39","5472569"
"chr6","82535735","82536005","chr7","65569695","65569950","39","16966040"
"chr6","83673256","83673547","chr8","50040207","50040498","36","33633049"
"chr6","83860818","83861120","chr4","81318055","81318357","43","2542763"
"chr6","84259580","84259877","chr3","149579433","149579725","33","65319853"
"chr6","84356712","84356991","chr15","67223318","67223601","40","17133394"
"chr6","84392013","84392309","chr7","42605432","42605731","39","41786581"
"chr6","86302139","86302414","chr8","12093002","12093294","45","74209137"
"chr6","86457622","86457911","chr8","12093002","12093294","38","74364620"
"chr6","88591394","88591697","chr17","38412967","38413271","35","50178427"
"chr6","89074818","89075106","chr3","3968258","3968544","34","85106560"
"chr6","90227571","90227873","chr22","11391436","11391725","47","78836135"
"chr6","93466601","93466876","chr9","12636537","12636814","36","80830064"
"chr6","93561002","93561307","chr6","114888137","114888430","42","21327135"
"chr6","97917752","97917931","chr7","144595517","144595674","57","46677765"
"chr6","98222277","98222559","chr3","123340235","123340517","35","25117958"
"chr6","98579220","98579510","chr11","118378495","118378786","38","19799275"
"chr6","99003669","99003958","chr8","50040207","50040498","32","48963462"
"chr6","99622927","99623101","chr8","116672924","116673099","27","17049997"
"chr6","100610554","100610843","chr15","25784295","25784587","38","74826259"
"chr6","100979840","100980144","chr18","8051034","8051341","37","92928806"
"chr6","101909426","101909732","chr1","204115119","204115427","41","102205693"
"chr6","105080135","105080424","chr14","71279680","71279969","37","33800455"
"chr6","107075526","107075822","chr5","84120349","84120641","32","22955177"
"chr6","107105410","107105702","chr20","21897635","21897923","32","85207775"
"chr6","108036506","108036799","chr7","91224327","91224616","36","16812179"
"chr6","108301781","108302083","chr1","41132050","41132358","39","67169731"
"chr6","108796905","108797197","chr18","9982405","9982695","31","98814500"
"chr6","109080184","109080316","chr5","83590492","83590624","17","25489692"
"chr6","109133255","109133558","chr2","7996189","7996489","41","101137066"
"chr6","109443167","109443476","chr3","7102615","7102921","42","102340552"
"chr6","111286704","111286999","chr22","45661250","45661541","36","65625454"
"chr6","111708906","111709202","chr7","57253100","57253394","37","54455806"
"chr6","112585600","112585883","chr9","42806442","42806731","37","69779158"
"chr6","112832003","112832109","chr1","103410204","103410304","17","9421799"
"chr6","112900669","112900983","chr4","98039622","98039929","43","14861047"
"chr6","113251189","113251473","chr17","34465104","34465399","33","78786085"
"chr6","115237387","115237684","chr1","79833396","79833693","41","35403991"
"chr6","115903121","115903401","chr16","74967499","74967777","33","40935622"
"chr6","117486934","117487228","chr15","14103461","14103741","48","103383473"
"chr6","118423541","118423833","chr22","45661250","45661541","27","72762291"
"chr6","120007424","120007719","chr4","68323080","68323376","39","51684344"
"chr6","121988410","121988717","chr14","19133771","19134075","32","102854639"
"chr6","124616965","124617259","chr11","58125598","58125889","39","66491367"
"chr6","127745506","127745790","chr10","35235075","35235363","40","92510431"
"chr6","131465586","131465885","chr10","3950593","3950894","38","127514993"
"chr6","132386457","132386764","chrX","65191738","65192045","48","67194719"
"chr6","132860140","132860404","chr13","79763606","79763870","38","53096534"
"chr6","133497864","133498156","chr22","45661250","45661541","34","87836614"
"chr6","133929307","133929515","chr22","9799231","9799442","26","124130076"
"chr6","133963232","133963525","chr15","25784295","25784587","38","108178937"
"chr6","134064868","134065166","chr5","28930665","28930964","38","105134203"
"chr6","134536677","134536977","chr1","103624517","103624813","38","30912160"
"chr6","135093712","135093989","chr15","46284843","46285119","34","88808869"
"chr6","135509486","135509767","chr5","108150313","108150608","46","27359173"
"chr6","137354866","137354928","chr5","1425529","1425584","23","135929337"
"chr6","138180782","138181077","chr1","201642161","201642465","45","63461379"
"chr6","140201435","140201728","chr21","45570024","45570317","32","94631411"
"chr6","141122246","141122533","chr5","83061078","83061376","51","58061168"
"chr6","141126055","141126362","chr19","45030493","45030801","33","96095562"
"chr6","141170265","141170575","chrUn_GL286409","956550","956854","41","140213715"
"chr6","141298938","141299243","chr2","7996189","7996489","39","133302749"
"chr6","141506293","141506596","chr17","57946486","57946793","34","83559807"
"chr6","145680554","145680847","chr2","21531423","21531712","36","124149131"
"chr6","146957266","146957546","chr1","106756576","106756856","39","40200690"
"chr6","147286966","147287244","chr15","46284843","46285119","31","101002123"
"chr6","149232645","149232928","chr9","88211805","88212089","35","61020840"
"chr6","149315688","149315873","chr6","121260807","121260995","40","28054881"
"chr6","150634286","150634573","chr14","13287307","13287594","39","137346979"
"chr6","151989788","151989918","chr7","102044349","102044479","8","49945439"
"chr6","152163250","152163554","chr14","68058990","68059291","35","84104260"
"chr6","152281832","152282130","chr7","133223143","133223441","36","19058689"
"chr6","152779990","152780280","chr3","118107886","118108174","28","34672104"
"chr6","153376681","153376977","chr4","20992749","20993054","39","132383932"
"chr6","153470061","153470347","chr22","11391436","11391725","33","142078625"
"chr6","153683020","153683310","chr11","122795416","122795705","26","30887604"
"chr6","153912761","153913056","chr6","140737277","140737569","34","13175484"
"chr6","154020042","154020349","chr4","98039622","98039929","34","55980420"
"chr6","154426929","154427058","chr5","31525953","31526086","21","122900976"
"chr6","154666061","154666290","chr3","139547122","139547343","33","15118939"
"chr6","156257164","156257462","chr7","133223143","133223441","38","23034021"
"chr6","156345532","156345833","chr5","47230912","47231209","35","109114620"
"chr6","158226803","158227100","chr5","140645534","140645835","33","17581269"
"chr6","158256141","158256429","chr10","28345647","28345927","34","129910494"
"chr6","158328288","158328592","chr12","81308095","81308399","35","77020193"
"chr6","160754191","160754489","chr22","45661250","45661541","37","115092941"
"chr6","160816460","160816743","chr1","28909895","28910179","37","131906565"
"chr6","160999405","160999704","chr12","46899900","46900209","53","114099505"
"chr6","161343636","161343795","chr12","19002701","19002860","14","142340935"
"chr6","161460544","161460839","chr1","171383107","171383403","45","9922563"
"chr6","161480013","161480202","chr3","150425732","150425915","27","11054281"
"chr6","161709963","161710210","chr18","37803487","37803739","41","123906476"
"chr6","161794778","161794925","chr1","171338366","171338514","17","9543588"
"chr6","162474185","162474490","chr4","39448901","39449199","41","123025284"
"chr6","162525883","162526054","chr22","21759856","21760028","15","140766027"
"chr6","162706420","162706730","chr1","162141653","162141959","40","564767"
"chr6","164413591","164413910","chr18","21679699","21679999","57","142733892"
"chr6","165862849","165863168","chr8","115530637","115530950","47","50332212"
"chr6","166315787","166316089","chr1","74581309","74581608","39","91734478"
"chr6","166498968","166499077","chr9","42039016","42039116","24","124459952"
"chr6","167605748","167606053","chr10","9598165","9598470","43","158007583"
"chr6","169570052","169570340","chr22","11391436","11391725","30","158178616"
"chr6","169886743","169887039","chr7","57253100","57253394","28","112633643"
"chr6","169964116","169964404","chr1","172425904","172426191","35","2461788"
"chr6","170809856","170810154","chr1","14113108","14113407","36","156696748"
"chr6","171581696","171581964","chr15","46284843","46285119","38","125296853"
"chr6","171912247","171912364","chr18","13986460","13986574","25","157925787"
"chr7","2270008","2270309","chr1","74581309","74581608","37","72311301"
"chr7","2756548","2756829","chr3","39002852","39003134","37","36246304"
