"chr1","128974712","128975006","chr1","149975747","149976039","11","21001035"
"chr1","39190419","39190719","chr1","38570995","38571293","8","619424"
"chr1","95289295","95289596","chr1","93895954","93896260","9","1393341"
"chr1","113901553","113901837","chr1","145991148","145991433","5","32089595"
"chr1","162660313","162660616","chr7","105627842","105628142","28","57032471"
"chr1","189660994","189661288","chr5","123459786","123460081","27","66201208"
"chr1","221642499","221642809","chr1","241108013","241108322","30","19465514"
"chr1","887203","887495","chr1","988306","988614","26","101103"
"chr1","933463","933702","chr11","114406750","114406984","30","113473287"
"chr1","972607","972899","chr1","1060087","1060375","9","87480"
"chr1","1132299","1132594","chr6","85064321","85064617","32","83932022"
"chr1","1209279","1209559","chr1","1251750","1252032","8","42471"
"chr1","1223208","1223488","chr1","1265652","1265930","3","42444"
"chr1","1325950","1326249","chr1","1370275","1370571","14","44325"
"chr1","1446742","1447032","chr1","1488479","1488768","6","41737"
"chr1","1482473","1482765","chr1","1561085","1561381","6","78612"
"chr1","1534815","1535116","chr1","1611568","1611872","13","76753"
"chr1","1538087","1538396","chr1","1614735","1615044","5","76648"
"chr1","1561581","1561882","chr1","1706073","1706372","11","144492"
"chr1","1575045","1575335","chr1","1653027","1653321","12","77982"
"chr1","1579761","1580013","chr14","91499584","91499841","50","89919823"
"chr1","1585233","1585521","chr1","1663480","1663768","7","78247"
"chr1","1614557","1614859","chr1","1693694","1693995","10","79137"
"chr1","1628876","1629146","chr3","136086202","136086472","34","134457326"
"chr1","1637681","1637972","chr1","1776502","1776796","14","138821"
"chr1","1728721","1729019","chr6","35254888","35255188","44","33526167"
"chr1","1744423","1744711","chr9","38114184","38114470","54","36369761"
"chr1","1759996","1760289","chr1","1896397","1896690","2","136401"
"chr1","1812557","1812855","chr1","1947874","1948170","5","135317"
"chr1","1871612","1871905","chr1","2008546","2008840","7","136934"
"chr1","1917905","1918186","chr1","2053116","2053398","8","135211"
"chr1","2520529","2520796","chr1","2649545","2649812","3","129016"
"chr1","2842425","2842716","chr6","17430541","17430836","36","14588116"
"chr1","3243874","3244169","chr1","3448472","3448774","13","204598"
"chr1","3281651","3281944","chr1","225439248","225439538","57","222157597"
"chr1","3530581","3530879","chr1","3737578","3737875","6","206997"
"chr1","3636774","3637062","chr1","3843769","3844059","6","206995"
"chr1","3659125","3659431","chr3","32913428","32913711","52","29254303"
"chr1","3780388","3780681","chr5","163956361","163956655","36","160175973"
"chr1","3919650","3919956","chr1","4125469","4125775","3","205819"
"chr1","4022192","4022480","chr1","4227045","4227335","3","204853"
"chr1","4242490","4242785","chr1","4444890","4445191","11","202400"
"chr1","4255401","4255702","chr3","113452698","113452998","35","109197297"
"chr1","4684082","4684377","chr1","4885290","4885586","8","201208"
"chr1","4708054","4708353","chr1","4909154","4909456","8","201100"
"chr1","4871695","4871994","chr1","5073531","5073830","7","201836"
"chr1","4919497","4919769","chr17","16366796","16367074","49","11447299"
"chr1","4978306","4978610","chr12","50245952","50246254","35","45267646"
"chr1","4984799","4985100","chr21","46164512","46164814","29","41179713"
"chr1","5027101","5027373","chr1","5227672","5227944","8","200571"
"chr1","5063077","5063382","chr1","5262671","5262954","25","199594"
"chr1","5065410","5065664","chr1","5265003","5265259","9","199593"
"chr1","5106403","5106682","chr1","5306447","5306726","6","200044"
"chr1","5108703","5109004","chr12","19985393","19985691","32","14876690"
"chr1","5147808","5148069","chr1","5348486","5348759","20","200678"
"chr1","5711990","5712290","chr1","5694746","5695051","5","17244"
"chr1","5735641","5735919","chr1","5718381","5718659","4","17260"
"chr1","6136342","6136639","chr1","6113968","6114266","6","22374"
"chr1","6231444","6231722","chr10","80292004","80292282","28","74060560"
"chr1","6253981","6254274","chr1","6232860","6233153","12","21121"
"chr1","6254955","6255294","chr1","6233834","6234173","5","21121"
"chr1","6261422","6261631","chr9","128841223","128841428","25","122579801"
"chr1","6278930","6279141","chr9","40782707","40782921","25","34503777"
"chr1","6298330","6298620","chr1","6275451","6275743","7","22879"
"chr1","6365670","6365979","chr1","6344484","6344793","7","21186"
"chr1","6448669","6448962","chr1","6432842","6433149","24","15827"
"chr1","6544045","6544341","chr1","6527654","6527953","8","16391"
"chr1","6545698","6546035","chr1","6529310","6529637","17","16388"
"chr1","6573610","6573909","chr1","6556730","6557031","8","16880"
"chr1","6587832","6588126","chr17","8358397","8358688","32","1770565"
"chr1","6588341","6588643","chr1","93887474","93887765","32","87299133"
"chr1","6624475","6624613","chr5","82021602","82021742","23","75397127"
"chr1","6628092","6628390","chr1","6612154","6612450","7","15938"
"chr1","6632065","6632303","chr15","30837047","30837287","23","24204982"
"chr1","6719475","6719777","chr13","47994288","47994589","24","41274813"
"chr1","6746479","6746685","chr1","6733394","6733599","5","13085"
"chr1","6798521","6798806","chr1","149892204","149892486","31","143093683"
"chr1","6799341","6799615","chr1","6781290","6781564","7","18051"
"chr1","6961395","6961691","chr1","6943567","6943876","16","17828"
"chr1","7299043","7299327","chr1","7284217","7284499","7","14826"
"chr1","7534442","7534736","chr1","7521547","7521842","4","12895"
"chr1","7717080","7717381","chr1","7706884","7707183","16","10196"
"chr1","7743048","7743352","chr1","7731292","7731600","8","11756"
"chr1","7852967","7853258","chr1","7842221","7842516","8","10746"
"chr1","7887662","7887951","chr1","7877593","7877886","12","10069"
"chr1","7904918","7905156","chr1","7894700","7894938","4","10218"
"chr1","7943760","7944069","chr1","7934429","7934736","15","9331"
"chr1","7977928","7978220","chr1","7969585","7969877","4","8343"
"chr1","7998626","7998928","chr1","7990873","7991180","9","7753"
"chr1","8009211","8009507","chr1","8001891","8002187","7","7320"
"chr1","8014323","8014630","chr1","8007006","8007302","16","7317"
"chr1","8163459","8163731","chr9","15411372","15411645","28","7247913"
"chr1","8178568","8178847","chr1","8175846","8176125","5","2722"
"chr1","8197766","8198103","chr1","8195768","8196078","36","1998"
"chr1","8208097","8208374","chr1","8206122","8206394","7","1975"
"chr1","8226483","8226766","chr7","73475653","73475942","41","65249170"
"chr1","8245032","8245336","chrX","120198153","120198453","37","111953121"
"chr1","8254616","8254904","chr1","8256801","8257090","2","2185"
"chr1","8281942","8282247","chrX","152863909","152864208","30","144581967"
"chr1","8332756","8333050","chr1","8336130","8336428","13","3374"
"chr1","8379598","8379907","chr11","74184990","74185297","26","65805392"
"chr1","8430800","8431079","chr20","53553644","53553917","32","45122844"
"chr1","8443274","8443661","chr1","8448477","8448886","34","5203"
"chr1","8449310","8449627","chr1","8454526","8454834","12","5216"
"chr1","8475171","8475439","chrX","8691076","8691337","36","215905"
"chr1","8532053","8532361","chr1","8539394","8539703","5","7341"
"chr1","8603176","8603486","chr1","8610309","8610619","5","7133"
"chr1","8693333","8693634","chr1","8700027","8700328","5","6694"
"chr1","8718369","8718652","chr1","8724565","8724848","6","6196"
"chr1","8719934","8720242","chr1","8726136","8726452","14","6202"
"chr1","8723005","8723301","chr1","8729218","8729522","13","6213"
"chr1","8751786","8752073","chr1","8758092","8758380","3","6306"
"chr1","8767058","8767344","chr1","8773545","8773831","1","6487"
"chr1","8772735","8772867","chr1","8779248","8779380","2","6513"
"chr1","8781844","8782149","chr1","8788363","8788662","10","6519"
"chr1","8788587","8788863","chr1","8795047","8795323","2","6460"
"chr1","8821027","8821343","chr1","8826566","8826881","13","5539"
"chr1","8849214","8849524","chr1","8855017","8855328","3","5803"
"chr1","8874981","8875253","chr9","15411372","15411645","33","6536391"
"chr1","8881506","8881810","chr1","8887404","8887711","10","5898"
"chr1","9054965","9055262","chr1","9064770","9065071","11","9805"
"chr1","9204028","9204334","chr1","9214804","9215111","8","10776"
"chr1","9207524","9207825","chr17","11935374","11935673","29","2727850"
"chr1","9277310","9277527","chr1","9284989","9285206","6","7679"
"chr1","9353544","9353842","chr1","9359422","9359721","5","5878"
"chr1","9402633","9402940","chr1","9408593","9408911","15","5960"
"chr1","9407208","9407498","chr1","9412231","9412522","5","5023"
"chr1","9457683","9457975","chr1","9463285","9463583","12","5602"
"chr1","9487573","9487732","chr4","25742438","25742595","21","16254865"
"chr1","9488731","9489023","chr12","96393966","96394259","34","86905235"
"chr1","9492587","9492866","chr1","9497785","9498072","15","5198"
"chr1","9507543","9507837","chr1","9514624","9514920","7","7081"
"chr1","9514784","9514960","chr17","48105676","48105855","22","38590892"
"chr1","9524314","9524468","chr15","66352631","66352780","26","56828317"
"chr1","9567145","9567448","chr1","9575336","9575640","4","8191"
"chr1","9611752","9612042","chr1","9620320","9620617","14","8568"
"chr1","9615434","9615732","chr15","72158454","72158749","30","62543020"
"chr1","9645522","9645809","chr1","9650142","9650447","21","4620"
"chr1","9687912","9688225","chr5","66883423","66883725","31","57195511"
"chr1","9691021","9691332","chr1","9695562","9695872","3","4541"
"chr1","9721300","9721618","chr1","9725597","9725904","17","4297"
"chr1","9740693","9740992","chr1","9744752","9745051","3","4059"
"chr1","9803066","9803363","chr1","9804843","9805141","7","1777"
"chr1","9807692","9807969","chr21","36570854","36571139","45","26763162"
"chr1","9828342","9828638","chr1","9829798","9830104","16","1456"
"chr1","9906230","9906508","chr1","9908078","9908356","3","1848"
"chr1","9943036","9943335","chr11","67393000","67393297","22","57449964"
"chr1","9954425","9954677","chr1","9957339","9957590","5","2914"
"chr1","9955683","9955991","chr1","9958428","9958737","10","2745"
"chr1","9957698","9957955","chr12","20108057","20108317","38","10150359"
"chr1","9961648","9961944","chr1","9963409","9963706","8","1761"
"chr1","9984684","9984953","chr1","116685454","116685733","47","106700770"
"chr1","10014243","10014542","chr1","10015160","10015465","10","917"
"chr1","10021757","10022048","chr1","10022360","10022651","5","603"
"chr1","10026950","10027159","chr5","139622923","139623132","32","129595973"
"chr1","10038554","10038819","chr1","10038815","10039080","4","261"
"chr1","10039858","10040145","chr4","188039728","188040012","46","177999870"
"chr1","10042078","10042382","chr1","10042367","10042671","6","289"
"chr1","10070550","10070833","chr1","10070921","10071204","2","371"
"chr1","10086428","10086699","chr1","10086698","10086971","4","270"
"chr1","10125049","10125330","chr1","10126019","10126301","4","970"
"chr1","10133911","10134068","chr5","179529115","179529270","21","169395204"
"chr1","10186313","10186585","chr1","10197434","10197702","5","11121"
"chr1","10210439","10210744","chr1","10222972","10223254","26","12533"
"chr1","10229801","10230087","chr1","10242528","10242814","5","12727"
"chr1","10233634","10233931","chr1","10246464","10246762","2","12830"
"chr1","10300283","10300553","chr9","135452165","135452447","42","125151882"
"chr1","10305034","10305362","chr18","12584792","12585103","61","2279758"
"chr1","10316039","10316334","chr1","10329453","10329747","3","13414"
"chr1","10320138","10320427","chr9","76477246","76477537","30","66157108"
"chr1","10322416","10322707","chr1","10336155","10336446","3","13739"
"chr1","10363831","10364128","chr1","10377657","10377950","6","13826"
"chr1","10400756","10401047","chr1","10414811","10415105","12","14055"
"chr1","10536319","10536608","chr1","10552162","10552451","5","15843"
"chr1","10544425","10544720","chr1","10560719","10561016","18","16294"
"chr1","10561047","10561307","chr6","15959500","15959764","37","5398453"
"chr1","10604767","10605062","chr1","10621340","10621644","10","16573"
"chr1","10713146","10713436","chr1","10730826","10731115","2","17680"
"chr1","10832833","10833084","chr20","57862849","57863100","48","47030016"
"chr1","10861054","10861369","chr1","10879368","10879683","11","18314"
"chr1","10907864","10908114","chr1","10925958","10926208","2","18094"
"chr1","10928093","10928327","chr1","10944959","10945215","27","16866"
"chr1","10955533","10955827","chr9","124999107","124999401","33","114043574"
"chr1","10959476","10959706","chr11","114406750","114406984","26","103447274"
"chr1","10967285","10967581","chr9","128235214","128235507","33","117267929"
"chr1","10985683","10985963","chr1","11002547","11002826","1","16864"
"chr1","11033268","11033546","chr1","11049361","11049637","6","16093"
"chr1","11083225","11083499","chr1","11096932","11097231","27","13707"
"chr1","11089668","11089961","chr1","11102417","11102718","15","12749"
"chr1","11127362","11127649","chr3","183524984","183525269","29","172397622"
"chr1","11135728","11136020","chr11","67393000","67393297","26","56257272"
"chr1","11205066","11205356","chr1","11218150","11218442","7","13084"
"chr1","11236355","11236627","chr1","11248945","11249217","4","12590"
"chr1","11254489","11254798","chr1","11267281","11267590","5","12792"
"chr1","11356413","11356713","chr6","108258178","108258475","37","96901765"
"chr1","11660118","11660356","chr12","31976458","31976691","35","20316340"
"chr1","11710548","11710850","chr1","11730960","11731261","7","20412"
"chr1","11735977","11736126","chr3","47183324","47183472","16","35447347"
"chr1","11740160","11740433","chr9","30532167","30532440","31","18792007"
"chr1","11778277","11778585","chr1","11798729","11799041","8","20452"
"chr1","11852172","11852454","chr7","106754749","106755030","40","94902577"
"chr1","11894301","11894599","chr1","11926783","11927092","11","32482"
"chr1","11899389","11899623","chr2","209628085","209628318","29","197728696"
"chr1","11901832","11902125","chr1","11935626","11935922","7","33794"
"chr1","11952241","11952531","chr2","85077253","85077544","42","73125012"
"chr1","11965632","11965939","chr1","26800788","26801092","31","14835156"
"chr1","11982752","11983050","chr1","12015178","12015476","3","32426"
"chr1","11991034","11991337","chr1","12023714","12024017","6","32680"
"chr1","11995235","11995529","chr1","12027930","12028224","2","32695"
"chr1","12014911","12015222","chr1","12048822","12049131","8","33911"
"chr1","12080277","12080573","chr1","12114728","12115006","25","34451"
"chr1","12083385","12083691","chr1","12118855","12119163","8","35470"
"chr1","12089077","12089364","chr1","12124542","12124829","1","35465"
"chr1","12093362","12093652","chr12","27026933","27027226","28","14933571"
"chr1","12096310","12096598","chr1","12131802","12132091","4","35492"
"chr1","12123490","12123751","chr19","55012712","55012971","48","42889222"
"chr1","12272246","12272550","chr1","12309482","12309791","16","37236"
"chr1","12320312","12320599","chr1","12357728","12358019","7","37416"
"chr1","12327645","12327939","chr1","12365424","12365720","7","37779"
"chr1","12361094","12361385","chr1","12399199","12399494","5","38105"
"chr1","12410724","12411025","chr1","12446136","12446440","7","35412"
"chr1","12420810","12420943","chr1","12456222","12456355","3","35412"
"chr1","12431727","12432020","chr1","12467171","12467469","7","35444"
"chr1","12448303","12448603","chr1","12483719","12484021","6","35416"
"chr1","12492090","12492369","chr1","12526928","12527210","6","34838"
"chr1","12493901","12494210","chr1","12528737","12529049","6","34836"
"chr1","12527184","12527472","chr1","12562108","12562397","5","34924"
"chr1","12594100","12594398","chr1","12628824","12629123","8","34724"
"chr1","12632839","12633130","chr1","12667517","12667808","9","34678"
"chr1","12651720","12652023","chr1","12686796","12687095","11","35076"
"chr1","12654415","12654724","chr1","12689512","12689819","6","35097"
"chr1","12797756","12798039","chr1","13111876","13112160","39","314120"
"chr1","12801576","12801870","chr2","97951877","97952174","33","85150301"
"chr1","12810585","12810823","chr1","13242972","13243210","6","432387"
"chr1","13541700","13542003","chr1","13398492","13398793","7","143208"
"chr1","13544217","13544517","chr17","38987667","38987969","34","25443450"
"chr1","13552922","13553108","chr1","13409364","13409550","1","143558"
"chr1","13587760","13588066","chr1","13445361","13445668","3","142399"
"chr1","13615234","13615505","chr16","30790346","30790618","30","17175112"
"chr1","13632328","13632626","chr1","13488267","13488568","12","144061"
"chr1","13637849","13638140","chr1","13493783","13494075","3","144066"
"chr1","13642406","13642707","chr1","13498350","13498652","4","144056"
"chr1","13675609","13675874","chr1","13532046","13532331","23","143563"
"chr1","13692568","13692869","chr1","13548609","13548909","9","143959"
"chr1","13735610","13735898","chr1","13590942","13591229","3","144668"
"chr1","13772282","13772557","chr1","13630615","13630890","1","141667"
"chr1","13794139","13794450","chr1","13652560","13652863","16","141579"
"chr1","13803033","13803328","chr1","13663396","13663691","2","139637"
"chr1","13844001","13844296","chr1","13705702","13706005","14","138299"
"chr1","13903912","13904209","chr1","13765465","13765764","4","138447"
"chr1","14174249","14174531","chr1","14036794","14037076","6","137455"
"chr1","14196934","14197242","chr1","14057126","14057431","12","139808"
"chr1","14230659","14230955","chr1","14090833","14091133","9","139826"
"chr1","14394705","14395012","chr1","14254841","14255149","7","139864"
"chr1","14505541","14505828","chr1","14366951","14367243","13","138590"
"chr1","14534219","14534526","chr1","14395891","14396184","25","138328"
"chr1","14625932","14626215","chr1","14485619","14485911","15","140313"
"chr1","14668194","14668492","chr1","14527270","14527565","13","140924"
"chr1","14836283","14836587","chr1","14695511","14695803","17","140772"
"chr1","14841015","14841256","chr1","14700250","14700484","13","140765"
"chr1","14870639","14870936","chr1","14730090","14730381","10","140549"
"chr1","14904210","14904503","chr15","40753248","40753542","44","25849038"
"chr1","14954871","14955168","chr1","14814219","14814513","10","140652"
"chr1","15005607","15005908","chr1","64801588","64801890","34","49795981"
"chr1","15034096","15034390","chr1","14893092","14893391","8","141004"
"chr1","15111327","15111633","chr1","14971116","14971422","11","140211"
"chr1","15119358","15119638","chr1","14979154","14979434","3","140204"
"chr1","15126010","15126301","chr1","14985723","14986032","23","140287"
"chr1","15196528","15196826","chr1","15058739","15059044","16","137789"
"chr1","15275991","15276286","chr1","15141373","15141668","7","134618"
"chr1","15334363","15334662","chr1","15203253","15203560","11","131110"
"chr1","15369532","15369835","chr1","15237969","15238269","7","131563"
"chr1","15373487","15373781","chr1","15241953","15242253","20","131534"
"chr1","15425675","15425983","chr1","15293438","15293746","11","132237"
"chr1","15530399","15530689","chr1","15397851","15398142","7","132548"
"chr1","15553879","15554177","chr1","15420535","15420817","21","133344"
"chr1","15555448","15555743","chr6_GL000254v2_alt","2510508","2510804","31","13044940"
"chr1","15670395","15670699","chr1","15538116","15538420","7","132279"
"chr1","15691013","15691343","chr1","15558921","15559237","17","132092"
"chr1","15709628","15709920","chr1","15577294","15577589","8","132334"
"chr1","15727050","15727351","chr1","15595498","15595790","13","131552"
"chr1","15732382","15732672","chrX","119268811","119269102","22","103536429"
"chr1","15741118","15741383","chr1","16285305","16285567","34","544187"
"chr1","15759764","15760036","chr1","15625644","15625916","3","134120"
"chr1","15765908","15766204","chr1","15631806","15632102","3","134102"
"chr1","15828578","15828885","chr1","15694072","15694378","3","134506"
"chr1","15918096","15918378","chr15","72158454","72158749","37","56240358"
"chr1","15922629","15922913","chr1","15787657","15787964","28","134972"
"chr1","15958904","15959202","chr1","15825393","15825700","11","133511"
"chr1","15960788","15961051","chr1","21908844","21909128","46","5948056"
"chr1","15964104","15964398","chr2","171446266","171446562","48","155482162"
"chr1","15974615","15974908","chr1","15840809","15841106","9","133806"
"chr1","15985970","15986245","chr22","41252051","41252331","58","25266081"
"chr1","15993059","15993347","chr1","15861135","15861429","13","131924"
"chr1","16003080","16003362","chr1","15870985","15871267","3","132095"
"chr1","16022469","16022705","chr1","15890293","15890529","3","132176"
"chr1","16026690","16026975","chr3","99903259","99903549","35","83876569"
"chr1","16096916","16097208","chr10","92002878","92003170","31","75905962"
"chr1","16130544","16130853","chr1","16000063","16000368","22","130481"
"chr1","16344149","16344459","chr1","16214886","16215199","12","129263"
"chr1","16374989","16375276","chr1","16246510","16246801","5","128479"
"chr1","16397085","16397236","chr2","54252976","54253124","29","37855891"
"chr1","16413569","16413835","chr1","16285305","16285567","6","128264"
"chr1","16424605","16424893","chr1","16296370","16296679","25","128235"
"chr1","16450481","16450794","chr1","16322296","16322611","7","128185"
"chr1","16457251","16457531","chr16","57896433","57896713","30","41439182"
"chr1","16469689","16469995","chr1","16341320","16341634","11","128369"
"chr1","16476960","16477259","chr19","2055171","2055471","40","14421789"
"chr1","16488081","16488375","chr1","16359772","16360069","5","128309"
"chr1","16492790","16493098","chr1","16364131","16364441","10","128659"
"chr1","16503333","16503635","chr1","16374873","16375175","3","128460"
"chr1","16510673","16510982","chr1","16383608","16383917","7","127065"
"chr1","16534764","16535052","chr1","16407467","16407755","2","127297"
"chr1","16581635","16581925","chr1","16453496","16453786","5","128139"
"chr1","16952591","16952881","chr1","16951881","16952175","13","710"
"chr1","17003910","17004206","chr1","44446561","44446855","34","27442651"
"chr1","17030663","17030913","chr1","17030688","17030936","13","25"
"chr1","17042073","17042335","chr1","17041920","17042184","7","153"
"chr1","17062014","17062337","chr3","50660769","50661092","47","33598755"
"chr1","17077173","17077466","chr1","17076216","17076510","5","957"
"chr1","17089910","17090205","chr1","17088628","17088931","12","1282"
"chr1","17094555","17094730","chr17","48105676","48105855","24","31011121"
"chr1","17202722","17203016","chr1","17202398","17202698","14","324"
"chr1","17359296","17359587","chr1","17357174","17357465","2","2122"
"chr1","17408221","17408507","chr1","17405548","17405833","2","2673"
"chr1","17437924","17438195","chr1","17434831","17435101","2","3093"
"chr1","17466541","17466836","chr1","17465721","17466031","22","820"
"chr1","17491001","17491299","chr1","17489872","17490170","8","1129"
"chr1","17503058","17503364","chr1","17501885","17502193","8","1173"
"chr1","17801452","17801748","chr1","17800584","17800892","16","868"
"chr1","17884125","17884427","chr1","17880672","17880974","1","3453"
"chr1","17914270","17914551","chr14","21864674","21864958","39","3950404"
"chr1","18027428","18027677","chr1","18023467","18023729","15","3961"
"chr1","18377576","18377874","chr1","18368224","18368527","13","9352"
"chr1","18678382","18678638","chr1","18669844","18670104","7","8538"
"chr1","19010975","19011252","chr1","19004368","19004651","12","6607"
"chr1","19015265","19015556","chr1","19008691","19008985","10","6574"
"chr1","19027059","19027366","chr1","19020509","19020818","10","6550"
"chr1","19028274","19028563","chrX","119938100","119938391","26","100909826"
"chr1","19053543","19053823","chr1","19048124","19048387","23","5419"
"chr1","19054002","19054301","chrX","38727393","38727690","35","19673391"
"chr1","19057586","19057895","chr1","19052175","19052483","8","5411"
"chr1","19209266","19209559","chr1","19204006","19204300","5","5260"
"chr1","19239703","19239999","chr1","19234567","19234865","5","5136"
"chr1","19248107","19248413","chr1","19242956","19243262","6","5151"
"chr1","19291705","19292010","chr1","19286400","19286702","14","5305"
"chr1","19302496","19302776","chr7","1612317","1612599","32","17690179"
"chr1","19366660","19366940","chr13","47142662","47142937","45","27776002"
"chr1","19482783","19483083","chr9","6354983","6355281","38","13127800"
"chr1","19515067","19515347","chr1","19512306","19512586","3","2761"
"chr1","19539981","19540269","chr1","19537878","19538166","5","2103"
"chr1","19574161","19574463","chr2","121394600","121394903","45","101820439"
"chr1","19576519","19576821","chr1","19574578","19574877","10","1941"
"chr1","19650733","19650972","chr1","182635523","182635761","53","162984790"
"chr1","19834572","19834863","chr1","19836415","19836709","12","1843"
"chr1","19852092","19852398","chr1","19853980","19854287","6","1888"
"chr1","19860746","19860939","chr1","19862546","19862739","5","1800"
"chr1","19862397","19862693","chr1","19864193","19864489","5","1796"
"chr1","19903571","19903865","chr1","19905461","19905755","4","1890"
"chr1","19909487","19909782","chr1","19911389","19911687","7","1902"
"chr1","19954367","19954623","chr7","29419802","29420075","58","9465435"
"chr1","19966808","19967102","chr1","19968894","19969192","25","2086"
"chr1","20008774","20009043","chr1","20010846","20011145","37","2072"
"chr1","20196236","20196534","chr1","20197034","20197329","14","798"
"chr1","20324906","20325193","chr1","20326459","20326748","3","1553"
"chr1","20349736","20350033","chr1","20351372","20351673","5","1636"
"chr1","20574798","20575096","chr15","85442130","85442423","32","64867332"
"chr1","20608664","20608955","chr1","20614868","20615159","6","6204"
"chr1","20616684","20616990","chr1","20622613","20622911","8","5929"
"chr1","20642390","20642595","chr9","128841223","128841428","24","108198833"
"chr1","20753905","20754152","chr12","32396625","32396872","28","11642720"
"chr1","20777218","20777484","chr1","50899482","50899749","79","30122264"
"chr1","20788262","20788561","chr1","20794079","20794381","6","5817"
"chr1","20813279","20813556","chr1","20821898","20822174","9","8619"
"chr1","20894247","20894538","chr1","20902067","20902361","6","7820"
"chr1","20902489","20902790","chr1","20910304","20910611","11","7815"
"chr1","20925531","20925810","chr1","20933375","20933654","5","7844"
"chr1","20930975","20931275","chr1","20938827","20939135","11","7852"
"chr1","20983677","20983965","chr1","20990394","20990682","1","6717"
"chr1","21011489","21011760","chr1","21018301","21018576","10","6812"
"chr1","21060909","21061191","chr1","21071552","21071835","7","10643"
"chr1","21069607","21069914","chr1","21080500","21080806","5","10893"
"chr1","21104468","21104767","chr1","21116556","21116854","6","12088"
"chr1","21108272","21108520","chr1","21120382","21120638","11","12110"
"chr1","21123206","21123514","chr18","32314582","32314886","29","11191376"
"chr1","21136358","21136619","chr1","21147331","21147630","41","10973"
"chr1","21170397","21170674","chr1","21181555","21181839","12","11158"
"chr1","21187672","21187981","chr1","21199895","21200201","8","12223"
"chr1","21238367","21238672","chr1","21248618","21248925","9","10251"
"chr1","21270477","21270757","chr2","211452187","211452475","30","190181710"
"chr1","21368367","21368670","chr1","21383000","21383302","9","14633"
"chr1","21376471","21376775","chr1","21393877","21394183","11","17406"
"chr1","21383414","21383694","chr1","21401549","21401829","4","18135"
"chr1","21627885","21628158","chr1","21469445","21469730","24","158440"
"chr1","21652008","21652290","chr1","21493556","21493853","25","158452"
"chr1","21682633","21682925","chr1","21524000","21524301","15","158633"
"chr1","21746946","21747248","chr1","21588421","21588728","9","158525"
"chr1","21798502","21798811","chr1","21643278","21643586","8","155224"
"chr1","21811266","21811548","chr1","21656151","21656448","21","155115"
"chr1","21863642","21863947","chr1","21708219","21708502","26","155423"
"chr1","21872629","21872889","chr1","21717677","21717936","4","154952"
"chr1","21873512","21873771","chr1","21718559","21718818","5","154953"
"chr1","21907526","21907805","chr1","21751761","21752046","19","155765"
"chr1","21909404","21909704","chr1","21753881","21754180","7","155523"
"chr1","21913968","21914243","chr1","21758482","21758755","4","155486"
"chr1","21918129","21918422","chr1","21762586","21762888","20","155543"
"chr1","21927540","21927820","chr2","191375684","191375974","40","169448144"
"chr1","21935982","21936280","chr3","4466106","4466411","28","17469876"
"chr1","21941373","21941658","chr1","21785751","21786034","5","155622"
"chr1","21951026","21951326","chr1","21795453","21795754","6","155573"
"chr1","22001939","22002240","chr1","21844968","21845268","5","156971"
"chr1","22006661","22006961","chr1","21849686","21849977","19","156975"
"chr1","22016008","22016307","chr1","21859047","21859346","5","156961"
"chr1","22065911","22066195","chr1","21908844","21909128","2","157067"
"chr1","22094463","22094755","chr1","21938107","21938410","18","156356"
"chr1","22104300","22104589","chr1","21947935","21948240","26","156365"
"chr1","22106498","22106791","chr1","21950148","21950444","19","156350"
"chr1","22126376","22126679","chr10","107526798","107527103","44","85400422"
"chr1","22155570","22155866","chr1","22019709","22019995","12","135861"
"chr1","22165767","22166063","chr1","22029598","22029892","12","136169"
"chr1","22182923","22183138","chr21","33716716","33716949","52","11533793"
"chr1","22216321","22216608","chr1","22080889","22081177","4","135432"
"chr1","22242640","22242945","chr1","22107590","22107897","8","135050"
"chr1","22289887","22290168","chr1","22155287","22155567","3","134600"
"chr1","22332822","22333129","chr1","22198589","22198897","10","134233"
"chr1","22403122","22403431","chr1","22269221","22269531","5","133901"
"chr1","22450365","22450656","chr1","22316623","22316928","17","133742"
"chr1","22757483","22757782","chr9","75689068","75689364","43","52931585"
"chr1","22828212","22828502","chr1","22694531","22694820","7","133681"
"chr1","22865026","22865333","chr1","22731558","22731866","7","133468"
"chr1","22881831","22882129","chr1","22748378","22748678","3","133453"
"chr1","23004933","23005228","chr1","22871736","22872032","9","133197"
"chr1","23017858","23018135","chr1","22884361","22884644","8","133497"
"chr1","23065185","23065493","chr1","22931973","22932281","3","133212"
"chr1","23079210","23079512","chr1","22946073","22946377","5","133137"
"chr1","23084936","23085239","chr1","22951553","22951857","9","133383"
"chr1","23118698","23118986","chrX","41220982","41221269","28","18102284"
"chr1","23129596","23129903","chr1","22996310","22996619","9","133286"
"chr1","23166478","23166725","chr1","23032912","23033159","5","133566"
"chr1","23174991","23175301","chr1","23041436","23041740","10","133555"
"chr1","23210701","23210989","chr1","23076690","23076979","2","134011"
"chr1","23223882","23224188","chr13","48137178","48137479","36","24913296"
"chr1","23301947","23302240","chr1","211248520","211248811","28","187946573"
"chr1","23306588","23306894","chr1","23127851","23128156","8","178737"
"chr1","23336930","23337162","chr12","79598806","79599034","29","56261876"
"chr1","23350626","23350916","chr1","23172824","23173112","11","177802"
"chr1","23358492","23358769","chr1","23180771","23181046","7","177721"
"chr1","23373847","23374137","chr1","23195445","23195735","3","178402"
"chr1","23448251","23448540","chr1","23273205","23273499","5","175046"
"chr1","23511855","23512153","chr1","23330255","23330553","1","181600"
"chr1","23553030","23553310","chr1","23372872","23373155","8","180158"
"chr1","23557898","23558029","chr1","212812000","212812132","8","189254102"
"chr1","23592141","23592427","chr1","23414103","23414389","3","178038"
"chr1","23592429","23592736","chr8","9357973","9358278","39","14234456"
"chr1","23641521","23641797","chr1","23463593","23463877","9","177928"
"chr1","23646504","23646796","chr1","85255270","85255564","29","61608766"
"chr1","23669881","23670185","chr1","23491425","23491735","12","178456"
"chr1","23756311","23756620","chr1","23580028","23580333","9","176283"
"chr1","23761963","23762257","chr1","23586198","23586501","13","175765"
"chr1","23816179","23816411","chr20","63989580","63989811","29","40173401"
"chr1","23842533","23842821","chr1","23663730","23664019","4","178803"
"chr1","23848245","23848532","chr1","23669969","23670257","4","178276"
"chr1","23862982","23863272","chr1","23684898","23685164","32","178084"
"chr1","23874322","23874574","chr19","50012617","50012885","59","26138295"
"chr1","23877025","23877278","chr1","23700254","23700508","6","176771"
"chr1","23893606","23893911","chr1","23716949","23717256","13","176657"
"chr1","23900114","23900415","chr12","114773403","114773703","27","90873289"
"chr1","23902392","23902523","chr10","73875896","73876031","16","49973504"
"chr1","23907347","23907656","chr1","23730557","23730864","6","176790"
"chr1","23912216","23912511","chr1","23735630","23735923","8","176586"
"chr1","23946828","23947017","chr14","103768679","103768867","28","79821851"
"chr1","23990246","23990543","chr1","23814371","23814668","2","175875"
"chr1","24017788","24018016","chr1","23839909","23840138","12","177879"
"chr1","24027443","24027737","chr1","23849576","23849880","16","177867"
"chr1","24032478","24032783","chr5","32091280","32091582","34","8058802"
"chr1","24062681","24062988","chr1","145971685","145971990","33","121909004"
"chr1","24073902","24074181","chr1","23897482","23897759","5","176420"
"chr1","24119870","24120158","chr1","23945452","23945740","8","174418"
"chr1","24154983","24155275","chr1","23970364","23970658","6","184619"
"chr1","24165793","24166106","chr1","23981200","23981513","2","184593"
"chr1","24363644","24363922","chr1","24182640","24182918","1","181004"
"chr1","24479484","24479777","chr8","73743775","73744069","29","49264291"
"chr1","24559756","24560042","chr1","24376979","24377262","9","182777"
"chr1","24670017","24670260","chr1","24487310","24487558","7","182707"
"chr1","24679318","24679617","chr1","24496623","24496932","17","182695"
"chr1","24698584","24698886","chr1","24515863","24516167","12","182721"
"chr1","24752677","24752980","chr1","24571195","24571498","1","181482"
"chr1","24754791","24755103","chr1","24573309","24573621","3","181482"
"chr1","24781268","24781572","chr1","24599577","24599889","18","181691"
"chr1","24840238","24840539","chr1","24661808","24662108","1","178430"
"chr1","24861865","24862116","chr19","18289265","18289519","40","6572600"
"chr1","24869126","24869434","chr16","29861725","29862030","34","4992599"
"chr1","24884649","24884938","chr1","24707208","24707499","5","177441"
"chr1","24901301","24901487","chr19","46683198","46683392","25","21781897"
"chr1","24942411","24942676","chr1","146708304","146708582","63","121765893"
"chr1","24954722","24955010","chr1","24777264","24777534","20","177458"
"chr1","24962551","24962857","chr6","43446843","43447145","32","18484292"
"chr1","24973143","24973437","chr1","24795574","24795867","6","177569"
"chr1","24989865","24990170","chr1","24813032","24813340","11","176833"
"chr1","25026224","25026522","chr1","24852636","24852937","8","173588"
"chr1","25277357","25277645","chr1","25102047","25102351","19","175310"
"chr1","25318259","25318566","chr1","25142913","25143220","3","175346"
"chr1","25360098","25360397","chr1","25184661","25184958","7","175437"
"chr1","25364810","25365117","chr1","25189392","25189694","19","175418"
"chr1","25395654","25395896","chr1","25221107","25221349","7","174547"
"chr1","25408004","25408304","chr16","78634427","78634724","28","53226423"
"chr1","25415738","25416031","chr1","25242816","25243108","9","172922"
"chr1","25423655","25423966","chr1","25250729","25251040","6","172926"
"chr1","25433072","25433350","chr1","25258184","25258477","17","174888"
"chr1","25792298","25792591","chr1","25452699","25452994","9","339599"
"chr1","25873299","25873603","chr1","25538928","25539225","15","334371"
"chr1","26017884","26018176","chr1","25690289","25690589","9","327595"
"chr1","26026252","26026543","chr1","25698670","25698964","10","327582"
"chr1","26092165","26092420","chr1","25764808","25765063","1","327357"
"chr1","26115209","26115502","chr18","36253386","36253678","31","10138177"
"chr1","26170074","26170373","chrX","27538386","27538690","41","1368312"
"chr1","26221494","26221791","chr1","25897034","25897338","13","324460"
"chr1","26241615","26241924","chr1","25917226","25917529","12","324389"
"chr1","26245077","26245369","chr1","25920549","25920841","2","324528"
"chr1","26245911","26246214","chr1","25921385","25921694","11","324526"
"chr1","26259212","26259490","chr1","25934723","25935001","13","324489"
"chr1","26275522","26275820","chr1","25950925","25951227","8","324597"
"chr1","26338286","26338572","chr12","101519769","101520058","29","75181483"
"chr1","26415458","26415766","chr1","26090287","26090565","35","325171"
"chr1","26463890","26464084","chr1","26136122","26136316","3","327768"
"chr1","26480459","26480753","chr1","26152000","26152297","5","328459"
"chr1","26485888","26486144","chr1","26157448","26157704","5","328440"
"chr1","26491153","26491449","chr1","26162860","26163159","10","328293"
"chr1","26515297","26515605","chr1","26187611","26187919","9","327686"
"chr1","26525012","26525306","chr1","26196901","26197205","15","328111"
"chr1","26557480","26557773","chr1","26228858","26229152","6","328622"
"chr1","26584723","26584993","chr1","26256274","26256548","7","328449"
"chr1","26587072","26587358","chr1","26258601","26258892","14","328471"
"chr1","26622833","26623127","chr1","26293446","26293754","16","329387"
"chr1","26640750","26641040","chr1","26311450","26311740","2","329300"
"chr1","26649185","26649491","chr1","26319840","26320136","10","329345"
"chr1","26663849","26664168","chr5","134629417","134629736","33","107965568"
"chr1","26678429","26678721","chr13","41290399","41290692","46","14611970"
"chr1","26722209","26722509","chr1","26394385","26394685","7","327824"
"chr1","26735377","26735683","chr19","22771715","22772015","33","3963662"
"chr1","26752529","26752828","chr1","26424233","26424532","3","328296"
"chr1","26763852","26764157","chr1","26435605","26435912","9","328247"
"chr1","26769144","26769443","chr1","26440920","26441222","6","328224"
"chr1","26814001","26814309","chr1","26486501","26486817","12","327500"
"chr1","26815273","26815557","chr2","68137588","68137876","45","41322315"
"chr1","26821489","26821784","chr1","26494383","26494690","19","327106"
"chr1","26826994","26827254","chr1","26499496","26499750","9","327498"
"chr1","26892880","26893191","chr1","26567369","26567678","12","325511"
"chr1","26905836","26906119","chr1","26580439","26580741","22","325397"
"chr1","26917245","26917535","chr1","26591619","26591912","6","325626"
"chr1","26953483","26953787","chr1","26631095","26631399","6","322388"
"chr1","26972447","26972738","chr1","26649844","26650138","5","322603"
"chr1","27038067","27038370","chr1","26715925","26716233","9","322142"
"chr1","27079380","27079644","chr1","26757671","26757937","6","321709"
"chr1","27085258","27085542","chr1","26763491","26763761","20","321767"
"chr1","27113287","27113572","chrX","1349188","1349479","36","25764099"
"chr1","27121439","27121738","chr1","26800788","26801092","10","320651"
"chr1","27124941","27125214","chr1","26806361","26806634","3","318580"
"chr1","27137098","27137388","chr17","15363991","15364288","43","11773107"
"chr1","27246005","27246309","chr1","26927388","26927695","8","318617"
"chr1","27250685","27250891","chr13","46661932","46662132","32","19411247"
"chr1","27272732","27273025","chr1","26955675","26955969","4","317057"
"chr1","27287484","27287782","chr1","26970186","26970484","8","317298"
"chr1","27301649","27301782","chr1","8779248","8779380","12","18522401"
"chr1","27318767","27319063","chr1","27002457","27002754","7","316310"
"chr1","27380768","27381046","chr1","27065759","27066044","14","315009"
"chr1","27382428","27382724","chr11","67393000","67393297","30","40010572"
"chr1","27476466","27476771","chr9","36299536","36299838","27","8823070"
"chr1","27497820","27498132","chr1","27178760","27179048","29","319060"
"chr1","27500460","27500729","chr1","27192388","27192657","6","308072"
"chr1","27539094","27539366","chr1","27230738","27231033","24","308356"
"chr1","27553965","27554270","chr1","27245560","27245860","17","308405"
"chr1","27576339","27576364","chr16","26800150","26800173","6","776189"
"chr1","27576394","27576681","chr5","57071623","57071911","36","29495229"
"chr1","27629089","27629388","chrX","134238368","134238670","37","106609279"
"chr1","27631151","27631446","chr1","27323498","27323793","3","307653"
"chr1","27651897","27652189","chr1","27344570","27344871","17","307327"
"chr1","27761590","27761830","chr12","112399553","112399792","40","84637963"
"chr1","27772322","27772603","chr1","27464723","27465004","1","307599"
"chr1","27792214","27792520","chr1","27485714","27486009","16","306500"
"chr1","27806759","27807054","chr1","27497868","27498166","6","308891"
"chr1","27837285","27837568","chr1","27530799","27531098","23","306486"
"chr1","27845922","27846221","chr1","27539446","27539743","10","306476"
"chr1","28005120","28005387","chr1","27698893","27699166","11","306227"
"chr1","28027601","28027903","chr1","27722712","27723010","6","304889"
"chr1","28042289","28042571","chr1","27738210","27738486","10","304079"
"chr1","28050508","28050819","chr1","27746442","27746753","7","304066"
"chr1","28107123","28107426","chr1","27803722","27804027","14","303401"
"chr1","28128478","28128773","chr1","27825259","27825557","9","303219"
"chr1","28154822","28155126","chr1","27855666","27855970","7","299156"
"chr1","28199698","28199997","chr1","27899231","27899531","9","300467"
"chr1","28306548","28306853","chr1","28007326","28007631","4","299222"
"chr1","28308598","28308867","chr1","28009370","28009639","0","299228"
"chr1","28341595","28341888","chr1","28042849","28043142","4","298746"
"chr1","28364418","28364724","chr1","28065723","28066025","7","298695"
"chr1","28381449","28381741","chr1","28083240","28083534","7","298209"
"chr1","28405356","28405644","chr1","28109292","28109580","6","296064"
"chr1","28453070","28453370","chr1","28155206","28155506","7","297864"
"chr1","28456276","28456567","chr1","28158418","28158709","5","297858"
"chr1","28504993","28505273","chrX","13983316","13983598","33","14521677"
"chr1","28530176","28530473","chr1","28234142","28234433","9","296034"
"chr1","28553209","28553502","chr1","28257565","28257868","18","295644"
"chr1","28559999","28560253","chr1","28264082","28264338","9","295917"
"chr1","28571348","28571636","chr3","99903259","99903549","30","71331911"
"chr1","28573733","28574026","chr1","28278289","28278582","6","295444"
"chr1","28583363","28583671","chr1","28287883","28288194","7","295480"
"chr1","28629757","28630066","chr1","28335030","28335339","3","294727"
"chr1","28680957","28681255","chr1","28381000","28381302","14","299957"
"chr1","28727507","28727785","chr1","28425126","28425416","15","302381"
"chr1","28734682","28734970","chr1","28431929","28432221","11","302753"
"chr1","28736493","28736795","chr4","31394672","31394979","38","2658179"
"chr1","28749376","28749669","chr1","28446499","28446792","9","302877"
"chr1","28802375","28802666","chr1","28498801","28499086","25","303574"
"chr1","28810003","28810178","chr1","28506775","28506950","5","303228"
"chr1","28810818","28811116","chr1","28507601","28507904","11","303217"
"chr1","28875821","28876125","chr1","28573024","28573328","9","302797"
"chr1","28931366","28931653","chr1","28625987","28626277","12","305379"
"chr1","28935206","28935499","chr1","28630276","28630564","11","304930"
"chr1","28969342","28969628","chr1","28664792","28665083","6","304550"
"chr1","28976829","28977091","chr17","7339330","7339585","35","21637499"
"chr1","28990095","28990397","chr1","28685679","28685980","5","304416"
"chr1","28990773","28991059","chr1","28686357","28686647","8","304416"
"chr1","28993279","28993573","chr1","28688893","28689187","14","304386"
"chr1","29027115","29027426","chr1","28723526","28723837","9","303589"
"chr1","29028921","29029212","chr3","99903259","99903549","25","70874338"
"chr1","29032932","29033223","chr1","28730378","28730669","1","302554"
"chr1","29084502","29084838","chr1","28784123","28784423","59","300379"
"chr1","29123346","29123654","chr1","57144414","57144717","31","28021068"
"chr1","29125352","29125641","chr1","28825393","28825683","8","299959"
"chr1","29154666","29154957","chr1","28854658","28854948","6","300008"
"chr1","29168058","29168359","chr1","28868560","28868864","13","299498"
"chr1","29207300","29207578","chr1","28908441","28908729","14","298859"
"chr1","29220028","29220317","chr1","28921966","28922267","14","298062"
"chr1","29235102","29235404","chr1","28937389","28937692","5","297713"
"chr1","29247187","29247485","chr1","28949595","28949901","16","297592"
"chr1","29249825","29250111","chr1","28952246","28952532","1","297579"
"chr1","29353381","29353667","chr4","85341257","85341534","65","55987876"
"chr1","29356672","29356936","chr6","87764473","87764740","37","58407801"
"chr1","29363822","29364120","chr1","29066139","29066440","5","297683"
"chr1","29367322","29367614","chr1","29069677","29069971","5","297645"
"chr1","29390853","29391135","chr1","29093626","29093908","3","297227"
"chr1","29396255","29396496","chr1","29099027","29099268","2","297228"
"chr1","29401041","29401346","chr1","29104580","29104887","9","296461"
"chr1","29408146","29408441","chr1","29111697","29111995","6","296449"
"chr1","29436290","29436581","chr1","29139803","29140093","10","296487"
"chr1","29443890","29444183","chr1","29147364","29147663","14","296526"
"chr1","29445919","29446226","chr1","29149399","29149714","13","296520"
"chr1","29450424","29450562","chr19","45390091","45390229","50","15939667"
"chr1","29450865","29450982","chr2","25907143","25907266","19","3543722"
"chr1","29463896","29464194","chr1","29167384","29167682","8","296512"
"chr1","29488313","29488602","chr1","29191812","29192105","10","296501"
"chr1","29515000","29515170","chr1","29218592","29218762","0","296408"
"chr1","29524747","29525001","chr1","29228352","29228613","9","296395"
"chr1","29538241","29538549","chr1","29241607","29241892","31","296634"
"chr1","29644922","29645222","chr6","110602352","110602652","29","80957430"
"chr1","29908560","29908847","chr1","29610672","29610959","6","297888"
"chr1","29938633","29938924","chr1","29637631","29637924","5","301002"
"chr1","30001438","30001724","chr1","29701271","29701556","1","300167"
"chr1","30246485","30246782","chr1","29945071","29945363","9","301414"
"chr1","30737205","30737508","chrX","119774047","119774352","33","89036842"
"chr1","30805557","30805837","chr1","30504999","30505276","10","300558"
"chr1","30857505","30857785","chr1","30556859","30557126","17","300646"
"chr1","30880624","30880916","chr6","31521146","31521437","35","640522"
"chr1","31129135","31129428","chr1","30829440","30829734","9","299695"
"chr1","31131802","31132078","chr1","30832123","30832416","26","299679"
"chr1","31143147","31143450","chr1","30843359","30843660","10","299788"
"chr1","31191113","31191380","chr1","30891596","30891880","23","299517"
"chr1","31198162","31198467","chr1","30899081","30899381","7","299081"
"chr1","31245035","31245328","chr1","30946357","30946652","7","298678"
"chr1","31272040","31272339","chr1","30973809","30974101","14","298231"
"chr1","31347368","31347536","chr19","39358397","39358549","50","8011029"
"chr1","31347677","31347962","chr1","31046910","31047195","6","300767"
"chr1","31351406","31351700","chr16","32963464","32963753","59","1612058"
"chr1","31378389","31378679","chr1","31080676","31080983","24","297713"
"chr1","31391614","31391820","chr14","73738116","73738323","24","42346502"
"chr1","31392700","31392997","chr1","31090083","31090388","12","302617"
"chr1","31393834","31394107","chr1","31091223","31091501","8","302611"
"chr1","31406501","31406806","chr1","31103877","31104182","5","302624"
"chr1","31418824","31419130","chr1","31115614","31115920","2","303210"
"chr1","31432567","31432874","chr1","31129002","31129306","10","303565"
"chr1","31441128","31441440","chr13","42983284","42983589","39","11542156"
"chr1","31450390","31450655","chr1","31147120","31147384","4","303270"
"chr1","31465974","31466283","chr1","31161138","31161447","6","304836"
"chr1","31519877","31520179","chr1","85255270","85255564","41","53735393"
"chr1","31548295","31548592","chr1","31247274","31247582","13","301021"
"chr1","31622923","31623216","chr1","31322722","31323019","9","300201"
"chr1","31890919","31891079","chr3","167510103","167510267","27","135619184"
"chr1","31900838","31901115","chr1","31599953","31600246","20","300885"
"chr1","32010928","32011235","chr9","127460848","127461152","31","95449920"
"chr1","32118074","32118361","chr1","31817121","31817416","15","300953"
"chr1","32128485","32128783","chr3","15316220","15316511","31","16812265"
"chr1","32129683","32129954","chr1","31828704","31828975","5","300979"
"chr1","32157834","32158135","chr1","31856410","31856719","15","301424"
"chr1","32180641","32180923","chr1","31879820","31880101","8","300821"
"chr1","32182841","32183141","chr1","31882019","31882319","6","300822"
"chr1","32205404","32205699","chr9","33457287","33457585","28","1251883"
"chr1","32217272","32217566","chr1","31916064","31916372","16","301208"
"chr1","32223975","32224257","chr1","31922929","31923208","6","301046"
"chr1","32239363","32239684","chr1","31939093","31939411","7","300270"
"chr1","32241952","32242245","chr1","31941680","31941978","39","300272"
"chr1","32242246","32242554","chr1","31941979","31942284","7","300267"
"chr1","32249381","32249677","chr1","31949213","31949511","6","300168"
"chr1","32267207","32267480","chr1","31966906","31967200","26","300301"
"chr1","32273242","32273520","chr3","120074353","120074614","74","87801111"
"chr1","32292695","32292983","chr1","31993186","31993475","6","299509"
"chr1","32307002","32307304","chr1","32008701","32009012","11","298301"
"chr1","32331667","32331959","chr1","32032693","32032986","1","298974"
"chr1","32340369","32340598","chr3","182881154","182881385","24","150540785"
"chr1","32353862","32354154","chr1","32055168","32055459","6","298694"
"chr1","32365063","32365293","chr3","182881154","182881385","30","150516091"
"chr1","32383565","32383868","chr1","32084561","32084865","7","299004"
"chr1","32384474","32384769","chr1","32085471","32085766","6","299003"
"chr1","32410663","32410972","chr1","5073531","5073830","37","27337132"
"chr1","32438139","32438428","chr1","32140115","32140404","3","298024"
"chr1","32472742","32472959","chr3","48139631","48139849","22","15666889"
"chr1","32509591","32509904","chr1","32212889","32213195","12","296702"
"chr1","32555496","32555772","chr1","32261363","32261671","35","294133"
"chr1","32570591","32570902","chr1","32276932","32277235","10","293659"
"chr1","32575483","32575781","chr1","32281783","32282088","29","293700"
"chr1","32576702","32577001","chr1","32283011","32283312","6","293691"
"chr1","32646735","32647028","chr1","32354607","32354902","6","292128"
"chr1","32648149","32648454","chr1","32356023","32356331","5","292126"
"chr1","32651843","32652139","chr1","32360206","32360513","16","291637"
"chr1","32731848","32732158","chr1","32425643","32425952","11","306205"
"chr1","32746280","32746484","chr1","6733394","6733599","25","26012886"
"chr1","32958700","32958991","chr14","92804648","92804945","44","59845948"
"chr1","32978505","32978794","chr1","32519280","32519571","4","459225"
"chr1","32995341","32995651","chr1","32537917","32538226","9","457424"
"chr1","33013367","33013668","chr1","32556062","32556367","7","457305"
"chr1","33054602","33054898","chr1","32594481","32594781","15","460121"
"chr1","33059500","33059780","chr1","32599438","32599718","6","460062"
"chr1","33063212","33063497","chr15","41779221","41779508","26","8716009"
"chr1","33093521","33093831","chr1","32634215","32634525","1","459306"
"chr1","33120888","33121189","chr13","73326945","73327239","51","40206057"
"chr1","33121945","33122247","chr7","134066871","134067174","34","100944926"
"chr1","33122281","33122590","chr1","32662707","32663016","4","459574"
"chr1","33131014","33131255","chr1","32671303","32671544","0","459711"
"chr1","33134443","33134763","chr1","32674716","32675035","6","459727"
"chr1","33142468","33142762","chr14","103576026","103576324","30","70433558"
"chr1","33156649","33156938","chr1","32696457","32696747","4","460192"
"chr1","33190572","33190881","chr1","32731958","32732267","6","458614"
"chr1","33196214","33196466","chr4","25699625","25699876","34","7496589"
"chr1","33202001","33202294","chr1","32745278","32745578","13","456723"
"chr1","33217532","33217824","chr1","32760589","32760888","16","456943"
"chr1","33234247","33234556","chr1","26800788","26801092","33","6433459"
"chr1","33272236","33272441","chr12","121625754","121625960","25","88353518"
"chr1","33280681","33280942","chr18","59028571","59028835","34","25747890"
"chr1","33285445","33285719","chr13","47142662","47142937","34","13857217"
"chr1","33290545","33290838","chr6","75705265","75705560","41","42414720"
"chr1","33298513","33298812","chr1","32821321","32821619","4","477192"
"chr1","33341668","33341710","chr1","32865054","32865096","1","476614"
"chr1","33342011","33342283","chr1","32865398","32865670","2","476613"
"chr1","33384800","33385113","chr1_KI270708v1_random","36093","36387","44","33348707"
"chr1","33391226","33391513","chr1","32913532","32913825","30","477694"
"chr1","33396234","33396542","chr1","32918580","32918886","2","477654"
"chr1","33451761","33452068","chr1","32977079","32977362","30","474682"
"chr1","33467048","33467343","chr1","32994539","32994849","20","472509"
"chr1","33488768","33489073","chr13","47994288","47994589","27","14505520"
"chr1","33496635","33496945","chr1","33024906","33025215","10","471729"
"chr1","33528612","33528903","chr1","33059332","33059624","8","469280"
"chr1","33556476","33556761","chrX","12952156","12952443","27","20604320"
"chr1","33580480","33580772","chr1","33111608","33111902","4","468872"
"chr1","33592444","33592579","chr10","68571565","68571697","13","34979121"
"chr1","33623705","33623988","chr1","33154518","33154809","18","469187"
"chr1","33626642","33626945","chr1","33157749","33158054","2","468893"
"chr1","33658445","33658725","chr1","33187954","33188231","7","470491"
"chr1","33775788","33776085","chr1","33304493","33304792","6","471295"
"chr1","33806936","33807214","chr1","33335620","33335898","4","471316"
"chr1","33857511","33857804","chr1","33386236","33386528","3","471275"
"chr1","33894948","33895255","chr1","33423818","33424127","10","471130"
"chr1","34204391","34204698","chr1","33734505","33734814","7","469886"
"chr1","34338175","34338481","chr1","33868456","33868734","29","469719"
"chr1","34341332","34341620","chr1","33871617","33871905","3","469715"
"chr1","34399096","34399354","chr1","33929433","33929694","10","469663"
"chr1","34615025","34615332","chr1","34154728","34155025","15","460297"
"chr1","34897562","34897855","chr12","79919276","79919569","26","45021714"
"chr1","34993827","34994122","chr1","34535393","34535690","12","458434"
"chr1","35104998","35105305","chr1","34651696","34652003","5","453302"
"chr1","35184227","35184517","chr1","34735574","34735864","4","448653"
"chr1","35287035","35287329","chr1","34838826","34839120","2","448209"
"chr1","35301898","35302206","chr1","34853704","34854013","5","448194"
"chr1","35304275","35304550","chr2","88465727","88466009","38","53161452"
"chr1","35400123","35400428","chr1","34951824","34952130","8","448299"
"chr1","35428396","35428716","chr1","34982453","34982774","3","445943"
"chr1","35452976","35453279","chr1","35007302","35007605","3","445674"
"chr1","35459204","35459515","chr1","35013682","35013988","10","445522"
"chr1","35460970","35461271","chr1","71765894","71766193","30","36304924"
"chr1","35510210","35510480","chr1","35064045","35064320","13","446165"
"chr1","35522475","35522767","chr1","35074415","35074706","5","448060"
"chr1","35535666","35535950","chr1","35088138","35088422","2","447528"
"chr1","35543760","35543953","chr14","66283183","66283377","43","30739423"
"chr1","35544507","35544634","chr4","39676998","39677104","48","4132491"
"chr1","35595755","35595979","chr1","35150412","35150636","3","445343"
"chr1","35596009","35596323","chr1","229306761","229307070","42","193710752"
"chr1","35676652","35676943","chr1","35228847","35229140","11","447805"
"chr1","35693089","35693405","chr1","88387783","88388090","41","52694694"
"chr1","35701402","35701695","chr5","34144861","34145155","36","1556541"
"chr1","35721564","35721861","chr1","35275234","35275526","15","446330"
"chr1","35733458","35733737","chr1","35287624","35287903","9","445834"
"chr1","35791093","35791322","chrX","87672805","87673024","50","51881712"
"chr1","35855836","35856132","chr1","35409660","35409956","6","446176"
"chr1","35900767","35901057","chr1","35455574","35455878","17","445193"
"chr1","35968074","35968380","chr1","35522269","35522577","6","445805"
"chr1","36026839","36027144","chr1","35581872","35582177","2","444967"
"chr1","36091567","36091807","chr1","37443940","37444181","31","1352373"
"chr1","36168158","36168454","chr1","35720443","35720745","10","447715"
"chr1","36178725","36179032","chr1","35730920","35731228","8","447805"
"chr1","36186540","36186827","chr1","35738801","35739098","18","447739"
"chr1","36199973","36200270","chr1","35752298","35752604","13","447675"
"chr1","36302634","36302939","chr1","35861272","35861577","4","441362"
"chr1","36307191","36307483","chr1","35865833","35866125","4","441358"
"chr1","36316936","36317232","chr1","35875414","35875710","3","441522"
"chr1","36353791","36354099","chr1","35912562","35912870","3","441229"
"chr1","36405979","36406286","chr1","35965210","35965518","8","440769"
"chr1","36428238","36428538","chr1","35987788","35988088","1","440450"
"chr1","36434195","36434487","chr1","35993739","35994041","11","440456"
"chr1","36505613","36505914","chr1","36064883","36065185","4","440730"
"chr1","36695428","36695721","chr1","36257844","36258137","4","437584"
"chr1","36734763","36735070","chr1","229923099","229923408","57","193188336"
"chr1","36746036","36746306","chr6","43135907","43136185","40","6389871"
"chr1","36813033","36813324","chr1","36377255","36377557","17","435778"
"chr1","36860700","36860986","chr2","181530847","181531131","37","144670147"
"chr1","36932755","36933055","chr1","36501708","36502007","6","431047"
"chr1","37151053","37151351","chr8","57354547","57354848","9","20203494"
"chr1","37345954","37346256","chr1","36727618","36727920","3","618336"
"chr1","37367501","37367799","chr1","36749221","36749521","16","618280"
"chr1","37640742","37641052","chr1","37023047","37023354","7","617695"
"chr1","37943484","37943780","chr1","37324062","37324364","14","619422"
"chr1","38003749","38004058","chr1","37384180","37384461","32","619569"
"chr1","38062621","38062862","chr1","37443940","37444181","3","618681"
"chr1","38113834","38114113","chr1","37495053","37495333","5","618781"
"chr1","38124792","38125090","chr1","37505991","37506283","11","618801"
"chr1","38140881","38141157","chr1","37522280","37522571","21","618601"
"chr1","38155635","38155918","chr11","32881997","32882288","36","5273638"
"chr1","38161877","38162168","chr1","37539430","37539721","3","622447"
"chr1","38178369","38178650","chr1","37555913","37556194","2","622456"
"chr1","38192708","38193011","chr1","37570250","37570546","12","622458"
"chr1","38220941","38221241","chr10","9094949","9095251","35","29125992"
"chr1","38233290","38233572","chr1","37610930","37611229","20","622360"
"chr1","38455494","38455789","chr1","156714493","156714787","31","118258999"
"chr1","38503371","38503538","chr1","109920447","109920616","26","71417076"
"chr1","38507477","38507765","chr1","37884670","37884975","20","622807"
"chr1","38523239","38523453","chr6","677552","677766","29","37845687"
"chr1","38538132","38538432","chr1","37917009","37917307","5","621123"
"chr1","38550320","38550612","chr1","37929125","37929417","1","621195"
"chr1","38555064","38555376","chr1","37933895","37934232","28","621169"
"chr1","38558163","38558471","chr1","37937031","37937339","6","621132"
"chr1","38629803","38630106","chr1","38008499","38008802","2","621304"
"chr1","38633347","38633644","chr1","38012049","38012347","5","621298"
"chr1","38694931","38695205","chr1","38075081","38075355","2","619850"
"chr1","38845507","38845795","chr1","38226383","38226671","7","619124"
"chr1","38891225","38891513","chr1","38272026","38272308","29","619199"
"chr1","39141763","39142065","chr1","38522284","38522585","6","619479"
"chr1","39173576","39173881","chr1","38554115","38554426","8","619461"
"chr1","39484848","39485104","chr13","34547252","34547512","32","4937596"
"chr1","39485555","39485850","chr3","63520393","63520686","38","24034838"
"chr1","39498396","39498690","chr1","38880502","38880797","4","617894"
"chr1","39504795","39505088","chr1","38887431","38887722","6","617364"
"chr1","39526210","39526482","chr1","38909481","38909753","4","616729"
"chr1","39527478","39527781","chr4","122699022","122699310","48","83171544"
"chr1","39567923","39568217","chr1","38950092","38950385","6","617831"
"chr1","39583057","39583345","chr1","80498188","80498479","36","40915131"
"chr1","39634095","39634390","chr1","92489601","92489899","37","52855506"
"chr1","39660419","39660685","chr1","39035788","39036051","8","624631"
"chr1","39662166","39662446","chr19","47217516","47217809","40","7555350"
"chr1","39750776","39751054","chr1","39135259","39135537","2","615517"
"chr1","39756165","39756461","chr1","39140637","39140943","18","615528"
"chr1","39797135","39797435","chr1","39181871","39182170","5","615264"
"chr1","39823972","39824251","chr1","39208621","39208903","12","615351"
"chr1","39841029","39841329","chr1","39226343","39226638","7","614686"
"chr1","39899076","39899322","chr1","39286461","39286740","34","612615"
"chr1","39943406","39943683","chr2","159742666","159742951","42","119799260"
"chr1","39997715","39998012","chr1","39386428","39386727","6","611287"
"chr1","40079038","40079330","chrX","48524347","48524635","41","8445309"
"chr1","40158354","40158654","chr1","39546469","39546769","6","611885"
"chr1","40177380","40177685","chr1","39565548","39565857","8","611832"
"chr1","40196912","40197220","chr1","39585017","39585321","12","611895"
"chr1","40216809","40217108","chr1","39600282","39600581","2","616527"
"chr1","40231477","40231784","chr1","39614826","39615134","9","616651"
"chr1","40291858","40292167","chr1","39674957","39675256","14","616901"
"chr1","40327086","40327391","chr1","39709917","39710226","13","617169"
"chr1","40332231","40332545","chr1","39715081","39715390","15","617150"
"chr1","40345543","40345820","chr5","69426354","69426632","29","29080811"
"chr1","40416469","40416766","chr1","39798672","39798965","7","617797"
"chr1","40423997","40424322","chr19","40301314","40301639","36","122683"
"chr1","40463935","40464224","chr1","39848544","39848836","10","615391"
"chr1","40476176","40476459","chr1","39860799","39861082","4","615377"
"chr1","40490386","40490676","chr1","39875208","39875499","3","615178"
"chr1","40496292","40496595","chr3","44806738","44807042","34","4310446"
"chr1","40504986","40505149","chr1","39889562","39889725","3","615424"
"chr1","40507033","40507321","chr1","39891631","39891922","6","615402"
"chr1","40521863","40522131","chr6","148410100","148410370","40","107888237"
"chr1","40559865","40560151","chr1","39945403","39945690","7","614462"
"chr1","40565699","40565930","chr1","39951241","39951467","11","614458"
"chr1","40600965","40601244","chr1","39986328","39986611","11","614637"
"chr1","40604076","40604388","chr1","39989443","39989755","1","614633"
"chr1","40608475","40608769","chr1","39993841","39994137","5","614634"
"chr1","40609980","40610297","chr1","39995364","39995676","9","614616"
"chr1","40646938","40647232","chr1","40035913","40036214","9","611025"
"chr1","40654221","40654502","chr1","40043194","40043494","21","611027"
"chr1","40699242","40699534","chr1","40088144","40088444","13","611098"
"chr1","40704758","40705056","chr1","40093606","40093904","4","611152"
"chr1","40755562","40755846","chr1","40142956","40143240","6","612606"
"chr1","40787269","40787491","chr12","56655062","56655290","24","15867793"
"chr1","40807673","40807977","chr1","40196069","40196371","8","611604"
"chr1","40835983","40836246","chr1","40224307","40224573","6","611676"
"chr1","40840784","40841082","chr1","40229443","40229752","16","611341"
"chr1","40857804","40858101","chr1","40246511","40246826","24","611293"
"chr1","40903274","40903537","chr10","101882517","101882796","47","60979243"
"chr1","40938052","40938355","chr1","40319707","40320020","19","618345"
"chr1","40943073","40943361","chr1","40324703","40325002","14","618370"
"chr1","40950198","40950476","chr1","40332361","40332639","3","617837"
"chr1","41169189","41169466","chr17","64734272","64734550","32","23565083"
"chr1","41295508","41295764","chr1","118044239","118044502","32","76748731"
"chr1","41300586","41300878","chr1","40687970","40688262","6","612616"
"chr1","41339845","41340142","chr1","40727530","40727830","10","612315"
"chr1","41496950","41497083","chr6","66404964","66405097","1","24908014"
"chr1","41521712","41522003","chr1","40910147","40910446","17","611565"
"chr1","41559250","41559541","chr3","146745368","146745659","41","105186118"
"chr1","41567257","41567555","chr1","40954236","40954537","8","613021"
"chr1","41569922","41570231","chr1","40956910","40957219","6","613012"
"chr1","41587951","41588254","chr1","40975751","40976049","19","612200"
"chr1","41628600","41628893","chr1","41016715","41017007","5","611885"
"chr1","41644612","41644859","chr17","70297936","70298183","27","28653324"
"chr1","41664721","41665018","chr9","36860057","36860350","30","4804664"
"chr1","41697148","41697438","chr1","41085839","41086138","13","611309"
"chr1","41849296","41849556","chr1","41235332","41235600","16","613964"
"chr1","41925385","41925676","chr1","41311649","41311944","10","613736"
"chr1","42010786","42011053","chr19","822839","823120","47","41187947"
"chr1","42239644","42239938","chr1","41624884","41625192","18","614760"
"chr1","42290920","42291226","chr1","41676043","41676348","5","614877"
"chr1","42397171","42397461","chr1","41782452","41782747","9","614719"
"chr1","42530249","42530536","chr1","41849697","41849988","6","680552"
"chr1","42847628","42847899","chr1","42169134","42169405","7","678494"
"chr1","42879036","42879343","chr1","42200475","42200782","6","678561"
"chr1","42922789","42923069","chr1","42244900","42245185","10","677889"
"chr1","42966450","42966745","chr1","42287058","42287353","3","679392"
"chr1","43035140","43035417","chr3","69165111","69165390","36","26129971"
"chr1","43108263","43108547","chr18","36253386","36253678","36","6854877"
"chr1","43118339","43118505","chr9","123000982","123001147","25","79882643"
"chr1","43354043","43354339","chr9","96872251","96872544","34","53518208"
"chr1","43383635","43383910","chr2","152478252","152478535","37","109094617"
"chr1","43397209","43397495","chr1","42719427","42719715","7","677782"
"chr1","43580220","43580524","chr1","6522604","6522905","41","37057616"
"chr1","43639960","43640252","chr1","42965034","42965351","27","674926"
"chr1","43652247","43652559","chr1","42977081","42977385","12","675166"
"chr1","43663819","43664024","chr11","86135743","86135939","44","42471924"
"chr1","43673437","43673706","chr1","42997325","42997594","5","676112"
"chr1","43680428","43680735","chr1","43004316","43004620","8","676112"
"chr1","43690671","43690963","chr1","43014582","43014877","9","676089"
"chr1","43692153","43692442","chr1","43016067","43016356","10","676086"
"chr1","43693293","43693601","chr1","43017208","43017516","8","676085"
"chr1","43706175","43706479","chr1","43030231","43030534","8","675944"
"chr1","43758038","43758299","chr1","9522876","9523155","44","34235162"
"chr1","43880685","43880972","chr7","50412177","50412467","31","6531492"
"chr1","43911701","43911991","chr1","43233211","43233502","7","678490"
"chr1","43947305","43947580","chr1","43268706","43268982","4","678599"
"chr1","43980661","43980950","chr1","43301591","43301881","3","679070"
"chr1","44010219","44010517","chr1","43331168","43331467","6","679051"
"chr1","44012870","44013176","chr1","43333841","43334147","1","679029"
"chr1","44090431","44090728","chr17","8738465","8738763","32","35351966"
"chr1","44091775","44092061","chr1","234822812","234823103","40","190731037"
"chr1","44231623","44231908","chr1","43556265","43556550","7","675358"
"chr1","44349466","44349763","chr1","43674517","43674808","8","674949"
"chr1","44420634","44420886","chr1","48940138","48940393","37","4519504"
"chr1","44432586","44432892","chr1","43759164","43759469","8","673422"
"chr1","44480433","44480731","chr1","43805733","43806032","8","674700"
"chr1","44601790","44602093","chr1","43929299","43929600","8","672491"
"chr1","44617196","44617500","chr1","43943987","43944290","9","673209"
"chr1","44731206","44731512","chr1","44058282","44058588","5","672924"
"chr1","44737914","44738183","chr1","44065007","44065298","26","672907"
"chr1","44752743","44752994","chr17","5261100","5261350","31","39491643"
"chr1","44756263","44756566","chr10","94264513","94264818","35","49508250"
"chr1","44997271","44997565","chr16","15344370","15344663","24","29652901"
"chr1","45075708","45075972","chr1","44404045","44404328","21","671663"
"chr1","45117739","45118030","chr1","44446561","44446855","8","671178"
"chr1","45122784","45123093","chr1","44451608","44451918","11","671176"
"chr1","45166153","45166317","chr1","44495569","44495733","0","670584"
"chr1","45200343","45200652","chr1","44530691","44530990","17","669652"
"chr1","45218559","45218855","chr11","113881471","113881759","50","68662912"
"chr1","45296019","45296322","chr1","44627065","44627370","12","668954"
"chr1","45325690","45325995","chr1","44656732","44657041","9","668958"
"chr1","45348887","45349170","chr5","179117554","179117835","47","133768667"
"chr1","45358654","45358953","chr1","44689940","44690239","3","668714"
"chr1","45359387","45359663","chr1","44690674","44690950","3","668713"
"chr1","45371836","45372145","chr1","44702432","44702738","16","669404"
"chr1","45398515","45398820","chr3","186309988","186310289","30","140911473"
"chr1","45424963","45425264","chr1","44755262","44755563","2","669701"
"chr1","45437053","45437348","chr1","44767976","44768268","10","669077"
"chr1","45438505","45438783","chr1","44769427","44769714","13","669078"
"chr1","45443942","45444251","chr1","44774527","44774836","1","669415"
"chr1","45468074","45468342","chr6","148410100","148410370","37","102942026"
"chr1","45471217","45471523","chr1","44801202","44801507","5","670015"
"chr1","45505648","45505958","chr1","44836428","44836738","3","669220"
"chr1","45532231","45532522","chr3","182749308","182749607","49","137217077"
"chr1","45540366","45540664","chr1","44870657","44870947","12","669709"
"chr1","45555756","45556011","chr1","44887657","44887911","5","668099"
"chr1","45610832","45611065","chr2","209628085","209628318","29","164017253"
"chr1","45636632","45636935","chr1","44967760","44968067","19","668872"
"chr1","45638033","45638323","chr19","11839443","11839730","30","33798590"
"chr1","45641160","45641467","chr1","44971751","44972058","0","669409"
"chr1","45660915","45661205","chr1","44992484","44992787","19","668431"
"chr1","45713868","45714160","chr1","45046745","45047042","8","667123"
"chr1","45872865","45873141","chr1","45211683","45211968","14","661182"
"chr1","45957307","45957607","chr1","45295521","45295821","4","661786"
"chr1","46031115","46031412","chr1","45369711","45370010","5","661404"
"chr1","46039161","46039454","chr1","45377746","45378039","1","661415"
"chr1","46097804","46098098","chr13","48916650","48916945","37","2818846"
"chr1","46128252","46128534","chr1","45467346","45467629","3","660906"
"chr1","46134454","46134763","chr1","45474461","45474777","19","659993"
"chr1","46185303","46185598","chr1","45525621","45525916","2","659682"
"chr1","46185599","46185904","chr10","124832866","124833175","36","78647267"
"chr1","46191105","46191404","chr1","45531637","45531936","6","659468"
"chr1","46222545","46222859","chr1","45563120","45563431","6","659425"
"chr1","46256249","46256549","chr1","45596711","45597011","9","659538"
"chr1","46274412","46274713","chr1","45614535","45614836","3","659877"
"chr1","46287913","46288217","chr1","45628657","45628961","3","659256"
"chr1","46289211","46289507","chr8","73743775","73744069","39","27454564"
"chr1","46322765","46323064","chr1","45665469","45665772","8","657296"
"chr1","46363569","46363859","chr1","45704242","45704534","5","659327"
"chr1","46381880","46382182","chr1","45721780","45722084","4","660100"
"chr1","46389796","46390096","chr1","45731654","45731954","1","658142"
"chr1","46443047","46443349","chr1","45785972","45786281","15","657075"
"chr1","46446412","46446718","chr1","45788968","45789275","3","657444"
"chr1","46452546","46452846","chr1","45795161","45795457","6","657385"
"chr1","46487305","46487575","chr1","45830182","45830472","23","657123"
"chr1","46496120","46496409","chr1","45839130","45839426","10","656990"
"chr1","46579629","46579907","chr1","45920992","45921293","27","658637"
"chr1","46765131","46765438","chr1","46105223","46105524","35","659908"
"chr1","46795634","46795924","chr1","46135750","46136048","12","659884"
"chr1","46927901","46928188","chr1","46270088","46270375","5","657813"
"chr1","46952665","46952926","chr6","15959500","15959764","37","30993165"
"chr1","46962310","46962603","chr1","46304388","46304684","4","657922"
"chr1","47030116","47030271","chr1","46371136","46371294","4","658980"
"chr1","47030580","47030713","chr1","46371606","46371739","6","658974"
"chr1","47194696","47194997","chr11","130803442","130803739","39","83608746"
"chr1","47279493","47279778","chr2","2198577","2198858","44","45080916"
"chr1","47400446","47400750","chr1","46740507","46740812","8","659939"
"chr1","47700583","47700859","chr1","47047610","47047896","14","652973"
"chr1","47995188","47995478","chr1","47174048","47174348","14","821140"
"chr1","48071872","48072156","chr1","47249287","47249567","9","822585"
"chr1","48158118","48158423","chr1","47335760","47336060","7","822358"
"chr1","48159968","48160264","chr1","47337616","47337910","5","822352"
"chr1","48165456","48165740","chr1","47342638","47342946","26","822818"
"chr1","48176157","48176452","chr1","47367943","47368243","15","808214"
"chr1","48214781","48215082","chr1","47406750","47407055","7","808031"
"chr1","48288292","48288561","chr1","47481376","47481658","19","806916"
"chr1","48374073","48374387","chr11","57602475","57602782","30","9228402"
"chr1","49029032","49029320","chr1","48233081","48233386","29","795951"
"chr1","49152280","49152549","chr1","48356507","48356789","18","795773"
"chr1","49335766","49336054","chr1","48552073","48552361","8","783693"
"chr1","49368149","49368448","chr1","48584436","48584735","4","783713"
"chr1","49722894","49723147","chr1","48940138","48940393","6","782756"
"chr1","49788388","49788661","chr1","49005740","49006011","8","782648"
"chr1","50328156","50328441","chr1","49547776","49548071","16","780380"
"chr1","50428555","50428848","chr1","49655868","49656160","10","772687"
"chr1","50669862","50670163","chr1","49902467","49902768","1","767395"
"chr1","50785102","50785403","chr1","50038089","50038386","8","747013"
"chr1","50972501","50972802","chr2","121394600","121394903","25","70422099"
"chr1","51215528","51215775","chr1","182635523","182635761","56","131419995"
"chr1","51293350","51293650","chr1","50546363","50546663","8","746987"
"chr1","51296498","51296720","chr2","73024096","73024321","27","21727598"
"chr1","51366652","51366954","chr19","22771715","22772015","32","28594937"
"chr1","51407537","51407831","chr1","50660493","50660789","4","747044"
"chr1","51436853","51437155","chr1","50690324","50690624","5","746529"
"chr1","51454462","51454616","chr1","50707953","50708107","1","746509"
"chr1","51460180","51460484","chr3","189846680","189846980","51","138386500"
"chr1","51464364","51464655","chr10","69136809","69137089","41","17672445"
"chr1","51489928","51490214","chr1","50743793","50744079","4","746135"
"chr1","51497464","51497764","chr1","50751323","50751641","26","746141"
"chr1","51500001","51500182","chr17","6973095","6973276","24","44526906"
"chr1","51620671","51620972","chr1","50875450","50875750","4","745221"
"chr1","51644848","51645116","chr1","50899482","50899749","2","745366"
"chr1","51663893","51664185","chr10","30503310","30503602","25","21160583"
"chr1","51708570","51708852","chr1","50964774","50965056","5","743796"
"chr1","51732495","51732787","chr1","50988913","50989205","3","743582"
"chr1","51876201","51876474","chr1","51133818","51134089","6","742383"
"chr1","51943963","51944272","chr1","51201194","51201473","35","742769"
"chr1","51956428","51956699","chr1","51212297","51212594","28","744131"
"chr1","51958276","51958548","chr20","52471896","52472182","46","513620"
"chr1","51976965","51977266","chr1","51232980","51233277","11","743985"
"chr1","51989268","51989502","chr1","37443940","37444181","37","14545328"
"chr1","52242714","52243017","chr2","201502292","201502591","34","149259578"
"chr1","52249416","52249725","chr1","51507381","51507690","8","742035"
"chr1","52296285","52296545","chr3","146025954","146026214","31","93729669"
"chr1","52326741","52327046","chr1","51585497","51585797","10","741244"
"chr1","52353183","52353468","chr1","51605702","51605984","7","747481"
"chr1","52430055","52430356","chr1","51682478","51682779","2","747577"
"chr1","52438823","52439095","chr10","79988430","79988695","39","27549607"
"chr1","52497317","52497584","chr1","51751095","51751362","3","746222"
"chr1","52569808","52570105","chr17","6563675","6563972","34","46006133"
"chr1","52722579","52722870","chr1","51975712","51976005","7","746867"
"chr1","52886131","52886425","chr1","52031161","52031457","10","854970"
"chr1","52904199","52904474","chr1","52049324","52049599","4","854875"
"chr1","52916922","52917164","chr15","30837047","30837287","28","22079875"
"chr1","52919935","52920229","chr11","67393000","67393297","31","14473065"
"chr1","52929817","52930095","chr1","10336155","10336446","44","42593662"
"chr1","52930849","52931171","chr1","52076294","52076610","11","854555"
"chr1","52963753","52963932","chr17","6973095","6973276","24","45990658"
"chr1","52975381","52975668","chr5","83729095","83729380","40","30753714"
"chr1","52995783","52996078","chr1","52138292","52138587","3","857491"
"chr1","53033464","53033756","chr5","65904994","65905286","34","12871530"
"chr1","53054125","53054423","chr1","52195793","52196091","3","858332"
"chr1","53112863","53113143","chr1","52256064","52256365","24","856799"
"chr1","53152065","53152357","chr1","52292466","52292768","17","859599"
"chr1","53160108","53160406","chr1","52300310","52300609","6","859798"
"chr1","53339847","53340141","chr12","22078650","22078945","31","31261197"
"chr1","53373560","53373852","chr1","52504350","52504642","8","869210"
"chr1","53391190","53391472","chr1","52521685","52521974","18","869505"
"chr1","53396632","53396937","chr1","52527266","52527571","2","869366"
"chr1","53397264","53397503","chr11","129819611","129819853","34","76422347"
"chr1","53451851","53452116","chr2","189781946","189782212","37","136330095"
"chr1","53473787","53474087","chr1","52604763","52605069","10","869024"
"chr1","53484526","53484813","chr1","52615987","52616274","7","868539"
"chr1","53512124","53512401","chrX","23695332","23695609","25","29816792"
"chr1","53553675","53553960","chr1","52685578","52685863","5","868097"
"chr1","53557289","53557531","chr11","15997836","15998082","33","37559453"
"chr1","53580441","53580730","chr1","52712536","52712826","5","867905"
"chr1","53620197","53620494","chr1","52752846","52753145","4","867351"
"chr1","53624879","53625170","chr1","52757920","52758218","11","866959"
"chr1","53665421","53665723","chr1","52799518","52799819","6","865903"
"chr1","53673413","53673706","chrX","40491120","40491413","34","13182293"
"chr1","53684937","53685217","chr1","52818795","52819075","4","866142"
"chr1","53695249","53695555","chr1","52829151","52829456","9","866098"
"chr1","53695973","53696282","chr6","74349718","74350026","38","20653745"
"chr1","53708800","53708996","chr6","83398690","83398885","26","29689890"
"chr1","53737991","53738284","chr1","52867959","52868263","18","870032"
"chr1","53744135","53744443","chr5","66883423","66883725","33","13139288"
"chr1","53773718","53774012","chr1","52903810","52904115","18","869908"
"chr1","53811617","53811910","chr1","52941455","52941749","5","870162"
"chr1","53829719","53830009","chr1","52959894","52960188","7","869825"
"chr1","53863882","53864191","chr1","52991389","52991698","4","872493"
"chr1","54034357","54034653","chr1","53161552","53161848","3","872805"
"chr1","54084870","54085159","chr1","53212068","53212362","6","872802"
"chr1","54098606","54098891","chr1","53226303","53226585","10","872303"
"chr1","54620798","54621108","chr1","53748614","53748924","11","872184"
"chr1","54625753","54626060","chr2","39079488","39079792","31","15546265"
"chr1","54699648","54699925","chr6","159265648","159265925","37","104566000"
"chr1","54726302","54726600","chr1","53857700","53858000","5","868602"
"chr1","54734427","54734739","chr1","53865787","53866099","6","868640"
"chr1","54738195","54738450","chr13","45867938","45868202","36","8870257"
"chr1","54763694","54763986","chr1","53895143","53895434","7","868551"
"chr1","54832904","54833183","chr1","53964999","53965284","9","867905"
"chr1","54917136","54917432","chr9","36117701","36117994","38","18799435"
"chr1","54925669","54925975","chr1","54058649","54058954","3","867020"
"chr1","55024086","55024392","chr1","54154446","54154726","29","869640"
"chr1","55278758","55279054","chr1","54411199","54411494","7","867559"
"chr1","55280305","55280595","chr1","54412724","54413013","5","867581"
"chr1","55303015","55303318","chr10","72221727","72222027","34","16918712"
"chr1","55320640","55320932","chr1","54453996","54454293","12","866644"
"chr1","55322205","55322500","chr1","54455570","54455875","14","866635"
"chr1","55335667","55335965","chr1","54469895","54470192","6","865772"
"chr1","55347723","55347958","chr1","54482625","54482858","3","865098"
"chr1","55420827","55421124","chr1","54557112","54557417","14","863715"
"chr1","55519954","55520236","chr7","100905405","100905699","50","45385451"
"chr1","55541973","55542209","chr6","147469422","147469654","32","91927449"
"chr1","55640468","55640725","chr1","54775816","54776096","25","864652"
"chr1","55979032","55979338","chr1","55107562","55107866","3","871470"
"chr1","56031883","56032192","chr1","55161092","55161401","12","870791"
"chr1","56140126","56140433","chr1","55268977","55269280","17","871149"
"chr1","56198823","56199116","chr1","55327967","55328261","12","870856"
"chr1","56226795","56227105","chr1","55355930","55356238","10","870865"
"chr1","56466087","56466346","chr1","55595596","55595864","13","870491"
"chr1","56789019","56789282","chr1","55791704","55791968","7","997315"
"chr1","56789318","56789346","chr10","15436198","15436225","5","41353120"
"chr1","56796402","56796709","chr1","55799106","55799423","17","997296"
"chr1","57155327","57155635","chr1","56156552","56156854","12","998775"
"chr1","57281705","57281990","chr1","56283186","56283471","9","998519"
"chr1","57421795","57422123","chr1","56427543","56427844","31","994252"
"chr1","57435357","57435662","chr1","56441146","56441453","6","994211"
"chr1","57469136","57469441","chr13","47994288","47994589","31","9474848"
"chr1","57473707","57474008","chr3","48988188","48988483","38","8485519"
"chr1","57479966","57480275","chr1","56485579","56485888","5","994387"
"chr1","57493045","57493337","chr1","56498635","56498931","9","994410"
"chr1","57593416","57593700","chr1","56599211","56599499","9","994205"
"chr1","57979658","57979977","chr15","40753248","40753542","61","17226410"
"chr1","58030301","58030532","chr12","112399553","112399792","38","54369252"
"chr1","58054636","58054916","chr3","119572106","119572383","34","61517470"
"chr1","58110578","58110887","chr1","57116183","57116491","9","994395"
"chr1","58140757","58141059","chr1","57144414","57144717","9","996343"
"chr1","58229198","58229503","chr1","57233479","57233784","4","995719"
"chr1","58405389","58405693","chr16","67064203","67064504","31","8658814"
"chr1","58427016","58427313","chr1","57431842","57432135","13","995174"
"chr1","58520835","58521133","chr1","57525936","57526235","9","994899"
"chr1","58579453","58579744","chr1","57584970","57585275","22","994483"
"chr1","58709138","58709432","chr1","57715910","57716207","15","993228"
"chr1","58710168","58710474","chr14","73609632","73609938","40","14899464"
"chr1","58816636","58816932","chr1","57822984","57823281","9","993652"
"chr1","58880014","58880300","chr1","57886161","57886454","19","993853"
"chr1","58925690","58925857","chr1","57933902","57934063","16","991788"
"chr1","58925905","58926024","chr1","57934105","57934223","8","991800"
"chr1","59035283","59035571","chr1","58043735","58044021","7","991548"
"chr1","59304109","59304219","chr1","58327717","58327824","8","976392"
"chr1","59305004","59305257","chr1","58328612","58328865","1","976392"
"chr1","59500479","59500774","chr2","30157003","30157296","36","29343476"
"chr1","59606609","59606914","chr1","58639686","58640004","17","966923"
"chr1","59618406","59618703","chr1","58651565","58651867","12","966841"
"chr1","59704744","59705059","chr1","58737844","58738159","5","966900"
"chr1","59718816","59719116","chr1","58751909","58752211","8","966907"
"chr1","59792006","59792294","chr1","58825553","58825854","17","966453"
"chr1","60044555","60044873","chr1","59075333","59075632","26","969222"
"chr1","60298597","60298866","chr1","59330321","59330596","14","968276"
"chr1","60307737","60308024","chrX","12952156","12952443","30","47355581"
"chr1","60595305","60595599","chr1","59626576","59626870","4","968729"
"chr1","60611092","60611387","chr13","47994288","47994589","25","12616804"
"chr1","60816968","60817268","chr1","59854040","59854349","14","962928"
"chr1","61371232","61371534","chr1","60414815","60415122","14","956417"
"chr1","61555950","61556250","chr1","60482482","60482790","14","1073468"
"chr1","62087696","62088022","chr1","61014947","61015278","14","1072749"
"chr1","62095947","62096224","chr1","61023209","61023481","15","1072738"
"chr1","62108133","62108425","chr1","61035552","61035845","11","1072581"
"chr1","62117984","62118274","chr1","61045375","61045665","5","1072609"
"chr1","62133978","62134305","chr1","61061451","61061788","16","1072527"
"chr1","62147703","62147799","chr1","61075267","61075363","3","1072436"
"chr1","62205285","62205550","chr1","61133860","61134126","5","1071425"
"chr1","62268159","62268457","chr1","61197232","61197536","15","1070927"
"chr1","62327917","62328214","chr1","61257330","61257636","13","1070587"
"chr1","62349004","62349271","chr1","61278508","61278778","6","1070496"
"chr1","62380026","62380323","chr1","61309609","61309902","9","1070417"
"chr1","62429791","62429885","chr1","61359798","61359892","1","1069993"
"chr1","62641028","62641326","chr14","49803520","49803822","37","12837508"
"chr1","62693893","62694202","chr1","61624197","61624506","10","1069696"
"chr1","62779037","62779260","chr7","101188391","101188603","57","38409354"
"chr1","62782959","62783241","chr1","61714265","61714547","4","1068694"
"chr1","62806479","62806785","chr1","61737598","61737903","5","1068881"
"chr1","62816810","62817064","chr1","61747919","61748169","11","1068891"
"chr1","62817818","62818148","chr5","93284478","93284785","72","30466660"
"chr1","62837041","62837341","chr1","61767669","61767970","11","1069372"
"chr1","62847958","62848235","chr1","61778719","61778997","7","1069239"
"chr1","62855946","62856242","chr1","61786710","61787006","5","1069236"
"chr1","62879388","62879666","chr1","61810418","61810699","11","1068970"
"chr1","62948604","62948891","chr8","132116644","132116933","35","69168040"
"chr1","62979946","62980230","chr1","61911210","61911494","3","1068736"
"chr1","62986507","62986817","chr1","61917772","61918081","8","1068735"
"chr1","63034544","63034842","chr1","61965901","61966199","3","1068643"
"chr1","63078991","63079298","chr1","62009803","62010108","13","1069188"
"chr1","63087549","63087805","chr1","62017169","62017428","8","1070380"
"chr1","63089668","63089942","chr10","23215298","23215575","48","39874370"
"chr1","63245195","63245478","chr1","62176034","62176323","10","1069161"
"chr1","63246460","63246765","chr1","62177251","62177529","34","1069209"
"chr1","63263347","63263634","chr1","62193719","62194024","32","1069628"
"chr1","63323380","63323675","chr1","62254881","62255184","18","1068499"
"chr1","63477323","63477591","chr1","62403938","62404204","7","1073385"
"chr1","63478971","63479285","chr7","128177407","128177721","29","64698436"
"chr1","63506354","63506646","chr1","62432872","62433165","9","1073482"
"chr1","63512819","63513119","chr1","62439193","62439482","14","1073626"
"chr1","63527271","63527561","chr1","62453636","62453909","28","1073635"
"chr1","63539315","63539617","chr1","62465544","62465849","5","1073771"
"chr1","63544284","63544547","chr1","182812907","182813169","33","119268623"
"chr1","63682881","63683190","chr1","62609838","62610148","7","1073043"
