"chr1","180355021","180355319","chr1","201586929","201587227","1","21231908"
"chr1","53215067","53215246","chr1","52782381","52782560","1","432686"
"chr1","65797895","65798193","chr1","65205230","65205534","11","592665"
"chr1","94633949","94634065","chr1","93874677","93874793","1","759272"
"chr1","132382512","132382809","chr1","154130577","154130884","10","21748065"
"chr1","174325495","174325784","chr10","36536861","36537140","75","137788634"
"chr1","176291718","176291985","chr1","197584695","197584962","2","21292977"
"chr1","213516194","213516306","chr1","234344882","234344994","1","20828688"
"chr1","133162","133450","chr1","223958731","223959019","6","223825569"
"chr1","136947","137236","chr1","222483610","222483897","5","222346663"
"chr1","138732","138803","chr2","202263158","202263225","15","202124426"
"chr1","146926","147221","chr1","508751","509046","2","361825"
"chr1","149635","149939","chr5","181306271","181306576","6","181156636"
"chr1","268791","268893","chr1","129789","129891","1","139002"
"chr1","287871","287973","chr1","129789","129891","0","158082"
"chr1","693132","693258","chr1","224026493","224026619","0","223333361"
"chr1","865641","865938","chr1","954548","954838","12","88907"
"chr1","1015710","1015889","chr1","1104650","1104829","0","88940"
"chr1","1021074","1021323","chr1","1109453","1109719","21","88379"
"chr1","1029678","1029971","chr1","13263914","13264200","19","12234236"
"chr1","1066131","1066436","chr1","1147769","1148070","6","81638"
"chr1","1115258","1115548","chr1","1195650","1195940","3","80392"
"chr1","1115551","1115816","chr1","28187898","28188162","44","27072347"
"chr1","1134706","1134941","chr1","1209555","1209789","4","74849"
"chr1","1146130","1146239","chr1","1220973","1221082","2","74843"
"chr1","1177228","1177497","chr1","1263734","1264001","5","86506"
"chr1","1287657","1287784","chr2","76568499","76568631","26","75280842"
"chr1","1306234","1306391","chr20","56439175","56439332","32","55132941"
"chr1","1306516","1306811","chr1","1397581","1397876","2","91065"
"chr1","1317367","1317529","chr1","1405280","1405442","5","87913"
"chr1","1318082","1318157","chr1","1405995","1406070","1","87913"
"chr1","1355867","1355991","chr1","1446721","1446845","4","90854"
"chr1","1383704","1383831","chr1","1469548","1469675","2","85844"
"chr1","1415721","1415845","chr1","1446721","1446845","4","31000"
"chr1","1426730","1426854","chr1","1510355","1510479","2","83625"
"chr1","1472214","1472501","chr12","117854009","117854306","60","116381795"
"chr1","1476577","1476806","chr1","1560198","1560426","12","83621"
"chr1","1485737","1486040","chr1","1569499","1569802","7","83762"
"chr1","1486380","1486533","chr1","1570149","1570302","2","83769"
"chr1","1561379","1561628","chr1","1644215","1644464","2","82836"
"chr1","1580295","1580580","chr1","1663912","1664197","3","83617"
"chr1","1582955","1583062","chr7","135629359","135629467","18","134046404"
"chr1","1602241","1602307","chr1","1683986","1684052","0","81745"
"chr1","1676473","1676782","chr1","1813475","1813788","7","137002"
"chr1","1681431","1681558","chr1","1818436","1818563","0","137005"
"chr1","1691790","1691896","chr13","49072669","49072782","24","47380879"
"chr1","1699438","1699600","chr7","68985039","68985204","32","67285601"
"chr1","1706957","1707251","chr1","1843231","1843525","2","136274"
"chr1","1725262","1725577","chr19","18916039","18916363","68","17190777"
"chr1","1736670","1736945","chr1","1871997","1872277","9","135327"
"chr1","1816220","1816525","chr1","1945546","1945852","5","129326"
"chr1","1818921","1819197","chr19","9309011","9309278","71","7490090"
"chr1","1823074","1823366","chr1","1952664","1952957","6","129590"
"chr1","1872509","1872586","chr1","2004590","2004667","0","132081"
"chr1","1874070","1874228","chr1","2006152","2006311","4","132082"
"chr1","1880096","1880213","chr1","2012156","2012273","1","132060"
"chr1","1901794","1901920","chr1","2034121","2034247","0","132327"
"chr1","1904884","1905154","chr1","2036675","2036944","1","131791"
"chr1","1986202","1986479","chr1","2116971","2117249","4","130769"
"chr1","2017515","2017803","chr1","2149579","2149867","1","132064"
"chr1","2053773","2054095","chr9","133989374","133989701","57","131935601"
"chr1","2060253","2060561","chr1","2189048","2189355","11","128795"
"chr1","2063837","2064100","chr1","2192636","2192899","3","128799"
"chr1","2067615","2067895","chr1","2196280","2196555","9","128665"
"chr1","2093060","2093211","chr1","2221368","2221529","10","128308"
"chr1","2093220","2093528","chr1","2221530","2221839","6","128310"
"chr1","2114118","2114407","chr1","2242517","2242807","5","128399"
"chr1","2123232","2123359","chr1","2251289","2251417","4","128057"
"chr1","2258507","2258636","chr1","2380358","2380487","5","121851"
"chr1","2258691","2259004","chr1","2380542","2380855","13","121851"
"chr1","2291188","2291474","chr1","2411533","2411818","5","120345"
"chr1","2486320","2486407","chrX","118576842","118576928","15","116090522"
"chr1","2486418","2486695","chr1","2600417","2600709","21","113999"
"chr1","2486845","2487135","chr1","2600417","2600709","3","113572"
"chr1","2526544","2526852","chr12","119949497","119949761","111","117422953"
"chr1","2559019","2559222","chrX","120023777","120023984","37","117464758"
"chr1","2717971","2718239","chr1","2943286","2943556","5","225315"
"chr1","2739979","2740264","chr1","2963408","2963694","10","223429"
"chr1","2821761","2821916","chr1","3042690","3042845","3","220929"
"chr1","2823401","2823697","chr1","3043985","3044280","4","220584"
"chr1","3028490","3028745","chr1","3239669","3239924","4","211179"
"chr1","3142445","3142644","chr2","45623804","45624003","51","42481359"
"chr1","3244757","3245014","chr1","3450050","3450307","3","205293"
"chr1","3313197","3313532","chr1","3513203","3513575","40","200006"
"chr1","3313535","3313831","chr1","3513578","3513890","21","200043"
"chr1","3361525","3361691","chr1","3559376","3559542","1","197851"
"chr1","3396850","3396985","chr17","42712621","42712756","17","39315771"
"chr1","3431381","3431674","chr1","3626586","3626878","2","195205"
"chr1","3481735","3481827","chr17","51481113","51481205","19","47999378"
"chr1","3532770","3533088","chr1","3728702","3729015","9","195932"
"chr1","3590566","3590812","chr1","3781698","3781981","41","191132"
"chr1","3639233","3639387","chrX","29081354","29081502","27","25442121"
"chr1","3651374","3651660","chr1","3838161","3838450","5","186787"
"chr1","3656593","3656862","chr1","3843377","3843651","11","186784"
"chr1","3665742","3665889","chr1","3851663","3851810","4","185921"
"chr1","3681710","3681935","chr1","3867571","3867855","65","185861"
"chr1","3688160","3688322","chr1","3872996","3873158","3","184836"
"chr1","3701272","3701577","chr1","3885904","3886208","5","184632"
"chr1","3861881","3862035","chr1","3985380","3985536","5","123499"
"chr1","3862389","3862531","chr1","3985900","3986042","4","123511"
"chr1","3875006","3875302","chr1","3997787","3998083","3","122781"
"chr1","3881812","3881933","chr1","4003546","4003667","3","121734"
"chr1","4039692","4039967","chr1","4155704","4156005","32","116012"
"chr1","4206571","4206813","chr1","4325193","4325435","5","118622"
"chr1","4494911","4495201","chr10","100123351","100123632","61","95628440"
"chr1","4625376","4625690","chr1","4737612","4737904","26","112236"
"chr1","4706704","4707000","chr1","4815783","4816080","2","109079"
"chr1","4865896","4866193","chr1","4972551","4972851","8","106655"
"chr1","4979628","4979942","chr1","5089412","5089671","59","109784"
"chr1","5114295","5114543","chr1","5230711","5230955","7","116416"
"chr1","5131219","5131482","chr1","5247729","5248023","37","116510"
"chr1","5665849","5666078","chr1","5695060","5695286","5","29211"
"chr1","5667257","5667318","chr1","5696494","5696555","0","29237"
"chr1","5692168","5692297","chr1","5722268","5722395","2","30100"
"chr1","5777606","5777760","chr1","5805909","5806062","9","28303"
"chr1","5806148","5806360","chr20","49692266","49692488","52","43886118"
"chr1","5806434","5806677","chr1","5835859","5836102","3","29425"
"chr1","5906657","5906939","chr1","5931798","5932085","7","25141"
"chr1","6001681","6001994","chr1","6017923","6018236","1","16242"
"chr1","6022555","6022869","chr1","6038280","6038594","1","15725"
"chr1","6038101","6038370","chr1","6053800","6054072","11","15699"
"chr1","6043444","6043754","chr1","6059179","6059489","7","15735"
"chr1","6125490","6125738","chr1","6140719","6140967","1","15229"
"chr1","6127839","6128114","chr1","6143057","6143332","0","15218"
"chr1","6176031","6176153","chr1","6188408","6188530","4","12377"
"chr1","6177424","6177587","chr4","72938040","72938212","34","66760616"
"chr1","6180055","6180347","chr1","6192051","6192346","3","11996"
"chr1","6190538","6190843","chr1","6202165","6202470","3","11627"
"chr1","6215448","6215713","chr1","6227886","6228151","0","12438"
"chr1","6226259","6226424","chr1","6238419","6238584","3","12160"
"chr1","6241088","6241240","chr13","52690882","52691035","26","46449794"
"chr1","6286512","6286828","chr1","6295907","6296192","31","9395"
"chr1","6351250","6351382","chr1","6362768","6362900","3","11518"
"chr1","6354881","6355190","chr1","6366301","6366607","6","11420"
"chr1","6366918","6367052","chr1","6377254","6377388","1","10336"
"chr1","6369093","6369384","chr1","6379465","6379753","5","10372"
"chr1","6388803","6389091","chr4","55611080","55611375","61","49222277"
"chr1","6403285","6403578","chr1","6412114","6412407","3","8829"
"chr1","6406086","6406368","chr1","6414928","6415215","9","8842"
"chr1","6429563","6429866","chr1_KI270714v1_random","37229","37523","24","6392334"
"chr1","6456896","6456992","chr16","30130668","30130761","21","23673772"
"chr1","6497884","6498161","chr1","42818496","42818769","63","36320612"
"chr1","6508926","6509230","chr1","6514178","6514479","8","5252"
"chr1","6531284","6531568","chr1","6536546","6536830","3","5262"
"chr1","6531610","6531748","chr1","6536872","6537019","10","5262"
"chr1","6539737","6539952","chr1","6544309","6544513","14","4572"
"chr1","6553283","6553591","chr1","6557421","6557729","3","4138"
"chr1","6553899","6554187","chr1","6558037","6558328","10","4138"
"chr1","6565684","6565892","chr10","70269245","70269451","37","63703561"
"chr1","6576245","6576376","chr1","6582838","6582969","1","6593"
"chr1","6605895","6606085","chr1","6610900","6611090","4","5005"
"chr1","6614016","6614137","chr1","6618434","6618555","2","4418"
"chr1","6621646","6621942","chr1","6626027","6626323","2","4381"
"chr1","6637114","6637239","chr1","6641538","6641658","5","4424"
"chr1","6646307","6646602","chr1","6650295","6650589","4","3988"
"chr1","6689661","6689761","chr11","17203687","17203789","25","10514026"
"chr1","6694952","6695241","chr1","6699024","6699313","4","4072"
"chr1","6713982","6714287","chr1","6721054","6721359","10","7072"
"chr1","6728709","6729013","chr1","6736276","6736577","9","7567"
"chr1","6730770","6731059","chr1","6738311","6738600","6","7541"
"chr1","6732477","6732780","chr1","6740086","6740383","11","7609"
"chr1","6732800","6732927","chr1","6740403","6740530","2","7603"
"chr1","6748186","6748489","chr1","6753753","6754053","7","5567"
"chr1","6752577","6752804","chr2","84818291","84818513","46","78065714"
"chr1","6753411","6753711","chr2","136014936","136015231","57","129261525"
"chr1","6764613","6764925","chr1","6767522","6767838","12","2909"
"chr1","6766309","6766470","chr1","6769228","6769379","17","2919"
"chr1","6792844","6793141","chr1","6795196","6795494","4","2352"
"chr1","6797572","6797878","chr1","6800123","6800429","1","2551"
"chr1","6803106","6803222","chr1","6804738","6804854","0","1632"
"chr1","6813572","6813882","chr1","6815207","6815503","19","1635"
"chr1","6817323","6817493","chr1","6818946","6819116","0","1623"
"chr1","6856814","6857116","chr1","6859508","6859810","2","2694"
"chr1","6862281","6862405","chr1","6864980","6865104","2","2699"
"chr1","6865098","6865411","chr1","6867796","6868109","1","2698"
"chr1","6876876","6877198","chr1","6879601","6879926","11","2725"
"chr1","6902113","6902453","chr1","55238811","55239140","72","48336698"
"chr1","6924228","6924541","chr1","6926720","6927039","10","2492"
"chr1","6977708","6977982","chr1","6981738","6982013","1","4030"
"chr1","7023513","7023808","chr1","7025849","7026143","8","2336"
"chr1","7057543","7057853","chr1","7059336","7059646","3","1793"
"chr1","7125126","7125322","chr1","7132294","7132490","1","7168"
"chr1","7125396","7125492","chr1","7132564","7132660","0","7168"
"chr1","7362170","7362258","chr1","7364446","7364528","6","2276"
"chr1","7393689","7393969","chr1","7393255","7393534","1","434"
"chr1","7652081","7652336","chr1","7647804","7648110","53","4277"
"chr1","7718256","7718562","chr1","7716023","7716329","3","2233"
"chr1","7738883","7739012","chr1","7736075","7736204","3","2808"
"chr1","7759535","7759843","chr1","7756567","7756847","31","2968"
"chr1","7781823","7782087","chr1","7778281","7778549","9","3542"
"chr1","7803932","7804239","chr1","7799760","7800067","5","4172"
"chr1","7810688","7810980","chr1","7806517","7806813","12","4171"
"chr1","7842792","7843038","chr1","7837792","7838038","0","5000"
"chr1","7845316","7845606","chr1","7840321","7840616","7","4995"
"chr1","7845607","7845886","chr1","7840617","7840903","16","4990"
"chr1","7865826","7866008","chr1","7860562","7860743","2","5264"
"chr1","7884972","7885225","chr1","7879987","7880280","45","4985"
"chr1","7910965","7911244","chr1","7904216","7904500","10","6749"
"chr1","7913609","7913903","chrX","119230105","119230393","76","111316496"
"chr1","7917276","7917568","chr1","7910714","7911006","2","6562"
"chr1","7938461","7938747","chr1","7930501","7930787","0","7960"
"chr1","7942050","7942363","chr1","7934094","7934412","12","7956"
"chr1","7960115","7960253","chr1","7953587","7953725","2","6528"
"chr1","7971656","7971801","chr1","7965094","7965241","2","6562"
"chr1","7974214","7974503","chr1","7967638","7967928","6","6576"
"chr1","8000001","8000093","chr12","79602736","79602835","25","71602735"
"chr1","8001940","8002002","chr1","7995342","7995404","0","6598"
"chr1","8056968","8057258","chr1","8054282","8054568","6","2686"
"chr1","8065306","8065590","chr17","78230104","78230388","61","70164798"
"chr1","8084415","8084716","chr1","8082021","8082322","2","2394"
"chr1","8116039","8116329","chr1","8112732","8113021","3","3307"
"chr1","8139892","8140192","chr1","8136530","8136830","5","3362"
"chr1","8153796","8153984","chr1","8150434","8150623","4","3362"
"chr1","8174792","8174918","chr1","8171557","8171683","2","3235"
"chr1","8176020","8176334","chr3","100147260","100147570","57","91971240"
"chr1","8178482","8178769","chr1","8175365","8175652","3","3117"
"chr1","8223354","8223649","chr16","23753508","23753807","54","15530154"
"chr1","8225827","8226121","chr1","8220563","8220867","15","5264"
"chr1","8226529","8226822","chr1","43329516","43329814","54","35102987"
"chr1","8229399","8229699","chr1","8220563","8220867","7","8836"
"chr1","8230021","8230321","chr1","8221224","8221487","41","8797"
"chr1","8246410","8246680","chr1","8236456","8236705","25","9954"
"chr1","8250211","8250284","chr7","3926595","3926671","22","4323616"
"chr1","8256143","8256444","chr1","7840321","7840616","69","415822"
"chr1","8257013","8257273","chr1","8249066","8249326","1","7947"
"chr1","8273114","8273420","chr1","8261406","8261700","19","11708"
"chr1","8297776","8297977","chr1","178277260","178277458","48","169979484"
"chr1","8305302","8305614","chr1","8293793","8294098","9","11509"
"chr1","8347032","8347150","chr10","74767237","74767357","18","66420205"
"chr1","8347339","8347410","chr22","17460017","17460089","23","9112678"
"chr1","8347876","8347937","chr10","101257931","101257992","7","92910055"
"chr1","8424351","8424603","chr4","17777833","17778087","65","9353482"
"chr1","8491935","8492244","chr1","8471518","8471813","19","20417"
"chr1","8516142","8516378","chr2","134982106","134982335","62","126465964"
"chr1","8526675","8526963","chr1","8509526","8509814","3","17149"
"chr1","8531901","8532178","chr1","8515096","8515373","1","16805"
"chr1","8535887","8536236","chr1","8519095","8519440","7","16792"
"chr1","8572032","8572330","chr1","8554405","8554707","9","17627"
"chr1","8573657","8573713","chr1","8556094","8556150","2","17563"
"chr1","8602128","8602404","chr1","8584276","8584551","6","17852"
"chr1","8623831","8624102","chr1","8605846","8606115","5","17985"
"chr1","8626224","8626518","chr1","8608244","8608520","21","17980"
"chr1","8643598","8643679","chrY","23461637","23461726","9","14818039"
"chr1","8643917","8644031","chr1","8625491","8625605","0","18426"
"chr1","8664554","8664865","chr1","8646249","8646566","9","18305"
"chr1","8665135","8665298","chr15","65789874","65790044","41","57124739"
"chr1","8672436","8672713","chr1","8654058","8654335","6","18378"
"chr1","8689673","8689972","chr1","8672174","8672473","6","17499"
"chr1","8702361","8702641","chr1","8684876","8685157","4","17485"
"chr1","8766655","8766950","chr1","8745788","8746083","3","20867"
"chr1","8776646","8776779","chr1","8755783","8755916","2","20863"
"chr1","8776878","8776991","chr1","8756015","8756128","0","20863"
"chr1","8779230","8779477","chr1","8758388","8758639","7","20842"
"chr1","8781453","8781500","chr1","8760618","8760665","0","20835"
"chr1","8806333","8806421","chr1","8783556","8783653","10","22777"
"chr1","8817480","8817689","chr5","177486024","177486210","54","168668544"
"chr1","8835162","8835453","chr1","8811325","8811616","1","23837"
"chr1","8848563","8848725","chr1","8824540","8824702","2","24023"
"chr1","8874252","8874568","chr1","8850323","8850639","5","23929"
"chr1","8875023","8875249","chr1","8851093","8851329","13","23930"
"chr1","8877749","8877956","chr1","203330439","203330658","58","194452690"
"chr1","8886106","8886201","chr1","8862186","8862281","0","23920"
"chr1","8887559","8887644","chr1","8863636","8863721","3","23923"
"chr1","8888255","8888523","chr1","8864328","8864605","18","23927"
"chr1","8899685","8899816","chr10","75680728","75680852","22","66781043"
"chr1","8905157","8905453","chr1","8881437","8881733","8","23720"
"chr1","8912397","8912691","chr1","8888131","8888425","4","24266"
"chr1","8922580","8922808","chr1","8899118","8899373","30","23462"
"chr1","8930550","8930680","chr1","8907213","8907343","1","23337"
"chr1","8932240","8932323","chr11","47562605","47562692","19","38630365"
"chr1","8950583","8950680","chr1","8932508","8932602","4","18075"
"chr1","8956423","8956709","chr1","187626971","187627256","57","178670548"
"chr1","8978530","8978755","chrX","118905556","118905779","47","109927026"
"chr1","8998156","8998334","chr1","8976207","8976380","8","21949"
"chr1","9011288","9011407","chr1","8985749","8985868","1","25539"
"chr1","9011996","9012291","chr1","8986457","8986752","7","25539"
"chr1","9013094","9013278","chr9","121500651","121500834","32","112487557"
"chr1","9022105","9022397","chr1","8995754","8996067","24","26351"
"chr1","9037704","9037840","chr1","9011372","9011508","1","26332"
"chr1","9042053","9042356","chr1","9015721","9016021","7","26332"
"chr1","9082337","9082618","chr1","9054643","9054924","3","27694"
"chr1","9091587","9091826","chr1","9065716","9065953","5","25871"
"chr1","9098131","9098237","chr1","9072304","9072408","3","25827"
"chr1","9100593","9100875","chr1","9074763","9075046","7","25830"
"chr1","9133627","9133775","chr1","9108647","9108795","0","24980"
"chr1","9167308","9167484","chr1","9141751","9141913","14","25557"
"chr1","9175221","9175508","chr8","65698143","65698439","58","56522922"
"chr1","9192525","9192669","chr6","5820054","5820198","30","3372471"
"chr1","9213386","9213598","chr1","9186185","9186397","1","27201"
"chr1","9261170","9261449","chr1","9229722","9229997","10","31448"
"chr1","9277525","9277737","chr1","9186185","9186397","1","91340"
"chr1","9286182","9286303","chr2","119347591","119347713","16","110061409"
"chr1","9322274","9322553","chr1","9229722","9229997","10","92552"
"chr1","9323845","9324148","chr1","9231289","9231587","8","92556"
"chr1","9347816","9348132","chr1","9255300","9255581","38","92516"
"chr1","9357250","9357371","chr1","9265672","9265793","0","91578"
"chr1","9383082","9383210","chr1","9291593","9291721","1","91489"
"chr1","9392990","9393294","chr1","9301208","9301512","1","91782"
"chr1","9458556","9458815","chr1","9365159","9365416","3","93397"
"chr1","9508653","9508932","chr1","9414628","9414940","33","94025"
"chr1","9528776","9529056","chr1","9433938","9434240","29","94838"
"chr1","9546892","9547200","chr17","31800432","31800738","48","22253540"
"chr1","9557733","9558012","chr1","9462862","9463137","5","94871"
"chr1","9564012","9564305","chr1","9469127","9469420","4","94885"
"chr1","9570159","9570384","chr3","181503737","181503962","41","171933578"
"chr1","9572309","9572629","chr1","9476332","9476644","10","95977"
"chr1","9623205","9623302","chr1","9529482","9529579","0","93723"
"chr1","9653023","9653208","chr9","121500651","121500834","37","111847628"
"chr1","9653411","9653522","chr10","38062615","38062721","23","28409204"
"chr1","9729439","9729711","chrX","155993751","155994026","54","146264312"
"chr1","9750784","9751078","chr19","47408116","47408421","62","37657332"
"chr1","9766761","9767060","chr1","9658101","9658403","9","108660"
"chr1","9770044","9770386","chr7","140125568","140125899","104","130355524"
"chr1","9777949","9778108","chr8","100037152","100037315","38","90259203"
"chr1","9778326","9778409","chr1","9669540","9669623","3","108786"
"chr1","9781212","9781509","chr1","9672426","9672723","6","108786"
"chr1","9790083","9790229","chr3","129225533","129225680","28","119435450"
"chr1","9792193","9792272","chr1","9683071","9683154","5","109122"
"chr1","9793695","9793980","chr1","9684577","9684875","19","109118"
"chr1","9795363","9795475","chr17","37029129","37029234","33","27233766"
"chr1","9795477","9795768","chrX","2916951","2917241","62","6878526"
"chr1","9806728","9806999","chr2","235449182","235449458","59","225642454"
"chr1","9807006","9807122","chr1","9697090","9697207","2","109916"
"chr1","9816636","9816914","chr1","9706223","9706513","12","110413"
"chr1","9851018","9851147","chr1","9739563","9739692","0","111455"
"chr1","9855611","9855918","chr1","9743550","9743856","3","112061"
"chr1","9866101","9866398","chr1","2621004","2621302","54","7245097"
"chr1","9894862","9894985","chr1","9783298","9783437","16","111564"
"chr1","9895944","9896096","chr1","9784359","9784518","8","111585"
"chr1","9897341","9897387","chr1","40443280","40443326","9","30545939"
"chr1","9903054","9903269","chr1","9791318","9791533","6","111736"
"chr1","9929438","9929554","chr1","9817085","9817202","6","112353"
"chr1","9944469","9944619","chr1","9829500","9829651","2","114969"
"chr1","9945602","9945700","chr1","42291682","42291773","30","32346080"
"chr1","9953649","9953877","chr1","9838713","9838941","1","114936"
"chr1","9984158","9984471","chr1","9868986","9869299","1","115172"
"chr1","10057132","10057441","chr1","9937562","9937871","7","119570"
"chr1","10057762","10058049","chr1","9938178","9938459","8","119584"
"chr1","10063921","10064028","chr17","78496232","78496347","25","68432311"
"chr1","10085335","10085609","chr9","129218712","129218992","65","119133377"
"chr1","10116553","10116841","chr1","9995116","9995404","6","121437"
"chr1","10129009","10129117","chr10","12109706","12109815","21","1980697"
"chr1","10142290","10142568","chr1","10020011","10020290","3","122279"
"chr1","10162792","10162911","chr1","10040410","10040529","0","122382"
"chr1","10179886","10180123","chr1","10057414","10057652","1","122472"
"chr1","10188624","10188912","chr1","10066139","10066428","5","122485"
"chr1","10198772","10199063","chr1","10075770","10076061","4","123002"
"chr1","10205230","10205532","chr17","29234182","29234479","62","19028952"
"chr1","10211693","10211997","chr1","10088674","10088978","5","123019"
"chr1","10212417","10212548","chr1","10089398","10089517","14","123019"
"chr1","10213162","10213453","chr1","10090128","10090419","6","123034"
"chr1","10213643","10213753","chr1","10090609","10090719","2","123034"
"chr1","10215112","10215248","chr1","10092086","10092222","1","123026"
"chr1","10257292","10257427","chr1","10133629","10133760","7","123663"
"chr1","10259856","10260142","chr1","10136191","10136501","27","123665"
"chr1","10284927","10285216","chr1","10160665","10160951","6","124262"
"chr1","10287341","10287538","chr1","10163078","10163267","12","124263"
"chr1","10313007","10313262","chr1","10195344","10195599","1","117663"
"chr1","10316400","10316700","chr1","10198727","10199026","6","117673"
"chr1","10316709","10316825","chr1","10199029","10199151","6","117680"
"chr1","10339194","10339349","chr1","10220500","10220654","1","118694"
"chr1","10352352","10352503","chr1","10233335","10233486","2","119017"
"chr1","10360145","10360418","chr1","10241130","10241403","1","119015"
"chr1","10368652","10368950","chr1","10249620","10249918","2","119032"
"chr1","10369012","10369140","chr1","10249980","10250108","1","119032"
"chr1","10372386","10372680","chr1","10253359","10253654","1","119027"
"chr1","10403363","10403515","chr1","10284093","10284245","0","119270"
"chr1","10407432","10407501","chr1","10288165","10288234","0","119267"
"chr1","10469311","10469467","chr1","10348780","10348936","2","120531"
"chr1","10477744","10478003","chr1","10357466","10357724","3","120278"
"chr1","10487337","10487470","chr1","10365815","10365948","2","121522"
"chr1","10491094","10491240","chr1","10370816","10370962","2","120278"
"chr1","10492528","10492796","chr1","10372253","10372526","6","120275"
"chr1","10504313","10504591","chr1","10383745","10384010","14","120568"
"chr1","10521427","10521601","chr1","10400808","10400982","1","120619"
"chr1","10522872","10522989","chr1","10402252","10402369","2","120620"
"chr1","10527786","10527917","chr15","90180448","90180579","27","79652662"
"chr1","10542413","10542718","chr1","10421814","10422108","20","120599"
"chr1","10565771","10566068","chr1","10445121","10445418","3","120650"
"chr1","10566657","10566812","chr1","10446003","10446158","1","120654"
"chr1","10578627","10578843","chrX","120023777","120023984","43","109445150"
"chr1","10596501","10596683","chr1","10473868","10474050","1","122633"
"chr1","10616247","10616510","chr1","10493431","10493701","7","122816"
"chr1","10628218","10628488","chr1","10505188","10505453","8","123030"
"chr1","10628584","10628705","chr5","168189778","168189907","22","157561194"
"chr1","10689924","10690230","chr1","10564431","10564733","5","125493"
"chr1","10693289","10693423","chr1","10567795","10567929","4","125494"
"chr1","11016637","11016967","chr1","10883450","10883774","8","133187"
"chr1","11122240","11122538","chr1","10987547","10987844","4","134693"
"chr1","11126509","11126815","chr1","10991825","10992130","5","134684"
"chr1","11132661","11132958","chr1","10998003","10998300","5","134658"
"chr1","11148583","11148754","chr2","69392552","69392722","35","58243969"
"chr1","11149392","11149495","chr1","11017081","11017184","4","132311"
"chr1","11202578","11202793","chr22","29197579","29197794","47","17995001"
"chr1","11210270","11210562","chr1","11078001","11078260","38","132269"
"chr1","11221642","11221915","chr20","41305238","41305496","67","30083596"
"chr1","11228711","11228829","chr1","11094159","11094277","0","134552"
"chr1","11252642","11252746","chr1","11116683","11116787","1","135959"
"chr1","11259706","11259997","chr1","11123475","11123766","3","136231"
"chr1","11260456","11260641","chr1","11124230","11124414","2","136226"
"chr1","11270005","11270292","chr1","11133783","11134072","4","136222"
"chr1","11272737","11273042","chr1","11136502","11136792","19","136235"
"chr1","11291046","11291139","chr1","11154293","11154391","5","136753"
"chr1","11291610","11291801","chr1","11154864","11155055","2","136746"
"chr1","11360695","11360803","chr1","11222520","11222631","4","138175"
"chr1","11370307","11370587","chr1","11231736","11232015","3","138571"
"chr1","11384172","11384461","chr1","11245617","11245917","11","138555"
"chr1","11400871","11400986","chr7","66913948","66914063","14","55513077"
"chr1","11439614","11439813","chr1","11302360","11302560","4","137254"
"chr1","11440733","11441044","chr1","11303477","11303787","7","137256"
"chr1","11461506","11461628","chr1","11324274","11324396","1","137232"
"chr1","11521183","11521471","chr1","11383273","11383561","1","137910"
"chr1","11542705","11543010","chr1","11403460","11403768","9","139245"
"chr1","11544986","11545279","chr1","11405832","11406132","11","139154"
"chr1","11632140","11632429","chr1","11486686","11486978","5","145454"
"chr1","11690398","11690562","chr2","173124842","173125003","37","161434444"
"chr1","11704953","11705321","chr12","3721252","3721602","96","7983701"
"chr1","11707302","11707537","chr1","237549293","237549520","40","225841991"
"chr1","11708024","11708084","chr12","124128278","124128337","10","112420254"
"chr1","11749752","11750039","chr1","11606655","11606942","5","143097"
"chr1","11805177","11805483","chr1","11660781","11661082","7","144396"
"chr1","11812645","11812807","chr1","11668402","11668564","2","144243"
"chr1","11816446","11816556","chr1","11670646","11670755","2","145800"
"chr1","11831822","11832134","chr1","11684917","11685230","7","146905"
"chr1","11874926","11875258","chr1","11727765","11728097","4","147161"
"chr1","11880010","11880302","chr1","11732830","11733123","7","147180"
"chr1","11891156","11891454","chr1","11743995","11744293","1","147161"
"chr1","11908370","11908666","chr1","11759913","11760211","5","148457"
"chr1","11935395","11935719","chr1","11786427","11786743","11","148968"
"chr1","11947215","11947329","chr1","11798281","11798395","1","148934"
"chr1","11957203","11957318","chr1","11808271","11808393","7","148932"
"chr1","11966114","11966265","chr5","107397126","107397266","34","95431012"
"chr1","11969218","11969317","chr1","11820196","11820295","2","149022"
"chr1","12001816","12001883","chr11","134369545","134369614","11","122367729"
"chr1","12017520","12017778","chr1","11867489","11867747","1","150031"
"chr1","12019133","12019440","chr1","11869096","11869406","8","150037"
"chr1","12023076","12023170","chr1","8862186","8862281","17","3160890"
"chr1","12027514","12027823","chr1","11877434","11877738","21","150080"
"chr1","12051966","12052026","chr2","23985603","23985664","9","11933637"
"chr1","12069685","12069822","chr1","11931477","11931614","0","138208"
"chr1","12078573","12078707","chr1","11939928","11940062","1","138645"
"chr1","12095963","12096079","chr3","152358792","152358909","11","140262829"
"chr1","12127649","12127977","chr1","11987652","11987976","8","139997"
"chr1","12132492","12132568","chr9","129277422","129277492","20","117144930"
"chr1","12161345","12161457","chr17","56953432","56953545","36","44792087"
"chr1","12174032","12174138","chr1","12033418","12033524","2","140614"
"chr1","12190936","12191218","chr1","12050157","12050453","15","140779"
"chr1","12202260","12202373","chr1","12061298","12061411","2","140962"
"chr1","12205995","12206071","chr1","12064989","12065066","3","141006"
"chr1","12211839","12211956","chr1","12070505","12070622","0","141334"
"chr1","12256266","12256445","chr1","12119592","12119776","7","136674"
"chr1","12268849","12269141","chr1","12131504","12131792","9","137345"
"chr1","12285977","12286273","chr1","12148646","12148943","7","137331"
"chr1","12339055","12339353","chr1","12200975","12201290","21","138080"
"chr1","12344453","12344530","chr1","12206389","12206462","4","138064"
"chr1","12376352","12376531","chr1","12238294","12238444","29","138058"
"chr1","12376687","12376986","chr1","12238630","12238929","4","138057"
"chr1","12378985","12379302","chr1","12240925","12241242","3","138060"
"chr1","12381305","12381502","chr1","12243258","12243454","5","138047"
"chr1","12383623","12383802","chr1","12245578","12245741","20","138045"
"chr1","12392006","12392129","chr1","12254217","12254340","2","137789"
"chr1","12397093","12397381","chr1","12259314","12259603","4","137779"
"chr1","12407626","12407926","chr1","12269866","12270166","3","137760"
"chr1","12409669","12409949","chr1","12271910","12272190","6","137759"
"chr1","12464509","12464644","chr1","12325081","12325216","4","139428"
"chr1","12483276","12483393","chr9","130840702","130840818","9","118357426"
"chr1","12524012","12524281","chr1","12384615","12384915","32","139397"
"chr1","12551759","12551880","chr1","12411353","12411474","1","140406"
"chr1","12606465","12606752","chr14","64608965","64609256","54","52002500"
"chr1","12657060","12657309","chr1","12514113","12514363","4","142947"
"chr1","12670615","12670914","chr1","12526627","12526925","5","143988"
"chr1","12685570","12685767","chrX","40749310","40749520","55","28063740"
"chr1","12688964","12689270","chr1","12543218","12543523","3","145746"
"chr1","12712166","12712267","chr9","95285585","95285685","17","82573419"
"chr1","12713336","12713656","chr1","12566596","12566917","7","146740"
"chr1","12723888","12723961","chr2","231623702","231623772","11","218899814"
"chr1","12790948","12790987","chr1","12644036","12644075","0","146912"
"chr1","12792115","12792422","chr1","12645535","12645842","2","146580"
"chr1","12822186","12822481","chr1","12675606","12675895","10","146580"
"chr1","12834932","12835243","chr4","57643210","57643515","59","44808278"
"chr1","12846539","12846787","chr9","127072221","127072474","55","114225682"
"chr1","12888501","12888818","chr1","12742495","12742812","1","146006"
"chr1","12937331","12937623","chr12","50310840","50311123","71","37373509"
"chr1","12967459","12967740","chr1","12878443","12878732","45","89016"
"chr1","12986607","12986856","chr19","36134968","36135225","53","23148361"
"chr1","13051760","13051956","chr7","27784723","27784905","59","14732963"
"chr1","13165589","13165729","chr1","13233958","13234104","8","68369"
"chr1","13165830","13165931","chr10","97200913","97201007","22","84035083"
"chr1","13179112","13179403","chr1","13078364","13078655","8","100748"
"chr1","13432504","13432604","chr1","39924303","39924403","24","26491799"
"chr1","13464619","13464727","chr21","5235886","5235996","17","8228733"
"chr1","13511356","13511545","chr1","13438906","13439095","6","72450"
"chr1","13528813","13529111","chr1","13457899","13458194","12","70914"
"chr1","13567451","13567737","chr1","13496183","13496470","8","71268"
"chr1","13608529","13608833","chr1","13534788","13535092","3","73741"
"chr1","13625280","13625584","chr1","13549888","13550184","10","75392"
"chr1","13651619","13651910","chr1","13575063","13575354","6","76556"
"chr1","13668244","13668392","chr1","13591706","13591854","2","76538"
"chr1","13690541","13690840","chr1","13614504","13614802","3","76037"
"chr1","13748158","13748468","chr4","57643210","57643515","51","43895052"
"chr1","13840300","13840606","chr1","13767304","13767605","9","72996"
"chr1","13841503","13841805","chr1","13767695","13767997","1","73808"
"chr1","13870338","13870636","chr1","13796474","13796772","7","73864"
"chr1","13910928","13911241","chr1","13837095","13837410","14","73833"
"chr1","13949564","13949742","chr1","13876201","13876379","5","73363"
"chr1","13969667","13969926","chr5","172198227","172198482","49","158228560"
"chr1","13992887","13992981","chr7","65473878","65473965","20","51480991"
"chr1","14104542","14104860","chr1","14023033","14023351","3","81509"
"chr1","14118315","14118454","chr1","14036541","14036660","20","81774"
"chr1","14231609","14231735","chr1","14144464","14144588","3","87145"
"chr1","14320555","14320862","chr1","14233131","14233433","7","87424"
"chr1","14348844","14348959","chr16","31356312","31356427","16","17007468"
"chr1","14643804","14643920","chr1","14544753","14544869","1","99051"
"chr1","14685183","14685486","chr1","14586513","14586821","12","98670"
"chr1","14710239","14710493","chr1","14611451","14611705","3","98788"
"chr1","14730150","14730267","chr1","14630405","14630522","2","99745"
"chr1","14750870","14751165","chr1","14650273","14650569","7","100597"
"chr1","14763799","14764060","chr1","14662982","14663256","16","100817"
"chr1","14797748","14798088","chr1","14697009","14697359","19","100739"
"chr1","14814897","14815217","chr1","14713659","14713983","13","101238"
"chr1","14816341","14816432","chr1","14715095","14715186","1","101246"
"chr1","14861795","14861928","chr1","14760672","14760803","7","101123"
"chr1","14878064","14878372","chr1","14776647","14776955","10","101417"
"chr1","14884266","14884355","chr1","14781690","14781779","0","102576"
"chr1","14932185","14932346","chr1","14829424","14829585","1","102761"
"chr1","14970180","14970474","chr1","14866447","14866740","5","103733"
"chr1","15091757","15092081","chr1","14985287","14985556","62","106470"
"chr1","15105904","15106067","chr1","14999026","14999189","0","106878"
"chr1","15107711","15108008","chr1","15000822","15001119","7","106889"
"chr1","15228675","15228976","chr1","15119372","15119667","14","109303"
"chr1","15232176","15232308","chr1","15122873","15123005","2","109303"
"chr1","15264536","15264653","chr1","15157975","15158092","1","106561"
"chr1","15280812","15281109","chr1","15174245","15174542","1","106567"
"chr1","15313100","15313397","chr1","15205963","15206257","9","107137"
"chr1","15347733","15348014","chr1","15238925","15239206","0","108808"
"chr1","15359454","15359597","chr1","15250697","15250840","1","108757"
"chr1","15371192","15371297","chr1","15262454","15262559","1","108738"
"chr1","15374842","15375143","chr1","15266103","15266404","8","108739"
"chr1","15408163","15408495","chr1","15298888","15299229","20","109275"
"chr1","15421644","15421935","chr22","25465209","25465500","53","10043565"
"chr1","15475933","15476215","chr1","15365327","15365602","9","110606"
"chr1","15484187","15484455","chr4","138856558","138856829","62","123372371"
"chr1","15496087","15496374","chr1","15385505","15385792","2","110582"
"chr1","15500390","15500674","chr1","15389182","15389468","13","111208"
"chr1","15515903","15516200","chr1","15404296","15404593","7","111607"
"chr1","15528773","15529075","chr16","15346007","15346310","42","182766"
"chr1","15536401","15536698","chr1","15423908","15424203","4","112493"
"chr1","15544399","15544684","chr1","15431915","15432202","17","112484"
"chr1","15549900","15550064","chr10","33075738","33075897","25","17525838"
"chr1","15563182","15563489","chr1","15450124","15450431","5","113058"
"chr1","15581016","15581292","chr1","235183807","235184078","64","219602791"
"chr1","15616438","15616546","chr1","15504030","15504138","0","112408"
"chr1","15632135","15632427","chr1","15519725","15520019","7","112410"
"chr1","15642613","15642833","chr1","15530135","15530357","3","112478"
"chr1","15645694","15645800","chr1","15533216","15533322","0","112478"
"chr1","15668497","15668603","chr1","15556022","15556128","0","112475"
"chr1","15670652","15670969","chr1","15558172","15558486","5","112480"
"chr1","15679084","15679380","chr1","15566602","15566899","2","112482"
"chr1","15694477","15694769","chr1","15581081","15581373","1","113396"
"chr1","15698707","15698820","chr1","15585279","15585402","11","113428"
"chr1","15701009","15701203","chr1","15587627","15587825","8","113382"
"chr1","15702263","15702381","chr1","15588898","15589007","11","113365"
"chr1","15705341","15705448","chr1","88998980","88999085","18","73293639"
"chr1","15706705","15706933","chrX","16633072","16633302","46","926367"
"chr1","15725947","15726214","chr1","15610420","15610687","2","115527"
"chr1","15748883","15749028","chr1","15631269","15631414","0","117614"
"chr1","15768588","15768863","chr1","15650464","15650738","2","118124"
"chr1","15770184","15770471","chr1","15652059","15652347","2","118125"
"chr1","15771713","15771909","chr3","183128645","183128841","43","167356932"
"chr1","15802560","15802842","chr1","15681923","15682205","2","120637"
"chr1","15811569","15811869","chr1","15691831","15692130","4","119738"
"chr1","15817615","15817801","chr1","15697670","15697855","1","119945"
"chr1","15818144","15818445","chr1","15698199","15698504","5","119945"
"chr1","15818964","15819079","chr1","15699043","15699160","3","119921"
"chr1","15819648","15819937","chr1","15699727","15700016","0","119921"
"chr1","15838387","15838539","chr1","15717268","15717423","5","121119"
"chr1","15844600","15844887","chr1","15723471","15723769","14","121129"
"chr1","15889553","15889834","chr1","15766892","15767192","32","122661"
"chr1","15902953","15903261","chr1","15779874","15780190","10","123079"
"chr1","15911233","15911348","chr1","15788611","15788728","2","122622"
"chr1","15925841","15926127","chr1","15803589","15803875","3","122252"
"chr1","15935454","15935569","chr1","15812550","15812633","32","122904"
"chr1","15936022","15936197","chr1","15813059","15813258","25","122963"
"chr1","15941221","15941518","chr1","15818271","15818567","5","122950"
"chr1","15946955","15947031","chr1","28243096","28243175","14","12296141"
"chr1","15989407","15989454","chr1","15867596","15867643","0","121811"
"chr1","16008850","16009130","chr1","15886992","15887272","1","121858"
"chr1","16023289","16023416","chr1","15902530","15902657","0","120759"
"chr1","16034955","16035224","chr1","15913626","15913886","11","121329"
"chr1","16085049","16085179","chr1","15962981","15963111","0","122068"
"chr1","16085897","16086204","chr1","15963829","15964137","3","122068"
"chr1","16096972","16097180","chr1","15974258","15974473","8","122714"
"chr1","16102548","16102842","chr1","15979841","15980135","4","122707"
"chr1","16108016","16108327","chr1","15985343","15985654","5","122673"
"chr1","16118220","16118510","chr1","15995396","15995686","0","122824"
"chr1","16119236","16119352","chr4","155386601","155386717","15","139267365"
"chr1","16174007","16174313","chr1","16047162","16047444","31","126845"
"chr1","16197397","16197683","chr1","16069771","16070057","6","127626"
"chr1","16209009","16209248","chr1","16081378","16081619","10","127631"
"chr1","16212631","16212858","chr1","16086401","16086628","3","126230"
"chr1","16215296","16215636","chr1","16089504","16089844","5","125792"
"chr1","16223026","16223322","chr1","16097245","16097541","3","125781"
"chr1","16235142","16235245","chr1","16109315","16109417","3","125827"
"chr1","16261692","16261971","chr1","16135874","16136168","16","125818"
"chr1","16406769","16407019","chr1","16274063","16274336","27","132706"
"chr1","16419220","16419529","chr11","130056116","130056419","84","113636896"
"chr1","16423102","16423287","chr1","16289736","16289921","3","133366"
"chr1","16438488","16438788","chr1","16305103","16305403","1","133385"
"chr1","16450879","16451040","chr1","16321694","16321855","1","129185"
"chr1","16453718","16454026","chr1","16324537","16324845","4","129181"
"chr1","16464467","16464599","chr1","12075252","12075385","21","4389215"
"chr1","16464647","16464752","chr14","90400550","90400648","30","73935903"
"chr1","16486527","16486680","chr1","16356248","16356393","10","130279"
"chr1","16500001","16500068","chr17","65517598","65517664","11","49017597"
"chr1","16504752","16504909","chr1","16370642","16370800","2","134110"
"chr1","16557504","16557805","chr1","16422510","16422807","5","134994"
"chr1","16560765","16560886","chr1","16425311","16425436","8","135454"
"chr1","16561378","16561501","chr1","16425924","16426047","2","135454"
"chr1","16564659","16564919","chr1","16429143","16429428","30","135516"
"chr1","16570111","16570432","chr1","16434275","16434595","3","135836"
"chr1","16634641","16634920","chr3","12311106","12311369","72","4323535"
"chr1","16644017","16644235","chr7","71687759","71687997","79","55043742"
"chr1","16778984","16779202","chr7","71687759","71687997","79","54908775"
"chr1","16780406","16780624","chr7","71687759","71687997","79","54907353"
"chr1","16810534","16810797","chr19","17801483","17801763","58","990949"
"chr1","16811663","16811732","chr3","1896646","1896715","12","14915017"
"chr1","16812115","16812275","chr14","76566768","76566926","31","59754653"
"chr1","16836947","16837046","chr18","13162926","13163027","23","3674021"
"chr1","16853164","16853300","chr22","29170189","29170324","19","12317025"
"chr1","16879808","16880121","chr1","16981906","16982217","7","102098"
"chr1","16919942","16920096","chr1","17021298","17021451","1","101356"
"chr1","16927711","16928024","chr1","17029094","17029416","13","101383"
"chr1","16938046","16938373","chr1","17039303","17039633","4","101257"
"chr1","16947706","16947985","chr1","17049011","17049290","8","101305"
"chr1","16966463","16966770","chr1","17066152","17066460","9","99689"
"chr1","16974726","16974846","chr1","17074413","17074533","4","99687"
"chr1","17004267","17004479","chr1","17103782","17103998","6","99515"
"chr1","17035240","17035405","chr1","17132367","17132529","5","97127"
"chr1","17074477","17074764","chr1","17169548","17169835","5","95071"
"chr1","17115291","17115498","chr1","204184878","204185087","47","187069587"
"chr1","17149342","17149654","chr18","3160185","3160485","53","13989157"
"chr1","17222591","17222709","chr1","17317106","17317224","2","94515"
"chr1","17230011","17230127","chr3","32666206","32666322","13","15436195"
"chr1","17233511","17233752","chr9","92277466","92277691","57","75043955"
"chr1","17240552","17240839","chr1","17334861","17335147","3","94309"
"chr1","17285877","17286132","chr20","34272605","34272859","61","16986728"
"chr1","17333103","17333371","chr1","17430235","17430502","6","97132"
"chr1","17350629","17350907","chr1","17448532","17448810","10","97903"
"chr1","17373495","17373768","chr1","17471621","17471894","2","98126"
"chr1","17380337","17380546","chr18","55188801","55188997","62","37808464"
"chr1","17400009","17400313","chr1","17493760","17494063","6","93751"
"chr1","17436079","17436378","chr1","17528211","17528510","3","92132"
"chr1","17446248","17446611","chr1","17537735","17538085","14","91487"
"chr1","17462416","17462541","chr2","85522402","85522525","26","68059986"
"chr1","17462607","17462746","chr12","11888709","11888848","21","5573898"
"chr1","17463515","17463828","chr1","17554576","17554890","12","91061"
"chr1","17493407","17493568","chr1","17583861","17584022","4","90454"
"chr1","17493584","17493889","chr1","17584038","17584344","6","90454"
"chr1","17612767","17613014","chr1","17705925","17706170","4","93158"
"chr1","17650125","17650408","chr1","17740263","17740572","28","90138"
"chr1","17664265","17664396","chr1","17754449","17754580","2","90184"
"chr1","17666805","17666960","chr1","17756986","17757141","1","90181"
"chr1","17696474","17696781","chr17","31268698","31269005","63","13572224"
"chr1","17861703","17861867","chr11","118800039","118800201","28","100938336"
"chr1","17862256","17862397","chr6","106584108","106584237","31","88721852"
"chr1","17885248","17885544","chr11","32202157","32202451","59","14316909"
"chr1","17991780","17991891","chr12","58965081","58965189","23","40973301"
"chr1","18069491","18069763","chr1","18149971","18150243","5","80480"
"chr1","18081816","18082017","chrX","72282042","72282241","41","54200226"
"chr1","18125321","18125620","chr1","18206267","18206565","9","80946"
"chr1","18269057","18269247","chr10","74541599","74541786","40","56272542"
"chr1","18333351","18333652","chr1","18400304","18400621","17","66953"
"chr1","18388271","18388583","chr1","18455590","18455902","1","67319"
"chr1","18408081","18408384","chr1","18475344","18475646","3","67263"
"chr1","18439961","18440112","chr1","18507367","18507519","2","67406"
"chr1","18500528","18500821","chr1","18562449","18562742","2","61921"
"chr1","18631550","18631833","chr1","18690985","18691268","4","59435"
"chr1","18750260","18750421","chr1","85460969","85461127","27","66710709"
"chr1","18906623","18906928","chr11","123708656","123708957","59","104802033"
"chr1","18927212","18927486","chr16","74118427","74118701","48","55191215"
"chr1","18945728","18945845","chr4","84607614","84607731","12","65661886"
"chr1","18967364","18967487","chrX","133469764","133469891","20","114502400"
"chr1","18983122","18983418","chr1","19036912","19037204","12","53790"
"chr1","19001090","19001355","chr1","62434650","62434909","63","43433560"
"chr1","19077178","19077466","chr1","19130911","19131208","10","53733"
"chr1","19080526","19080671","chr1","19134282","19134444","18","53756"
"chr1","19102190","19102361","chr1","19156019","19156183","7","53829"
"chr1","19116354","19116549","chr1","19170199","19170396","5","53845"
"chr1","19133920","19134201","chr1","19187781","19188070","13","53861"
"chr1","19150617","19150890","chr1","19200872","19201145","3","50255"
"chr1","19166455","19166752","chr1","19216692","19216989","3","50237"
"chr1","19206178","19206384","chr11","33785699","33785912","55","14579521"
"chr1","19210333","19210526","chr1","19259363","19259556","2","49030"
"chr1","19214559","19214764","chr1","19263576","19263781","2","49017"
"chr1","19226595","19226718","chr4","151341948","151342069","24","132115353"
"chr1","19226746","19226812","chr2","47840734","47840802","17","28613988"
"chr1","19230100","19230190","chr10","99780671","99780755","20","80550571"
"chr1","19240412","19240539","chr4","151341948","151342069","26","132101536"
"chr1","19240559","19240644","chr3","33772709","33772793","20","14532150"
"chr1","19243826","19244119","chr1","19292733","19293027","3","48907"
"chr1","19244665","19244795","chr1","19293573","19293703","0","48908"
"chr1","19255542","19255840","chr1","19304654","19304952","4","49112"
"chr1","19267901","19268081","chr10","102902040","102902218","39","83634139"
"chr1","19268163","19268294","chr15","40572159","40572280","32","21303996"
"chr1","19274651","19274946","chr1","19322886","19323178","10","48235"
"chr1","19284947","19285082","chr3","33138725","33138860","17","13853778"
"chr1","19315799","19316033","chr1","19363084","19363318","7","47285"
"chr1","19336400","19336533","chr2","231698543","231698676","21","212362143"
"chr1","19336900","19336952","chr10","89133420","89133470","12","69796520"
"chr1","19364451","19364588","chr1","19411062","19411199","2","46611"
"chr1","19366741","19367020","chr1","19413353","19413632","3","46612"
"chr1","19396516","19396830","chr1","19443105","19443421","7","46589"
"chr1","19403478","19403798","chr11","123312061","123312372","59","103908583"
"chr1","19429720","19430057","chr9","131022578","131022876","92","111592858"
"chr1","19442692","19443007","chr1","19488247","19488562","4","45555"
"chr1","19453579","19453881","chrX","101106780","101107084","56","81653201"
"chr1","19456050","19456353","chr1","19500004","19500303","8","43954"
"chr1","19461262","19461382","chr1","19504444","19504564","1","43182"
"chr1","19468690","19468762","chr1","19512132","19512204","0","43442"
"chr1","19473579","19473685","chr7","143596539","143596643","23","124122960"
"chr1","19475249","19475373","chr1","183930591","183930719","17","164455342"
"chr1","19480262","19480441","chr4","83000006","83000193","42","63519744"
"chr1","19489010","19489309","chr1","19531844","19532143","6","42834"
"chr1","19512090","19512370","chr1","19554869","19555156","10","42779"
"chr1","19515076","19515155","chr1","225404822","225404899","14","205889746"
"chr1","19523317","19523435","chr11","74539818","74539935","13","55016501"
"chr1","19525723","19525998","chr1","19568904","19569180","5","43181"
"chr1","19531731","19532066","chr1","19574931","19575264","14","43200"
"chr1","19539630","19539898","chr2","164792143","164792407","62","145252513"
"chr1","19540393","19540692","chr1","19583565","19583864","4","43172"
"chr1","19543951","19544233","chr1","19590340","19590622","6","46389"
"chr1","19545052","19545362","chr1","19591446","19591756","8","46394"
"chr1","19584214","19584510","chr1","19630297","19630593","1","46083"
"chr1","19592636","19592955","chr5","173270060","173270377","60","153677424"
"chr1","19602268","19602531","chr1","19647185","19647454","12","44917"
"chr1","19623219","19623327","chr1","19668240","19668345","3","45021"
"chr1","19653550","19653863","chr1","19696269","19696582","3","42719"
"chr1","19654553","19654877","chr1","19697272","19697596","4","42719"
"chr1","19667369","19667666","chr1","19710102","19710389","18","42733"
"chr1","19672913","19673030","chr1","19716035","19716152","1","43122"
"chr1","19677103","19677400","chr1","19710102","19710389","16","32999"
"chr1","19680107","19680255","chr1","19713556","19713709","10","33449"
"chr1","19681790","19681937","chr4","145491302","145491447","29","125809512"
"chr1","19687847","19688168","chr1","19721507","19721788","44","33660"
"chr1","19698835","19699104","chr1","156552793","156553069","44","136853958"
"chr1","19756038","19756350","chr1","19785977","19786289","1","29939"
"chr1","19817176","19817252","chr1","19847758","19847834","2","30582"
"chr1","19849542","19849825","chr1","19879625","19879908","1","30083"
"chr1","19885277","19885566","chr1","19914910","19915201","8","29633"
"chr1","19921911","19922211","chr1","19951650","19951948","10","29739"
"chr1","20010250","20010512","chr1","20038530","20038792","2","28280"
"chr1","20029898","20030192","chr1","20059151","20059446","3","29253"
"chr1","20033247","20033359","chr17","50759336","50759448","16","30726089"
"chr1","20033789","20033945","chr20","47120228","47120383","33","27086439"
"chr1","20037747","20038043","chr2","169355897","169356192","61","149318150"
"chr1","20066963","20067082","chr1","20095046","20095168","3","28083"
"chr1","20083432","20083716","chr20","37337025","37337322","59","17253593"
"chr1","20083721","20083763","chr1","20111777","20111819","1","28056"
"chr1","20097480","20097749","chr1","20125589","20125858","8","28109"
"chr1","20117652","20117932","chr1","20145633","20145906","14","27981"
"chr1","20141439","20141747","chr1","20169171","20169479","2","27732"
"chr1","20179257","20179419","chr1","20206541","20206703","1","27284"
"chr1","20271195","20271497","chr1","20297997","20298306","13","26802"
"chr1","20319828","20320160","chr1","20347430","20347762","7","27602"
"chr1","20349794","20350093","chr1","20378152","20378451","1","28358"
"chr1","20457681","20457752","chr7","101745490","101745566","15","81287809"
"chr1","20480167","20480455","chr14","24089248","24089546","59","3609081"
"chr1","20504560","20504706","chr1","20534337","20534483","4","29777"
"chr1","20511417","20511683","chrX","23955743","23956014","62","3444326"
"chr1","20514199","20514492","chr1","20543651","20543948","6","29452"
"chr1","20527144","20527290","chr1","20556149","20556295","2","29005"
"chr1","20528886","20529032","chr1","20556149","20556295","3","27263"
"chr1","20555641","20555763","chr1","20581552","20581674","2","25911"
"chr1","20563556","20563826","chr1","20588281","20588553","5","24725"
"chr1","20568087","20568397","chr1","20592811","20593121","7","24724"
"chr1","20577521","20577801","chr1","20601847","20602127","2","24326"
"chr1","20585954","20586255","chr1","20610959","20611260","5","25005"
"chr1","20612091","20612353","chr1","20635886","20636148","8","23795"
"chr1","20636072","20636375","chr16","18723394","18723684","52","1912678"
"chr1","20651021","20651138","chr1","20673409","20673526","0","22388"
"chr1","20657112","20657459","chr1","20679159","20679506","6","22047"
"chr1","20668426","20668535","chr5","58933642","58933753","23","38265216"
"chr1","20674812","20675114","chr1","20698946","20699248","2","24134"
"chr1","20696058","20696302","chr1","20719065","20719309","4","23007"
"chr1","20699887","20700055","chr1","20723035","20723203","1","23148"
"chr1","20711513","20711560","chr1","20733404","20733451","6","21891"
"chr1","20711625","20711671","chr1","20733404","20733451","5","21779"
"chr1","20711794","20711837","chr1","20733404","20733451","8","21610"
"chr1","20711848","20711890","chr13","87955790","87955834","7","67243942"
"chr1","20730678","20730794","chr1","20747899","20748015","1","17221"
"chr1","20753966","20754249","chr1","20770318","20770614","18","16352"
"chr1","20768536","20768778","chr10","5555693","5555951","62","15212843"
"chr1","20777856","20778123","chr1","20792009","20792276","2","14153"
"chr1","20791292","20791449","chr1","20805076","20805228","5","13784"
"chr1","20797786","20797903","chr1","20811295","20811412","2","13509"
"chr1","20807326","20807694","chr11","61261461","61261819","113","40454135"
"chr1","20848291","20848601","chr1","20862774","20863088","8","14483"
"chr1","20857648","20857928","chr1","20872141","20872422","3","14493"
"chr1","20860485","20860790","chr1","20874979","20875283","3","14494"
"chr1","20861447","20861752","chr1","20875940","20876249","5","14493"
"chr1","20862213","20862486","chr1","20876716","20876989","1","14503"
"chr1","20868274","20868560","chr1","20882810","20883095","4","14536"
"chr1","20895254","20895552","chr1","20909779","20910074","5","14525"
"chr1","20897470","20897747","chr1","20912008","20912285","4","14538"
"chr1","20903687","20903975","chr1","20918219","20918507","1","14532"
"chr1","20929710","20930014","chr1","20944233","20944537","4","14523"
"chr1","20930940","20931234","chr12","54397903","54398197","58","33466963"
"chr1","20942100","20942333","chr1","20956670","20956903","1","14570"
"chr1","20995696","20995993","chr1","21009179","21009480","7","13483"
"chr1","21026718","21026848","chr1","21041257","21041387","1","14539"
"chr1","21045539","21045840","chr1","21062058","21062359","1","16519"
"chr1","21048836","21049002","chr1","21065389","21065559","16","16553"
"chr1","21058210","21058335","chr8","30216335","30216457","21","9158125"
"chr1","21060546","21060853","chr1","21077140","21077424","30","16594"
"chr1","21062826","21063142","chr1","21079386","21079703","7","16560"
"chr1","21068510","21068807","chr1","21085401","21085696","11","16891"
"chr1","21069311","21069479","chr1","21086200","21086369","4","16889"
"chr1","21072655","21072870","chr1","21089519","21089734","1","16864"
"chr1","21078825","21079075","chr1","21095362","21095612","4","16537"
"chr1","21081422","21081548","chr1","21097959","21098085","2","16537"
"chr1","21082131","21082397","chr1","21098668","21098936","4","16537"
"chr1","21082977","21083017","chr1","21099513","21099553","0","16536"
"chr1","21091354","21091660","chr1","21107870","21108176","3","16516"
"chr1","21092846","21092968","chr1","21109363","21109485","1","16517"
"chr1","21110642","21110715","chr1","21127311","21127384","0","16669"
"chr1","21113446","21113552","chr1","21130110","21130216","0","16664"
"chr1","21122369","21122533","chr1","21139309","21139472","7","16940"
"chr1","21133526","21133826","chr1","21148071","21148371","1","14545"
"chr1","21149897","21150031","chr1","21164445","21164580","3","14548"
"chr1","21151600","21151887","chr1","21166146","21166436","5","14546"
"chr1","21169873","21170056","chr1","21183840","21184017","7","13967"
"chr1","21171240","21171522","chr1","21185213","21185489","13","13973"
"chr1","21171530","21171672","chr1","21185497","21185639","0","13967"
"chr1","21199941","21200213","chr1","21213183","21213455","3","13242"
"chr1","21200254","21200537","chr1","21213496","21213779","6","13242"
"chr1","21207228","21207526","chr12","123166111","123166405","51","101958883"
"chr1","21215933","21216089","chr1","85460969","85461127","27","64245036"
"chr1","21231363","21231510","chr7","4315645","4315787","28","16915718"
"chr1","21231982","21232082","chr1","21243418","21243518","2","11436"
"chr1","21284791","21285095","chr1","21296242","21296546","2","11451"
"chr1","21323054","21323333","chr17","74967832","74968108","55","53644778"
"chr1","21431129","21431182","chr1","16610538","16610591","3","4820591"
"chr1","21486717","21486865","chr1","21496533","21496661","20","9816"
"chr1","21506067","21506404","chr1","21515874","21516179","53","9807"
"chr1","21510508","21510824","chr1","21520115","21520430","5","9607"
"chr1","21528257","21528550","chr1","21535334","21535628","4","7077"
"chr1","21535796","21536083","chr1","21542871","21543158","5","7075"
"chr1","21554432","21554684","chr1","21561404","21561656","9","6972"
"chr1","21566013","21566322","chr1","21571708","21572013","9","5695"
"chr1","21620222","21620524","chr1","21630253","21630555","3","10031"
"chr1","21648528","21648644","chr1","21658600","21658716","0","10072"
"chr1","21666175","21666370","chr20","35532912","35533106","43","13866737"
"chr1","21685519","21685720","chr1","21695506","21695707","0","9987"
"chr1","21698951","21699207","chr1","21708929","21709185","4","9978"
"chr1","21704319","21704597","chr1","21714282","21714560","1","9963"
"chr1","21704900","21705120","chr19","8191628","8191863","76","13513272"
"chr1","21741735","21741775","chr1","165883351","165883393","13","144141616"
"chr1","21769046","21769157","chr10","69026500","69026612","17","47257454"
"chr1","21769540","21769863","chr1","21776969","21777295","5","7429"
"chr1","21798881","21799064","chr1","21804203","21804383","6","5322"
"chr1","21800030","21800101","chr3","185851020","185851090","15","164050990"
"chr1","21800970","21801104","chr8","100873673","100873805","21","79072703"
"chr1","21821545","21821828","chr1","21826083","21826366","0","4538"
"chr1","21821829","21821964","chr1","21826367","21826502","2","4538"
"chr1","21878343","21878647","chr1","21883320","21883624","4","4977"
"chr1","21883953","21884116","chr1","21888926","21889089","3","4973"
"chr1","21886640","21886906","chr1","21891613","21891877","3","4973"
"chr1","21902557","21902825","chr1","21907544","21907812","2","4987"
"chr1","21927792","21927909","chr1","21932783","21932900","2","4991"
"chr1","21954854","21955134","chr1","21959928","21960208","4","5074"
"chr1","21966649","21966681","chr12","130078618","130078655","10","108111969"
"chr1","21966816","21966982","chr7","72361361","72361525","37","50394545"
"chr1","21973143","21973423","chr1","21977728","21978008","10","4585"
"chr1","21978825","21978963","chr1","22006578","22006716","1","27753"
"chr1","21997873","21998152","chr1","21977728","21978008","9","20145"
"chr1","22002076","22002212","chr1","22006578","22006716","3","4502"
"chr1","22035947","22036251","chr1","22040421","22040725","3","4474"
"chr1","22039272","22039481","chr1","22043750","22043959","3","4478"
"chr1","22045898","22046028","chr1","22049558","22049688","1","3660"
"chr1","22070141","22070413","chr1","22073677","22073950","2","3536"
"chr1","22106260","22106329","chr1","22110217","22110284","3","3957"
"chr1","22147358","22147659","chr1","22151157","22151452","8","3799"
"chr1","22148277","22148434","chr7","130296680","130296817","41","108148403"
"chr1","22194097","22194411","chr1","22196467","22196774","9","2370"
"chr1","22307341","22307559","chr17","81002937","81003144","41","58695596"
"chr1","22315605","22315754","chr1","161287267","161287423","28","138971662"
"chr1","22368170","22368480","chr1","22371182","22371492","2","3012"
"chr1","22392613","22392766","chr1","22394930","22395084","2","2317"
"chr1","22455182","22455317","chr1","22456987","22457122","1","1805"
"chr1","22466280","22466580","chr1","22467812","22468111","3","1532"
"chr1","22466930","22467256","chr11","30542333","30542656","64","8075403"
"chr1","22526915","22527214","chr1","22528535","22528835","6","1620"
"chr1","22594839","22594945","chr17","59344083","59344192","15","36749244"
"chr1","22677140","22677437","chr1","22670203","22670506","7","6937"
"chr1","22747346","22747504","chr1","22739049","22739207","5","8297"
"chr1","22752904","22753249","chr1","22744534","22744882","10","8370"
"chr1","22761634","22761916","chr1","22752798","22753080","4","8836"
"chr1","22816700","22816998","chr1","22811757","22812055","7","4943"
"chr1","22869374","22869650","chr1","22863775","22864022","35","5599"
"chr1","22937638","22937963","chr1","22931586","22931911","10","6052"
"chr1","22943227","22943532","chr1","22937199","22937507","5","6028"
"chr1","22976083","22976137","chr6","35681881","35681939","11","12705798"
"chr1","22976139","22976271","chr1","150230048","150230178","17","127253909"
"chr1","22987788","22988090","chr1","22979987","22980289","3","7801"
"chr1","22988441","22988526","chr1","22980664","22980749","2","7777"
"chr1","23028391","23028678","chr1","23023861","23024148","5","4530"
"chr1","23102469","23102684","chr7","100132022","100132226","64","77029553"
"chr1","23114105","23114391","chr1","23108335","23108619","5","5770"
"chr1","23117031","23117326","chr1","23111269","23111566","10","5762"
"chr1","23118876","23119197","chr1","23113113","23113434","1","5763"
"chr1","23131562","23131670","chr1","23126337","23126445","1","5225"
"chr1","23139854","23140148","chr1","23134199","23134493","4","5655"
"chr1","23140152","23140450","chr17","75687334","75687635","54","52547182"
"chr1","23148616","23148675","chr1","203906228","203906288","9","180757612"
"chr1","23170636","23170926","chr1","23163268","23163575","20","7368"
"chr1","23184457","23184772","chr1","23176879","23177189","8","7578"
"chr1","23189381","23189649","chr1","23181796","23182061","4","7585"
"chr1","23198047","23198325","chr1","23190211","23190489","6","7836"
"chr1","23203667","23203966","chr1","23195827","23196126","4","7840"
"chr1","23216112","23216253","chr1","23208148","23208288","1","7964"
"chr1","23219609","23219887","chr1","23211661","23211962","27","7948"
"chr1","23232454","23232724","chr1","23224533","23224803","3","7921"
"chr1","23233758","23233814","chr1","23225837","23225893","3","7921"
"chr1","23240676","23240831","chr8","141562010","141562172","31","118321334"
"chr1","23264707","23265008","chr7","67097700","67098000","53","43832993"
"chr1","23306640","23306692","chr1","23289943","23289995","2","16697"
"chr1","23318974","23319258","chr1","23302950","23303234","4","16024"
"chr1","23342399","23342703","chr1","23325870","23326174","6","16529"
"chr1","23345350","23345629","chr1","23328837","23329117","4","16513"
"chr1","23349246","23349357","chr1","23332759","23332870","0","16487"
"chr1","23372147","23372422","chr1","23355446","23355721","5","16701"
"chr1","23395100","23395408","chr1","23378564","23378872","0","16536"
"chr1","23466497","23466789","chr1","23448454","23448746","0","18043"
"chr1","23494661","23494957","chr1","23475688","23475979","8","18973"
"chr1","23505464","23505554","chr1","42291682","42291773","21","18786218"
"chr1","23516966","23517168","chr2","42270277","42270478","38","18753311"
"chr1","23520363","23520504","chr1","23500860","23501001","0","19503"
"chr1","23521590","23521899","chr1","23502097","23502406","4","19493"
"chr1","23547749","23547871","chr1","23528943","23529063","3","18806"
"chr1","23646895","23646938","chr13","87955790","87955834","7","64308895"
"chr1","23694896","23695034","chr1","23682591","23682734","6","12305"
"chr1","23704068","23704137","chr13","23961952","23962034","21","257884"
"chr1","23713313","23713579","chr1","23701459","23701725","4","11854"
"chr1","23730984","23731099","chr1","23719790","23719905","1","11194"
"chr1","23741451","23741615","chr1","23730301","23730465","1","11150"
"chr1","23745001","23745127","chr1","23733849","23733975","4","11152"
"chr1","23752627","23752921","chr1","23741430","23741732","9","11197"
"chr1","23766675","23766914","chr1","23754939","23755176","5","11736"
"chr1","23771408","23771689","chr1","23758920","23759204","4","12488"
"chr1","23798379","23798664","chr1","23782617","23782902","6","15762"
"chr1","23820350","23820513","chr1","23804110","23804274","2","16240"
"chr1","23831868","23831977","chr1","23813871","23813981","3","17997"
"chr1","23838465","23838520","chr1","203758778","203758825","11","179920313"
"chr1","23838853","23838975","chr13","49072669","49072782","22","25233816"
"chr1","23856008","23856295","chr1","23832817","23833104","5","23191"
"chr1","23864727","23865024","chr1","23843625","23843922","3","21102"
"chr1","23929841","23929943","chr1","8070167","8070266","17","15859674"
"chr1","23936165","23936484","chr1","23914442","23914733","37","21723"
"chr1","23938887","23939175","chr1","23917147","23917435","4","21740"
"chr1","24003407","24003673","chr1","23972131","23972410","19","31276"
"chr1","24004586","24004862","chr1","23973340","23973616","1","31246"
"chr1","24016184","24016492","chr12","124400923","124401234","64","100384739"
"chr1","24020319","24020611","chr1","23989060","23989353","2","31259"
"chr1","24036745","24037026","chr1","24004240","24004533","14","32505"
"chr1","24056147","24056443","chr1","24021125","24021418","10","35022"
"chr1","24059313","24059599","chr1","24024295","24024581","5","35018"
"chr1","24064807","24065100","chr1","24029801","24030096","4","35006"
"chr1","24080773","24081065","chr1","24045667","24045960","2","35106"
"chr1","24083928","24084053","chr8","37985802","37985929","26","13901874"
"chr1","24097516","24097833","chr1","24061574","24061889","7","35942"
"chr1","24104469","24104568","chr2","86312561","86312653","30","62208092"
"chr1","24140618","24140762","chr1","24104673","24104817","1","35945"
"chr1","24151657","24151947","chr1","24115792","24116082","6","35865"
"chr1","24168634","24168750","chr1","24132719","24132835","2","35915"
"chr1","24181870","24182174","chr1","24145937","24146241","2","35933"
"chr1","24190057","24190219","chr1","24153936","24154100","4","36121"
"chr1","24203187","24203511","chr1","24166551","24166876","7","36636"
"chr1","24236459","24236708","chr1","31960460","31960710","59","7724001"
"chr1","24262805","24263092","chr1","24225082","24225369","6","37723"
"chr1","24268118","24268243","chr1","24230438","24230561","3","37680"
"chr1","24278101","24278382","chr1","24240222","24240509","11","37879"
"chr1","24301677","24301990","chr1","24263505","24263818","8","38172"
"chr1","24316153","24316454","chr1","24278031","24278328","8","38122"
"chr1","24320410","24320702","chr1","24282280","24282584","18","38130"
"chr1","24327004","24327324","chr1","24288668","24288988","5","38336"
"chr1","24345540","24345647","chr1","24306794","24306901","0","38746"
"chr1","24383011","24383171","chr5","65906897","65907056","31","41523886"
"chr1","24436051","24436200","chr1","24396324","24396475","4","39727"
"chr1","24458064","24458324","chr1","24418360","24418620","3","39704"
"chr1","24493536","24493704","chr1","24454025","24454192","2","39511"
"chr1","24518534","24518662","chr1","24478640","24478768","1","39894"
"chr1","24521731","24521980","chr1","24481843","24482091","2","39888"
"chr1","24546423","24546503","chr1","24506202","24506282","1","40221"
"chr1","24570882","24571021","chr1","24529131","24529270","0","41751"
"chr1","24571022","24571296","chr1","24529271","24529548","6","41751"
"chr1","24602874","24603125","chr1","24560508","24560759","2","42366"
"chr1","24612184","24612478","chr1","24569957","24570243","16","42227"
"chr1","24622135","24622437","chr1","24579453","24579755","2","42682"
"chr1","24633262","24633451","chr1","24590595","24590798","23","42667"
"chr1","24642750","24642877","chr4","88438419","88438543","22","63795669"
"chr1","24660507","24660825","chr1","24618094","24618417","12","42413"
"chr1","24669926","24670239","chr1","24627493","24627806","1","42433"
"chr1","24673957","24674215","chr1","24631494","24631752","3","42463"
"chr1","24684203","24684290","chr1","24642062","24642149","1","42141"
"chr1","24699258","24699335","chr1","24657099","24657176","1","42159"
"chr1","24704507","24704571","chr1","24662349","24662413","2","42158"
"chr1","24722825","24723125","chr1","24681027","24681327","2","41798"
"chr1","24743173","24743339","chr1","24701035","24701208","7","42138"
"chr1","24748914","24749200","chr1","24706787","24707077","4","42127"
"chr1","24752232","24752539","chr1","24710120","24710427","3","42112"
"chr1","24753722","24753878","chr1","24711608","24711764","1","42114"
"chr1","24769119","24769290","chr1","24727023","24727194","1","42096"
"chr1","24796869","24796906","chr7","23541852","23541890","5","1255017"
"chr1","24797041","24797240","chr21","43785224","43785427","42","18988183"
"chr1","24797257","24797410","chr1","185133597","185133751","30","160336340"
"chr1","24799230","24799354","chr1","24757458","24757582","0","41772"
"chr1","24816295","24816572","chr1","24774512","24774787","7","41783"
"chr1","24834011","24834291","chr1","24792211","24792491","2","41800"
"chr1","24842025","24842335","chr1","24802699","24803008","5","39326"
"chr1","24861314","24861453","chr1","24820098","24820244","9","41216"
"chr1","24861476","24861770","chr1","228185131","228185420","64","203323655"
"chr1","24862738","24863087","chr1","24821535","24821885","6","41203"
"chr1","24872687","24872801","chr10","12529024","12529134","17","12343663"
"chr1","24875188","24875487","chr1","24836560","24836857","3","38628"
"chr1","24886633","24886738","chr3","186819137","186819243","23","161932504"
"chr1","24890673","24890974","chr1","24851376","24851682","10","39297"
"chr1","24892481","24892602","chr1","24853191","24853312","1","39290"
"chr1","24913619","24913914","chr1","24874376","24874671","3","39243"
"chr1","24919044","24919349","chr1","24878421","24878726","1","40623"
"chr1","24949116","24949432","chr1","24908365","24908677","10","40751"
"chr1","24994671","24994847","chr1","24953919","24954073","23","40752"
"chr1","25203887","25203963","chr10","43383192","43383268","10","18179305"
"chr1","25213046","25213343","chr1","25172007","25172304","7","41039"
"chr1","25229050","25229329","chr1","25187982","25188258","9","41068"
"chr1","25262988","25263117","chr1","25221630","25221755","6","41358"
"chr1","25281980","25282298","chr1","25238775","25239098","10","43205"
"chr1","25291264","25291520","chr1","25248350","25248609","7","42914"
"chr1","25294580","25294883","chr2","190463539","190463847","68","165168959"
"chr1","25323666","25323956","chr1","25276443","25276727","13","47223"
"chr1","25328106","25328419","chr1","25280606","25280921","13","47500"
"chr1","25331760","25332047","chr9","15143404","15143693","52","10188356"
"chr1","25347636","25347716","chr16","28218142","28218215","20","2870506"
"chr1","25358841","25359121","chr1","25312469","25312769","27","46372"
"chr1","25359146","25359313","chr1","25312774","25312939","3","46372"
"chr1","25653677","25653800","chr1","25662652","25662770","7","8975"
"chr1","25670900","25670943","chr8","100096608","100096650","4","74425708"
"chr1","25683397","25683498","chr1","25692412","25692513","3","9015"
"chr1","25754628","25754935","chr1","25762115","25762417","10","7487"
"chr1","25779832","25780108","chr1","25787927","25788206","5","8095"
"chr1","25784192","25784312","chr3","139631943","139632057","25","113847751"
"chr1","25898373","25898683","chr8","38598052","38598359","68","12699679"
"chr1","25903147","25903262","chr1","25908661","25908776","0","5514"
"chr1","25937964","25938022","chr8","145041124","145041183","10","119103160"
"chr1","25938448","25938526","chr4","41625961","41626035","15","15687513"
"chr1","25941737","25941873","chr2","175206514","175206646","23","149264777"
"chr1","25941874","25942193","chr1","25947461","25947780","10","5587"
"chr1","25945178","25945334","chr3","44776279","44776441","25","18831101"
"chr1","25950002","25950280","chr1","25955309","25955587","4","5307"
"chr1","25959122","25959248","chr1","25964426","25964552","0","5304"
"chr1","25969975","25970138","chr14","50143799","50143958","31","24173824"
"chr1","25970598","25970709","chr6","28914024","28914128","21","2943426"
"chr1","25972185","25972489","chr1","25977369","25977673","2","5184"
"chr1","25977916","25978214","chr1","25983109","25983407","2","5193"
"chr1","25982371","25982674","chr1","25987601","25987907","7","5230"
"chr1","26015791","26016104","chr1","26018186","26018497","6","2395"
"chr1","26040573","26040878","chr1","26040810","26041122","12","237"
"chr1","26061187","26061260","chr1","26061407","26061480","1","220"
"chr1","26062829","26063007","chr1","26063057","26063247","13","228"
"chr1","26074022","26074070","chr1","26074219","26074262","5","197"
"chr1","26076707","26076998","chr1","26076891","26077197","20","184"
"chr1","26077722","26078034","chr1","26077945","26078259","8","223"
"chr1","26088193","26088488","chr4","39680936","39681223","58","13592743"
"chr1","26120411","26120581","chr1","26118171","26118341","1","2240"
"chr1","26153874","26154020","chr3","154083254","154083400","35","127929380"
"chr1","26190254","26190368","chr1","26185716","26185830","2","4538"
"chr1","26211838","26212151","chr1","26206708","26207021","1","5130"
"chr1","26253714","26254026","chr4","102652609","102652910","64","76398895"
"chr1","26331595","26331903","chr1","26323074","26323384","4","8521"
"chr1","26334995","26335277","chr1","26325910","26326191","4","9085"
"chr1","26355679","26355832","chr1","26347941","26348094","0","7738"
"chr1","26366600","26366887","chr1","26358064","26358340","17","8536"
"chr1","26380204","26380500","chr1","26371318","26371616","4","8886"
"chr1","26388116","26388411","chr1","26379170","26379474","12","8946"
"chr1","26392659","26392869","chrX","41357521","41357735","42","14964862"
"chr1","26395291","26395457","chr12","132920670","132920834","43","106525379"
"chr1","26412072","26412207","chr1","26400546","26400669","12","11526"
"chr1","26415777","26416081","chr1","26404425","26404729","5","11352"
"chr1","26445504","26445840","chr1","26433369","26433694","13","12135"
"chr1","26465575","26465844","chr1","26452821","26453093","5","12754"
"chr1","26474813","26475080","chr1","26462056","26462320","6","12757"
"chr1","26497554","26497614","chr1","26484772","26484832","1","12782"
"chr1","26502539","26502720","chr1","26489805","26489986","0","12734"
"chr1","26506005","26506068","chr1","26493240","26493303","0","12765"
"chr1","26509320","26509577","chr1","26496533","26496778","16","12787"
"chr1","26511123","26511255","chr1","26498325","26498457","0","12798"
"chr1","26512776","26512878","chr20","62849581","62849674","25","36336805"
"chr1","26523357","26523495","chr1","26510882","26511020","1","12475"
"chr1","26528277","26528578","chr1","26517362","26517664","7","10915"
"chr1","26533357","26533652","chr1","26522446","26522741","4","10911"
"chr1","26539585","26539701","chr1","26528954","26529070","1","10631"
