"KN294145v1","138005","138263","chr21","37318737","37318994","34","37180732"
"KN294146v1","43028","43301","chrX","104163689","104163967","27","104120661"
"KN294146v1","49259","49558","chrX","104169570","104169867","20","104120311"
"KN294146v1","63455","63761","chrX","104183461","104183764","30","104120006"
"KN294146v1","65618","65917","chrX","104185607","104185903","34","104119989"
"KN294147v1","29409","29697","chr3","171673289","171673570","39","171643880"
"KN294147v1","35639","35932","chrX","111622914","111623213","40","111587275"
"KN294147v1","47306","47608","chr3","171656157","171656470","33","171608851"
"KN294147v1","213407","213695","chr8","124652177","124652465","42","124438770"
"KN294147v1","219223","219514","chr3","171467278","171467570","23","171248055"
"KN294147v1","268139","268470","chr3","171415700","171416001","47","171147561"
"KN294147v1","306791","307100","chr8","122858631","122858940","37","122551840"
"KN294147v1","331646","331910","chr3","171357290","171357546","45","171025644"
"KN294147v1","338598","338813","chr3","171350970","171351188","27","171012372"
"KN294147v1","351605","351897","chr11","3802994","3803292","51","3451389"
"KN294147v1","543236","543538","chr3","138897682","138897977","37","138354446"
"KN294147v1","663221","663517","chr13","49241610","49241910","37","48578389"
"KN294147v1","777443","777548","chr3","170917466","170917571","15","170140023"
"KN294147v1","777635","777746","chr2","140964843","140964953","22","140187208"
"KN294147v1","801062","801357","chr3","170893751","170894045","26","170092689"
"KN294147v1","802649","802978","chr6","163375731","163376047","47","162573082"
"KN294147v1","847236","847548","chr3","170836295","170836604","33","169989059"
"KN294147v1","909090","909377","chr3","170775022","170775316","29","169865932"
"KN294147v1","912884","913188","chr12","93013917","93014220","40","92101033"
"KN294147v1","985122","985440","chrX","143607888","143608209","48","142622766"
"KN294147v1","1040600","1040915","chr3","170632227","170632542","29","169591627"
"KN294147v1","1044528","1044838","chr3","170628355","170628649","40","169583827"
"KN294147v1","1061209","1061474","chr3","1157250","1157516","38","96041"
"KN294147v1","1140698","1140988","chrX","36378838","36379111","53","35238140"
"KN294147v1","1151465","1151746","chr3","30143377","30143660","32","28991912"
"KN294147v1","1217125","1217435","chr3","170450358","170450662","30","169233233"
"KN294147v1","1219982","1220263","chr3","170447567","170447854","37","169227585"
"KN294147v1","1221782","1222082","chr3","170445225","170445526","29","169223443"
"KN294147v1","1230681","1230946","chr9","87470698","87470975","56","86240017"
"KN294147v1","1243105","1243373","chr3","170423781","170424053","24","169180676"
"KN294147v1","1244436","1244719","chr12","33133160","33133442","34","31888724"
"KN294147v1","1249150","1249443","chr3","170417896","170418195","26","169168746"
"KN294147v1","1263172","1263226","chr1","238447674","238447728","8","237184502"
"KN294147v1","1263374","1263510","chr14","54880021","54880155","18","53616647"
"KN294147v1","1264714","1264992","chr3","170398932","170399213","19","169134218"
"KN294147v1","1267036","1267318","chr6","43194774","43195061","36","41927738"
"KN294147v1","1274560","1274859","chr3","170388886","170389172","32","169114326"
"KN294147v1","1280153","1280446","chr3","75929702","75929994","30","74649549"
"KN294147v1","1281930","1282240","chr1","46319150","46319461","42","45037220"
"KN294147v1","1282777","1283073","chr1","233036349","233036644","31","231753572"
"KN294147v1","1288668","1288777","chr2","47792146","47792250","19","46503478"
"KN294147v1","1289088","1289267","chrX","147345548","147345728","26","146056460"
"KN294147v1","1289268","1289446","chr1","224154829","224154992","44","222865561"
"KN294147v1","1295193","1295482","chr4","82819768","82820061","33","81524575"
"KN294147v1","1298488","1298789","chr1","46345868","46346170","37","45047380"
"KN294147v1","1303142","1303442","chr3","170359314","170359619","31","169056172"
"KN294147v1","1308395","1308598","chr19","2840202","2840400","35","1531807"
"KN294147v1","1312961","1313273","chr3","170348074","170348366","43","169035113"
"KN294147v1","1323899","1324186","chrX","41737987","41738274","41","40414088"
"KN294147v1","1328081","1328101","chr16","13003892","13003909","3","11675811"
"KN294147v1","1328890","1329173","chr3","121540888","121541180","54","120211998"
"KN294147v1","1331264","1331406","chr6","21776572","21776717","23","20445308"
"KN294147v1","1331715","1331891","chr20","63909533","63909704","25","62577818"
"KN294147v1","1337476","1337808","chr1","11257254","11257591","54","9919778"
"KN294147v1","1346188","1346481","chr3","2388876","2389170","46","1042688"
"KN294147v1","1346984","1347247","chr3","170312685","170312948","28","168965701"
"KN294147v1","1361419","1361731","chr3","170299215","170299526","29","168937796"
"KN294147v1","1362237","1362543","chr3","170298403","170298705","30","168936166"
"KN294147v1","1363174","1363472","chr1","33385800","33386096","36","32022626"
"KN294147v1","1370423","1370523","chr2","180649706","180649807","7","179279283"
"KN294147v1","1374103","1374131","chr3","149570605","149570627","9","148196502"
"KN294147v1","1374426","1374593","chr2","69906557","69906728","21","68532131"
"KN294147v1","1385776","1386075","chr11","33404729","33405025","35","32018953"
"KN294147v1","1388080","1388379","chr3","170271835","170272134","26","168883755"
"KN294147v1","1396255","1396551","chr3","170264279","170264578","41","168868024"
"KN294147v1","1404307","1404592","chrX","136905466","136905751","42","135501159"
"KN294147v1","1412432","1412720","chr3","170249994","170250285","33","168837562"
"KN294147v1","1433027","1433333","chr3","170231455","170231764","25","168798428"
"KN294147v1","1433524","1433831","chr3","170230951","170231260","27","168797427"
"KN294147v1","1444686","1444991","chr3","170214309","170214607","24","168769623"
"KN294147v1","1447564","1447899","chr3","130916124","130916443","52","129468560"
"KN294147v1","1453185","1453468","chr3","36844245","36844526","38","35391060"
"KN294147v1","1462210","1462525","chr3","170198823","170199131","35","168736613"
"KN294147v1","1473653","1473964","chr3","170188542","170188856","34","168714889"
"KN294147v1","1475637","1475933","chr6","144302229","144302518","42","142826592"
"KN294147v1","1476676","1476967","chr6","36124642","36124927","44","34647966"
"KN294147v1","1479008","1479310","chr3","170183658","170183958","37","168704650"
"KN294147v1","1479385","1479671","chr3","170183292","170183583","27","168703907"
"KN294147v1","1488719","1489022","chr3","170173912","170174226","33","168685193"
"KN294147v1","1497089","1497378","chrX","150612702","150612996","48","149115613"
"KN294147v1","1525935","1526192","chr3","170137645","170137902","16","168611710"
"KN294147v1","1531976","1532283","chr3","170131552","170131855","40","168599576"
"KN294147v1","1536699","1536986","chr3","170127180","170127466","25","168590481"
"KN294147v1","1537327","1537634","chr11","92824075","92824381","35","91286748"
"KN294147v1","1543713","1543999","chr3","170120304","170120583","33","168576591"
"KN294147v1","1572242","1572546","chr3","170091999","170092299","25","168519757"
"KN294147v1","1589342","1589655","chr3","170073882","170074188","38","168484540"
"KN294147v1","1607190","1607495","chr5","154075559","154075862","39","152468369"
"KN294147v1","1620151","1620432","chr11","123015288","123015567","36","121395137"
"KN294147v1","1638670","1638970","chr3","170020798","170021103","35","168382128"
"KN294147v1","1639897","1640208","chr1","46291553","46291859","38","44651656"
"KN294147v1","1648112","1648409","chr3","170011300","170011602","33","168363188"
"KN294147v1","1648614","1648903","chr3","170010792","170011078","27","168362178"
"KN294147v1","1658706","1659017","chr2","42119992","42120307","35","40461286"
"KN294147v1","1743465","1743755","chr12","106965325","106965622","41","105221860"
"KN294147v1","1754162","1754445","chr6","147744616","147744898","42","145990454"
"KN294147v1","1764087","1764394","chr2","60776419","60776727","37","59012332"
"KN294147v1","1766680","1766967","chr22","35777016","35777311","42","34010336"
"KN294147v1","1769193","1769505","chr7","97577396","97577706","33","95808203"
"KN294147v1","1770274","1770535","chr3","169888165","169888428","34","168117891"
"KN294147v1","1794910","1795197","chr15","69827179","69827460","45","68032269"
"KN294147v1","1796782","1797078","chr3","169864795","169865088","30","168068013"
"KN294147v1","1801915","1802235","chr3","169859861","169860170","39","168057946"
"KN294147v1","1830533","1830835","chr7","138767241","138767529","49","136936708"
"KN294147v1","1846558","1846868","chr3","169816661","169816970","24","167970103"
"KN294147v1","1876153","1876417","chr3","169789511","169789778","21","167913358"
"KN294147v1","1901626","1901877","chr3","87748837","87749091","57","85847211"
"KN294147v1","1908423","1908719","chr3","169757216","169757521","34","167848793"
"KN294147v1","1912674","1912985","chr3","169753301","169753634","44","167840627"
"KN294147v1","1915540","1915836","chr3","169750376","169750654","35","167834836"
"KN294147v1","1916408","1916706","chr8","111650425","111650727","44","109734017"
"KN294147v1","1923108","1923415","chr3","169743093","169743401","31","167819985"
"KN294147v1","1923963","1924264","chr2","96214982","96215284","30","94291019"
"KN294147v1","1994000","1994281","chr17","4496105","4496384","43","2502105"
"KN294147v1","2020259","2020568","chr1","174421759","174422068","45","172401500"
"KN294147v1","2049136","2049438","chr3","169621475","169621781","27","167572339"
"KN294147v1","2079767","2080061","chr2","25932552","25932833","45","23852785"
"KN294147v1","2127627","2127921","chr1","160273634","160273929","28","158146007"
"KN294148v1","35781","36085","chr11","57471853","57472154","43","57436072"
"KN294150v1","33438","33561","chr2","236838871","236838996","13","236805433"
"KN294150v1","33628","33787","chr19","12201905","12202067","20","12168277"
"KN294152v1","21623","21922","chr11","91039273","91039575","39","91017650"
"KN294152v1","134492","134773","chr11","90908571","90908851","27","90774079"
"KN294158v1","655086","655381","chr1","89830904","89831205","49","89175818"
"KN294158v1","137103","137385","chr3","197342588","197342871","33","197205485"
"KN294158v1","146114","146421","chr5","149751424","149751732","38","149605310"
"KN294158v1","187021","187326","chr1","52051374","52051678","42","51864353"
"KN294158v1","216639","216944","chr11","7502596","7502905","20","7285957"
"KN294158v1","533645","533954","chr4","42075062","42075372","39","41541417"
"KN294158v1","542501","542829","chr19_GL949747v2_alt","561506","561815","69","19005"
"KN294158v1","586312","586624","chr6","109933297","109933605","37","109346985"
"KN294161v1","14148","14451","chr4","76222225","76222527","27","76208077"
"KN294161v1","84771","85071","chr11","3802994","3803292","26","3718223"
"KN294161v1","183958","184242","chr3","171864666","171864956","31","171680708"
"KN294161v1","214426","214718","chr4","76398385","76398684","35","76183959"
"KN294161v1","229504","229776","chr17","49198600","49198879","55","48969096"
"KN294161v1","288031","288332","chr4","76474633","76474939","25","76186602"
"KN294161v1","317739","318025","chr4","76503441","76503728","21","76185702"
"KN294161v1","336598","336887","chr4","76522517","76522807","26","76185919"
"KN294161v1","342118","342374","chr4","76527301","76527558","25","76185183"
"KN294161v1","351023","351324","chr4","76537906","76538198","27","76186883"
"KN294161v1","352987","353260","chr4","76539865","76540147","33","76186878"
"KN294161v1","367391","367499","chr4","76553147","76553260","12","76185756"
"KN294161v1","367794","368006","chr4","76553576","76553796","25","76185782"
"KN294161v1","399502","399803","chr4","76584033","76584334","20","76184531"
"KN294161v1","437773","438085","chr4","76619780","76620100","32","76182007"
"KN294161v1","477095","477394","chr4","76659583","76659881","23","76182488"
"KN294161v1","552735","553032","chr4","76731499","76731806","31","76178764"
"KN294161v1","663978","664293","chr7","69466200","69466511","44","68802222"
"KN294161v1","667087","667255","chr8","38234770","38234939","25","37567683"
"KN294161v1","667565","667700","chr18","48648838","48648972","14","47981273"
"KN294161v1","670808","671119","chr9","137381131","137381441","43","136710323"
"KN294161v1","674632","674945","chr4","76843053","76843375","37","76168421"
"KN294161v1","681602","681906","chr16","30165978","30166274","43","29484376"
"KN294161v1","720973","721109","chr4","76889115","76889251","6","76168142"
"KN294161v1","721328","721548","chr15","94072574","94072799","64","93351246"
"KN294161v1","762487","762797","chr4","76932599","76932901","37","76170112"
"KN294161v1","779164","779461","chr4","76942844","76943145","33","76163680"
"KN294161v1","782488","782797","chr4","76945891","76946191","44","76163403"
"KN294161v1","801974","802275","chr3","196123639","196123939","29","195321665"
"KN294161v1","903264","903554","chr14","92703223","92703513","32","91799959"
"KN294161v1","928078","928347","chr20","41578883","41579153","42","40650805"
"KN294161v1","931757","932024","chrX","49243812","49244088","48","48312055"
"KN294161v1","954727","954828","chr6","17742233","17742325","19","16787506"
"KN294161v1","955133","955338","chr1","2040180","2040382","28","1085047"
"KN294161v1","956018","956224","chr4","77120764","77120970","16","76164746"
"KN294161v1","961470","961685","chr4","77126202","77126417","11","76164732"
"KN294161v1","972140","972415","chr4","77136574","77136856","48","76164434"
"KN294161v1","981093","981224","chr15","93157046","93157177","12","92175953"
"KN294161v1","982456","982646","chr1","27308952","27309141","33","26326496"
"KN294161v1","1287284","1287577","chr11","14502721","14503006","49","13215437"
"KN294161v1","1293129","1293401","chr4","77448322","77448606","32","76155193"
"KN294166v1","49384","49683","chr7","111309953","111310246","46","111260569"
"KN294167v1","21577","21885","chr11","16602740","16603047","31","16581163"
"KN294167v1","41824","42119","chr13","20747460","20747756","41","20705636"
"KN294167v1","82297","82446","chr1","181093460","181093609","33","181011163"
"KN294167v1","86991","87153","chr1","174672269","174672424","30","174585278"
"KN294167v1","94035","94320","chr11","16674669","16674970","40","16580634"
"KN294167v1","122835","123144","chr1","237157014","237157325","33","237034179"
"KN294167v1","179828","180142","chr11","111692069","111692380","42","111512241"
"KN294167v1","192731","193039","chr11","16769164","16769469","30","16576433"
"KN294167v1","250739","250993","chr11","16829539","16829786","28","16578800"
"KN294167v1","257617","257906","chr11","16833999","16834305","35","16576382"
"KN294167v1","267010","267322","chr11","16843658","16843961","34","16576648"
"KN294167v1","306304","306584","chr2","219625957","219626242","50","219319653"
"KN294167v1","327078","327381","chr11","16908492","16908795","30","16581414"
"KN294167v1","352177","352459","chr11","16935153","16935429","35","16582976"
"KN294167v1","383906","384213","chr11","16965901","16966193","42","16581995"
"KN294167v1","424043","424325","chr11","98485356","98485640","46","98061313"
"KN294167v1","445589","445895","chr11","17027904","17028209","27","16582315"
"KN294167v1","446564","446805","chr17","7485447","7485705","58","7038883"
"KN294167v1","462935","463244","chr11","17059068","17059379","30","16596133"
"KN294167v1","469537","469798","chr8","98156900","98157176","55","97687363"
"KN294167v1","470700","470990","chr12","120827794","120828087","37","120357094"
"KN294167v1","479911","480179","chr14","92769542","92769809","49","92289631"
"KN294167v1","484493","484776","chr3","176768599","176768874","44","176284106"
"KN294167v1","495299","495605","chr22","23023656","23023955","36","22528357"
"KN294167v1","496941","497232","chr11","17096043","17096337","28","16599102"
"KN294167v1","510435","510736","chr11","17109952","17110252","25","16599517"
"KN294167v1","511114","511250","chr11","17110632","17110773","14","16599518"
"KN294167v1","531277","531583","chr11","17130523","17130836","24","16599246"
"KN294167v1","580570","580876","chr11","17183394","17183700","33","16602824"
"KN294167v1","586584","586813","chr11","17189334","17189558","26","16602750"
"KN294167v1","587564","587856","chr11","17190296","17190590","31","16602732"
"KN294169v1","10400","10624","chr5","34500001","34500221","30","34489601"
"KN294169v1","142670","142964","chrX","120325429","120325729","31","120182759"
"KN294169v1","146180","146485","chrX","120328933","120329241","29","120182753"
"KN294170v1","24116","24386","chr15","55830948","55831219","30","55806832"
"KN294170v1","29658","29962","chr7","5048170","5048473","36","5018512"
"KN294170v1","53321","53622","chr3","45149725","45150028","35","45096404"
"KN294170v1","58740","59032","chr2","62487702","62487994","31","62428962"
"KN294170v1","90292","90552","chr15","55889719","55889997","39","55799427"
"KN294170v1","121217","121489","chr16","53107198","53107459","44","52985981"
"KN294170v1","124671","124976","chr15","55924786","55925097","29","55800115"
"KN294170v1","127896","128166","chr15","55928037","55928311","35","55800141"
"KN294170v1","153005","153309","chr15","55952984","55953288","29","55799979"
"KN294170v1","153447","153749","chr15","55953430","55953740","25","55799983"
"KN294170v1","160394","160689","chr15","55962784","55963084","32","55802390"
"KN294170v1","164835","165124","chr15","55966897","55967185","12","55802062"
"KN294170v1","173394","173704","chr15","55974883","55975192","37","55801489"
"KN294170v1","178885","179157","chr12","32741299","32741583","46","32562414"
"KN294170v1","182775","183048","chr8","128042791","128043063","38","127860016"
"KN294170v1","186196","186489","chr2","207927548","207927843","34","207741352"
"KN294170v1","204095","204397","chr15","56008317","56008618","14","55804222"
"KN294170v1","226879","227185","chr10","32171951","32172260","44","31945072"
"KN294170v1","247773","248074","chr17","73486927","73487233","34","73239154"
"KN294170v1","269488","269643","chr6","43112564","43112713","17","42843076"
"KN294170v1","270302","270605","chr15","56080304","56080606","30","55810002"
"KN294170v1","301736","302047","chr8","100637687","100637995","44","100335951"
"KN294170v1","367616","367924","chr15","56180624","56180939","35","55813008"
"KN294170v1","378844","379122","chr15","56188830","56189114","26","55809986"
"KN294172v1","2227941","2228254","chr22","44830524","44830838","31","42602583"
"KN294172v1","149342","149652","chr1","16985368","16985674","45","16836026"
"KN294172v1","220868","221171","chr2","96214982","96215284","29","95994114"
"KN294172v1","261264","261561","chr22","46773465","46773770","31","46512201"
"KN294172v1","293729","294034","chr1","202342555","202342858","41","202048826"
"KN294172v1","316458","316747","chr22","46716192","46716490","40","46399734"
"KN294172v1","334674","334969","chrX","48646328","48646622","31","48311654"
"KN294172v1","337282","337573","chr22","46697509","46697804","21","46360227"
"KN294172v1","343228","343505","chr22","46691090","46691372","29","46347862"
"KN294172v1","349297","349589","chr14","94742792","94743084","31","94393495"
"KN294172v1","403304","403610","chr12","56340836","56341146","36","55937532"
"KN294172v1","433147","433284","chr3","196168508","196168644","19","195735361"
"KN294172v1","433590","433773","chr20","36868495","36868668","34","36434905"
"KN294172v1","436579","436890","chr22","46593716","46594024","28","46157137"
"KN294172v1","439603","439908","chrX","21986067","21986375","45","21546464"
"KN294172v1","457847","458150","chr22","46572487","46572795","42","46114640"
"KN294172v1","461656","461949","chr17","58620500","58620789","47","58158844"
"KN294172v1","467662","467942","chr9","133336826","133337105","30","132869164"
"KN294172v1","469244","469551","chr1","30999326","30999636","33","30530082"
"KN294172v1","481592","481897","chr9","8012779","8013087","29","7531187"
"KN294172v1","484508","484810","chr22","46545581","46545877","36","46061073"
"KN294172v1","489824","490135","chr22","46540328","46540636","33","46050504"
"KN294172v1","505527","505744","chr15","58827951","58828170","41","58322424"
"KN294172v1","507418","507723","chr22","46521534","46521839","29","46014116"
"KN294172v1","508813","508949","chr2","85044682","85044817","15","84535869"
"KN294172v1","510631","510748","chr19","16221115","16221230","20","15710484"
"KN294172v1","512645","512938","chr4","81616628","81616922","35","81103983"
"KN294172v1","531589","531888","chr2","96214982","96215284","33","95683393"
"KN294172v1","533775","534061","chr19","57281557","57281841","44","56747782"
"KN294172v1","536648","536951","chr22","46495912","46496218","23","45959264"
"KN294172v1","539761","540042","chr3","51506782","51507070","48","50967021"
"KN294172v1","540856","541129","chr17","2982151","2982435","59","2441295"
"KN294172v1","541848","542159","chr3","75929702","75929994","71","75387854"
"KN294172v1","542747","543051","chr3","80669965","80670269","36","80127218"
"KN294172v1","547597","547913","chr22","46486561","46486864","38","45938964"
"KN294172v1","552109","552403","chr22","46481783","46482071","34","45929674"
"KN294172v1","564374","564678","chr22","46470843","46471148","35","45906469"
"KN294172v1","587282","587590","chr8","100551868","100552174","37","99964586"
"KN294172v1","595126","595409","chr17","12539700","12539982","34","11944574"
"KN294172v1","596851","597131","chr15","90108293","90108576","39","89511442"
"KN294172v1","601319","601588","chr7","99461698","99461957","29","98860379"
"KN294172v1","610246","610503","chr17","82160333","82160540","105","81550087"
"KN294172v1","610750","611287","chr22","23601920","23602358","221","22991170"
"KN294172v1","611367","611535","chr2","241662736","241662883","58","241051369"
"KN294172v1","634004","634262","chrX","18839885","18840141","39","18205881"
"KN294172v1","634641","634941","chr17","76908810","76909106","31","76274169"
"KN294172v1","652923","653223","chr12","118468771","118469071","33","117815848"
"KN294172v1","662352","662645","chrX","19661628","19661926","33","18999276"
"KN294172v1","662974","663285","chr17","717252","717558","32","54278"
"KN294172v1","702963","703269","chr22","46339146","46339444","37","45636183"
"KN294172v1","724985","725270","chr1","151994538","151994838","37","151269553"
"KN294172v1","727021","727329","chr22","46319705","46320012","24","45592684"
"KN294172v1","736747","737046","chr1","64530590","64530891","29","63793843"
"KN294172v1","747208","747505","chr22","46294089","46294390","20","45546881"
"KN294172v1","757838","758135","chr15","91001034","91001332","45","90243196"
"KN294172v1","758848","759142","chr1","41105878","41106174","37","40347030"
"KN294172v1","765256","765557","chr22","46277323","46277629","34","45512067"
"KN294172v1","771870","772170","chr8","90101407","90101704","32","89329537"
"KN294172v1","776391","776525","chr12","48945163","48945297","17","48168772"
"KN294172v1","776830","777002","chr1","15448168","15448339","25","14671338"
"KN294172v1","797616","797947","chr22","46253792","46254105","45","45456176"
"KN294172v1","817966","818248","chr22","46233828","46234122","21","45415862"
"KN294172v1","821910","822221","chr22","46229268","46229573","46","45407358"
"KN294172v1","827054","827352","chr21","36958507","36958808","33","36131453"
"KN294172v1","864441","864742","chr2","84898939","84899236","36","84034498"
"KN294172v1","866618","866916","chr8","73424202","73424500","42","72557584"
"KN294172v1","867776","867989","chr22","46181930","46182145","23","45314154"
"KN294172v1","874023","874320","chr5","178178804","178179101","45","177304781"
"KN294172v1","882501","882785","chr22","46172349","46172631","27","45289848"
"KN294172v1","892298","892547","chr9","122316209","122316460","37","121423911"
"KN294172v1","958404","958698","chr22","46093378","46093674","31","45134974"
"KN294172v1","1002540","1002848","chr1","180147567","180147876","41","179145027"
"KN294172v1","1045329","1045626","chr21","15392000","15392296","25","14346671"
"KN294172v1","1059067","1059370","chr22","45991769","45992080","30","44932702"
"KN294172v1","1059400","1059689","chr22","45991446","45991739","29","44932046"
"KN294172v1","1093603","1093913","chr22","45957402","45957712","31","44863799"
"KN294172v1","1123890","1124173","chr1","113034493","113034776","36","111910603"
"KN294172v1","1129139","1129450","chr2","71635466","71635776","34","70506327"
"KN294172v1","1148456","1148759","chr22","45902105","45902409","39","44753649"
"KN294172v1","1149978","1150122","chr1","246707479","246707631","23","245557501"
"KN294172v1","1152348","1152479","chr1","15798282","15798414","12","14645934"
"KN294172v1","1178424","1178736","chr2","113417247","113417552","50","112238823"
"KN294172v1","1282697","1282995","chr9","123582700","123582998","28","122300003"
"KN294172v1","1297160","1297461","chr22","45759232","45759526","34","44462072"
"KN294172v1","1302505","1302782","chr22","45754588","45754860","27","44452083"
"KN294172v1","1303622","1303919","chr1","155039717","155040020","64","153736095"
"KN294172v1","1329006","1329297","chr22","45730436","45730735","25","44401430"
"KN294172v1","1369420","1369726","chr15","31092979","31093286","30","29723559"
"KN294172v1","1405482","1405736","chrX","18839885","18840141","37","17434403"
"KN294172v1","1407630","1407926","chr9","131742349","131742645","34","130334719"
"KN294172v1","1426107","1426385","chr15","73669185","73669470","38","72243078"
"KN294172v1","1433665","1433946","chr11","76907955","76908234","35","75474290"
"KN294172v1","1449445","1449713","chr7","149096320","149096591","34","147646875"
"KN294172v1","1453176","1453478","chr7","669482","669777","36","783694"
"KN294172v1","1529545","1529847","chr22","45528343","45528644","29","43998798"
"KN294172v1","1532942","1533254","chr17","18030039","18030349","34","16497097"
"KN294172v1","1536852","1537155","chr22","45520812","45521115","28","43983960"
"KN294172v1","1557493","1557821","chr22","45501454","45501768","31","43943961"
"KN294172v1","1565052","1565327","chr22","45492585","45492860","26","43927533"
"KN294172v1","1580585","1580884","chr22","45473211","45473508","20","43892626"
"KN294172v1","1582857","1583147","chr22","45471622","45471912","27","43888765"
"KN294172v1","1589342","1589627","chr22","45460996","45461268","37","43871654"
"KN294172v1","1596948","1597241","chr10","43633326","43633616","29","42036378"
"KN294172v1","1600442","1600734","chr22","45447871","45448167","35","43847429"
"KN294172v1","1601492","1601806","chr22","45446808","45447116","44","43845316"
"KN294172v1","1612811","1613105","chr22","45438045","45438335","27","43825234"
"KN294172v1","1625000","1625080","chr16","3738088","3738166","10","2113088"
"KN294172v1","1625316","1625472","chr10","62833262","62833417","20","61207946"
"KN294172v1","1628906","1629185","chr18","62997848","62998129","35","61368942"
"KN294172v1","1635593","1635895","chr22","45415698","45415999","23","43780105"
"KN294172v1","1639554","1639848","chr22","45411887","45412179","23","43772333"
"KN294172v1","1641002","1641296","chr22","45410421","45410715","23","43769419"
"KN294172v1","1642123","1642431","chrX","119200871","119201182","40","117558748"
"KN294172v1","1663012","1663335","chr22","45388695","45389016","37","43725683"
"KN294172v1","1680579","1680849","chr22","45371789","45372059","35","43691210"
"KN294172v1","1692160","1692463","chr4","86458016","86458313","42","84765856"
"KN294172v1","1695090","1695386","chr17","74287675","74287969","32","72592585"
"KN294172v1","1699952","1700257","chr17","57495251","57495556","26","55795299"
"KN294172v1","1710173","1710463","chr1","155109940","155110232","31","153399767"
"KN294172v1","1723875","1724166","chr22","45326545","45326856","34","43602670"
"KN294172v1","1734587","1734883","chr22","45316053","45316339","32","43581466"
"KN294172v1","1748337","1748642","chrX","46210696","46211004","33","44462359"
"KN294172v1","1753694","1753978","chr20","36837593","36837876","36","35083899"
"KN294172v1","1778765","1779069","chr22","45278867","45279167","38","43500102"
"KN294172v1","1780562","1780852","chr1","11910311","11910605","38","10129749"
"KN294172v1","1788297","1788593","chr4","153406240","153406541","37","151617943"
"KN294172v1","1801600","1801904","chr22","45254179","45254486","24","43452579"
"KN294172v1","1803701","1803996","chr22","45251597","45251896","20","43447896"
"KN294172v1","1807836","1808053","chr16","17397828","17398055","60","15589992"
"KN294172v1","1808367","1808378","chr5","25197552","25197562","2","23389185"
"KN294172v1","1808691","1808808","chr22","45247145","45247262","11","43438454"
"KN294172v1","1813344","1813650","chr22","45242078","45242393","41","43428734"
"KN294172v1","1833680","1833964","chrX","10032810","10033097","40","8199130"
"KN294172v1","1835247","1835547","chr22","40064614","40064916","49","38229367"
"KN294172v1","1850419","1850704","chr13","19754454","19754739","39","17904035"
"KN294172v1","1874764","1875055","chr22","45182159","45182447","24","43307395"
"KN294172v1","1938854","1939163","chr9","8012779","8013087","36","6073925"
"KN294172v1","1967462","1967766","chr22","45082483","45082771","49","43115021"
"KN294172v1","1974514","1974815","chr22","45075134","45075433","36","43100620"
"KN294172v1","1987132","1987430","chr6","89980011","89980308","42","87992879"
"KN294172v1","1987435","1987621","chr11","83438912","83439107","29","81451477"
"KN294172v1","2000147","2000439","chr2","11821235","11821527","34","9821088"
"KN294172v1","2000895","2001192","chr5","178178804","178179101","37","176177909"
"KN294172v1","2016919","2017210","chr22","45030884","45031186","30","43013965"
"KN294172v1","2029621","2029911","chr1","52132338","52132642","42","50102717"
"KN294172v1","2055884","2056175","chr18","11812562","11812853","31","9756678"
"KN294172v1","2085173","2085500","chr1","69465363","69465689","48","67380190"
"KN294172v1","2114036","2114344","chr1","178288643","178288949","34","176174607"
"KN294172v1","2178431","2178730","chrX","133342033","133342336","44","131163602"
"KN294172v1","2199036","2199322","chr2","196956569","196956853","38","194757533"
"KN294172v1","2219934","2220244","chr19","50856881","50857192","44","48636947"
"KN294172v1","2226211","2226497","chrX","44641809","44642088","43","42415598"
"KN294172v1","2228437","2228737","chr4","39691219","39691516","45","37462782"
"KN294172v1","2229669","2229961","chr7","4953476","4953770","39","2723807"
"KN294172v1","2260853","2261149","chrX","26814689","26814984","41","24553836"
"KN294172v1","2264982","2265035","chr7","4582371","4582425","13","2317389"
"KN294172v1","2268973","2269281","chr3","120212176","120212487","42","117943203"
"KN294172v1","2269527","2269693","chr8","42075727","42075894","24","39806200"
"KN294172v1","2273476","2273767","chr19","50208133","50208423","31","47934657"
"KN294172v1","2276171","2276471","chr22","44768835","44769134","34","42492664"
"KN294172v1","2289790","2290081","chr6","139550073","139550358","42","137260283"
"KN294172v1","2295039","2295311","chr13","45099841","45100112","38","42804802"
"KN294172v1","2302005","2302277","chr22","44739589","44739867","28","42437584"
"KN294172v1","2318934","2319231","chr3","44413072","44413368","35","42094138"
"KN294172v1","2319706","2320003","chr13","93798637","93798937","43","91478931"
"KN294172v1","2330114","2330327","chr22","44713319","44713532","19","42383205"
"KN294172v1","2333935","2334247","chr20","50065902","50066204","49","47731967"
"KN294172v1","2348396","2348593","chr16","3477519","3477710","22","1129123"
"KN294172v1","2350373","2350570","chr16","3477519","3477710","22","1127146"
"KN294172v1","2354873","2355173","chr6","45429812","45430108","32","43074939"
"KN294172v1","2358590","2358889","chr22","44685973","44686272","21","42327383"
"KN294172v1","2360556","2360843","chr22","44684261","44684549","26","42323705"
"KN294172v1","2370683","2370985","chr1","120264876","120265177","37","117894193"
"KN294172v1","2372732","2373040","chr22","44672303","44672609","28","42299571"
"KN294172v1","2379928","2380246","chr17","9192799","9193109","44","6812871"
"KN294172v1","2400279","2400590","chr22","44649718","44650028","26","42249439"
"KN294172v1","2410014","2410304","chr1","50629777","50630067","35","48219763"
"KN294172v1","2438259","2438555","chr22","44613668","44613966","29","42175409"
"KN294172v1","2439424","2439631","chr6","3173859","3174065","30","734435"
"KN294172v1","2440565","2440657","chr3","10134460","10134553","11","7693895"
"KN294172v1","2465360","2465467","chr14","34674720","34674826","20","32209360"
"KN294172v1","2465719","2465897","chr1","229703876","229704054","28","227238157"
"KN294172v1","2468814","2469106","chr1","206631770","206632059","38","204162956"
"KN294172v1","2479806","2480045","chr22","44574242","44574480","21","42094436"
"KN294172v1","2494624","2494938","chr8","102912994","102913304","46","100418370"
"KN294172v1","2499539","2499824","chr6","132900242","132900530","45","130400703"
"KN294172v1","2517278","2517588","chr3","184283279","184283591","37","181766001"
"KN294172v1","2527640","2527943","chr3","123101899","123102209","42","120574259"
"KN294172v1","2531171","2531453","chr22","44507975","44508256","23","41976804"
"KN294172v1","2534964","2535042","chr19","53177458","53177535","12","50642494"
"KN294172v1","2535043","2535193","chr11","117324720","117324871","14","114789677"
"KN294172v1","2541631","2541936","chr22","44498601","44498906","30","41956970"
"KN294172v1","2602348","2602657","chr3","33194914","33195218","42","30592566"
"KN294172v1","2630991","2631269","chr2","78992186","78992475","44","76361195"
"KN294172v1","2648886","2649188","chr12","122612060","122612365","30","119963174"
"KN294172v1","2695203","2695501","chr7","100543071","100543364","36","97847868"
"KN294172v1","2745998","2746283","chr22","44272836","44273115","26","41526838"
"KN294172v1","2764335","2764651","chr4","2164521","2164832","167","599814"
"KN294172v1","2776104","2776428","chr22","44241641","44241970","38","41465537"
"KN294172v1","2790886","2791170","chr22","32281847","32282142","40","29490961"
"KN294172v1","2810949","2811288","chr1","64530590","64530891","67","61719641"
"KN294172v1","2854906","2855203","chr11","77655749","77656041","31","74800843"
"KN294172v1","2937943","2938233","chr22","44078732","44079026","39","41140789"
"KN294172v1","2943528","2943824","chr22","44073208","44073504","28","41129680"
"KN294172v1","2954276","2954572","chrX","41469548","41469846","35","38515272"
"KN294172v1","2977701","2977998","chr3","134973426","134973730","43","131995725"
"KN294172v1","2982593","2982890","chr10","102364567","102364866","30","99381974"
"KN294172v1","2987938","2988244","chr2","135466101","135466410","42","132478163"
"KN294172v1","2989931","2990215","chr15","70648329","70648615","37","67658398"
"KN294172v1","2998362","2998646","chr22","44019219","44019518","37","41020857"
"KN294172v1","3002354","3002662","chr3","39425262","39425568","41","36422908"
"KN294172v1","3005537","3005840","chr6","34087137","34087435","44","31081600"
"KN294172v1","3052907","3053259","chr2","234480759","234481101","62","231427852"
"KN294172v1","3059093","3059387","chr7","74489350","74489642","37","71430257"
"KN294172v1","3062605","3062916","chr7","140495258","140495569","41","137432653"
"KN294172v1","3073421","3073707","chr16","455199","455491","40","2618222"
"KN294172v1","3080787","3081082","chr14","77003333","77003629","37","73922546"
"KN294172v1","3101212","3101506","chr7","73958184","73958480","29","70856972"
"KN294172v1","3101658","3101958","chr9","82956317","82956622","47","79854659"
"KN294172v1","3109827","3110131","chr16","23411883","23412180","37","20302056"
"KN294172v1","3117518","3117825","chr5","139081597","139081905","42","135964079"
"KN294172v1","3119604","3119911","chr22","43894920","43895228","40","40775316"
"KN294172v1","3121675","3121976","chr22","43892861","43893163","23","40771186"
"KN294172v1","3124191","3124498","chr7","101324303","101324609","33","98200112"
"KN294172v1","3134720","3135048","chr20","9879280","9879583","68","6744560"
"KN294172v1","3150515","3150786","chr5","180055061","180055308","87","176904546"
"KN294172v1","3175182","3175489","chr22","43839312","43839616","29","40664130"
"KN294172v1","3230138","3230445","chr6","78914811","78915119","42","75684673"
"KN294172v1","3253237","3253526","chr22","43763048","43763338","20","40509811"
"KN294172v1","3256412","3256721","chr22","43759924","43760233","30","40503512"
"KN294172v1","3258589","3258748","chr22","43758941","43759100","14","40500352"
"KN294172v1","3265426","3265719","chr5","172907276","172907568","35","169641850"
"KN294172v1","3302099","3302382","chr22","43718501","43718782","20","40416402"
"KN294172v1","3312793","3313088","chr22","43708125","43708411","29","40395332"
"KN294172v1","3389298","3389596","chr4","123550289","123550587","38","120160991"
"KN294172v1","3414605","3414889","chr19","50146495","50146777","36","46731890"
"KN294172v1","3488555","3488863","chr22","43546589","43546900","39","40058034"
"KN294172v1","3512368","3512650","chr1","11678896","11679191","51","8166528"
"KN294172v1","3512917","3513271","chr22","43521410","43521753","28","40008493"
"KN294172v1","3536260","3536552","chr22","43489524","43489818","31","39953264"
"KN294172v1","3577074","3577384","chr22","43452006","43452312","31","39874932"
"KN294172v1","3606466","3606755","chr15","97780818","97781106","34","94174352"
"KN294172v1","3608942","3609241","chr19","36780619","36780923","33","33171677"
"KN294172v1","3622479","3622787","chr9","92016869","92017179","36","88394390"
"KN294172v1","3635714","3636020","chr22","43394299","43394601","27","39758585"
"KN294172v1","3639321","3639616","chr4","86822485","86822781","28","83183164"
"KN294172v1","3655444","3655759","chr22","43375584","43375897","36","39720140"
"KN294172v1","3658464","3658765","chr4","1936389","1936689","36","1722075"
"KN294172v1","3658784","3659037","chr22","43372311","43372542","36","39713527"
"KN294172v1","3677877","3678181","chr22","43353831","43354143","34","39675954"
"KN294172v1","3702608","3702907","chr22","43327510","43327808","24","39624902"
"KN294172v1","3749036","3749337","chr7","45834833","45835134","38","42085797"
"KN294172v1","3765804","3766121","chr10","11749774","11750095","43","7983970"
"KN294172v1","3821848","3822161","chr22","43211518","43211822","41","39389670"
"KN294172v1","3828968","3829266","chr22","43204663","43204960","22","39375695"
"KN294172v1","3829331","3829633","chr22","43204299","43204598","34","39374968"
"KN294172v1","3844954","3845221","chr2","48210029","48210299","50","44365075"
"KN294172v1","3856698","3856968","chr3","120013888","120014161","45","116157190"
"KN294172v1","3871359","3871473","chr6","128359171","128359283","22","124487812"
"KN294172v1","3871778","3871972","chr1","234881661","234881859","25","231009883"
"KN294172v1","3875631","3875934","chr18","24288486","24288781","39","20412855"
"KN294172v1","3884481","3884756","chr5","1917310","1917591","38","1967171"
"KN294172v1","3887066","3887377","chr17","18030039","18030349","38","14142973"
"KN294172v1","3900084","3900357","chr2","37119601","37119890","41","33219517"
"KN294172v1","3911251","3911438","chr22","43121843","43122030","15","39210592"
"KN294172v1","3912775","3913070","chr22","43120199","43120489","32","39207424"
"KN294172v1","3917941","3918222","chr2","32245902","32246190","50","28327961"
"KN294172v1","3920181","3920484","chr22","43115462","43115762","23","39195281"
"KN294172v1","3923083","3923378","chr22","43112922","43113221","26","39189839"
"KN294172v1","3926712","3927007","chr6","73271612","73271909","33","69344900"
"KN294172v1","3940076","3940405","chr22","43092591","43092901","41","39152515"
"KN294172v1","3943251","3943540","chr22","43090902","43091199","34","39147651"
"KN294172v1","3944410","3944637","chr6","21958915","21959141","30","18014505"
"KN294172v1","3949878","3950184","chr22","43087866","43088167","25","39137988"
"KN294172v1","3950188","3950454","chr22","43087279","43087544","28","39137091"
"KN294172v1","3955620","3955913","chr22","43082438","43082729","33","39126818"
"KN294172v1","3960339","3960631","chr12","13127906","13128198","32","9167567"
"KN294172v1","3962017","3962315","chr22","43076174","43076467","34","39114157"
"KN294172v1","3964685","3964990","chr1","23662433","23662731","39","19697748"
"KN294172v1","3969184","3969403","chr22","43068114","43068334","29","39098930"
"KN294172v1","3969721","3969835","chr22","43067689","43067803","11","39097968"
"KN294172v1","3974106","3974383","chr4","109063235","109063517","36","105089129"
"KN294172v1","3977208","3977505","chr22","43058995","43059292","30","39081787"
"KN294172v1","3978725","3979022","chr1","243102095","243102391","34","239123370"
"KN294172v1","3980967","3981323","chr22","43050509","43050822","77","39069542"
"KN294172v1","3991858","3992162","chr2","199481653","199481963","36","195489795"
"KN294172v1","3995093","3995396","chr21","10399995","10400307","36","6404902"
"KN294172v1","3996494","3996820","chr14","101970474","101970782","44","97973980"
"KN294172v1","4020718","4020854","chr22","43012955","43013091","6","38992237"
"KN294172v1","4021154","4021309","chr22","43012487","43012653","21","38991333"
"KN294172v1","4040706","4040928","chrX","65586054","65586278","25","61545348"
"KN294172v1","4050619","4050930","chr22","42983035","42983340","29","38932416"
"KN294172v1","4089522","4089814","chr22","42944817","42945111","32","38855295"
"KN294172v1","4092549","4092856","chr22","42941763","42942076","29","38849214"
"KN294172v1","4113433","4113735","chr9","87236087","87236383","33","83122654"
"KN294172v1","4182273","4182471","chr17","44434422","44434621","31","40252149"
"KN294172v1","4183504","4183801","chr14","104899494","104899787","42","100715990"
"KN294172v1","4196888","4197178","chr22","42847871","42848161","22","38650983"
"KN294172v1","4199008","4199282","chr1","151614327","151614598","33","147415319"
"KN294172v1","4199919","4200227","chr22","42844303","42844614","31","38644384"
"KN294172v1","4212204","4212495","chr22","42832247","42832565","49","38620043"
"KN294172v1","4213749","4214042","chr22","42831018","42831310","27","38617269"
"KN294172v1","4217477","4217639","chr12","99033510","99033676","25","94816033"
"KN294172v1","4217933","4218072","chr6","36587518","36587653","16","32369585"
"KN294172v1","4218165","4218262","chr17","46238226","46238318","21","42020061"
"KN294172v1","4220374","4220693","chr22","42825392","42825711","22","38605018"
"KN294172v1","4238886","4239188","chr22","42808116","42808414","32","38569230"
"KN294172v1","4256192","4256314","chr8","77388244","77388361","20","73132052"
"KN294172v1","4256776","4257085","chr7","105772064","105772373","31","101515288"
"KN294172v1","4261326","4261530","chr7","158709383","158709596","31","154448057"
"KN294172v1","4264495","4264762","chr17","6083542","6083811","37","1819047"
"KN294172v1","4280883","4281161","chr10","5926137","5926413","34","1645254"
"KN294172v1","4283112","4283374","chr22","42762015","42762279","18","38478903"
"KN294172v1","4291739","4292050","chr6","17127269","17127572","53","12835530"
"KN294172v1","4292133","4292321","chr22","42635352","42635539","22","38343219"
"KN294172v1","4296767","4297070","chr11","66798925","66799228","42","62502158"
"KN294172v1","4302233","4302409","chr12","20352874","20353055","38","16050641"
"KN294172v1","4302705","4302786","chr1","241182853","241182936","8","236880148"
"KN294172v1","4317512","4317812","chr22","42727793","42728104","30","38410281"
"KN294172v1","4319174","4319435","chr1","26671562","26671821","58","22352388"
"KN294172v1","4323839","4323952","chr21","32500191","32500302","15","28176352"
"KN294172v1","4323954","4324082","chr12","122960609","122960740","21","118636655"
"KN294172v1","4367064","4367363","chr22","32989553","32989854","38","28622489"
"KN294172v1","4370796","4371095","chr22","42673172","42673470","24","38302376"
"KN294172v1","4377522","4377793","chr22","42661655","42661942","38","38284133"
"KN294172v1","4379914","4380198","chr2","88476662","88476944","34","84096748"
"KN294172v1","4380251","4380268","chr1","155155055","155155072","4","150774804"
"KN294172v1","4381721","4381989","chr9","19170689","19170951","37","14788968"
"KN294172v1","4387959","4388214","chr1","47324971","47325225","48","42937012"
"KN294172v1","4389978","4390230","chr3","114084054","114084297","45","109694076"
"KN294172v1","4391272","4391354","chr22","42652483","42652567","7","38261211"
"KN294172v1","4405242","4405402","chr5","154747715","154747874","22","150342473"
"KN294172v1","4405710","4405845","chr3","49179856","49179991","12","44774146"
"KN294172v1","4405846","4406139","chr19","53618689","53618981","31","49212843"
"KN294172v1","4409184","4409396","chr3","14206015","14206225","20","9796831"
"KN294172v1","4415759","4416064","chr22","42629805","42630094","39","38214046"
"KN294172v1","4428632","4428930","chr22","42616991","42617290","36","38188359"
"KN294172v1","4429058","4429369","chr9","78236970","78237280","36","73807912"
"KN294172v1","4430138","4430442","chr7","135569070","135569372","35","131138932"
"KN294172v1","4430667","4430968","chr22","42616004","42616327","49","38185337"
"KN294172v1","4433335","4433630","chr22","42613479","42613786","34","38180144"
"KN294172v1","4448910","4449206","chr22","42597779","42598077","32","38148869"
"KN294172v1","4453599","4453901","chr4","39691219","39691516","31","35237620"
"KN294172v1","4456909","4457203","chr22","42590790","42591097","36","38133881"
"KN294172v1","4464474","4464769","chr22","42583411","42583709","23","38118937"
"KN294172v1","4481822","4482139","chrX","40737349","40737663","44","36255527"
"KN294172v1","4491061","4491360","chr22","42559800","42560114","39","38068739"
"KN294172v1","4501473","4501774","chr22","42545135","42545433","28","38043662"
"KN294172v1","4503160","4503495","chr22","42538844","42539153","56","38035684"
"KN294172v1","4505069","4505371","chr22","42538844","42539153","30","38033775"
"KN294172v1","4510744","4511054","chr10","97774417","97774725","40","93263673"
"KN294172v1","4524297","4524599","chr7","74373216","74373517","30","69848919"
"KN294172v1","4537729","4538048","chr8","67975695","67976015","46","63437966"
"KN294172v1","4540645","4540841","chr16","3477519","3477710","23","1063126"
"KN294172v1","4542473","4542784","chr9","112513005","112513304","44","107970532"
"KN294172v1","4544341","4544430","chr6","17742233","17742325","21","13197892"
"KN294172v1","4544466","4544680","chr22","42494830","42495043","14","37950364"
"KN294172v1","4547852","4548180","chr22","42491129","42491442","39","37943277"
"KN294172v1","4559993","4560289","chr22","42479853","42480157","33","37919860"
"KN294172v1","4561075","4561374","chr22","42474742","42475030","25","37913667"
"KN294172v1","4569559","4569843","chr15","98995416","98995703","34","94425857"
"KN294172v1","4573598","4573900","chr22","42466619","42466922","29","37893021"
"KN294172v1","4580032","4580309","chr22","42460774","42461056","27","37880742"
"KN294172v1","4585691","4585897","chr22","42453910","42454109","17","37868219"
"KN294172v1","4603988","4604278","chr2","171954404","171954692","31","167350416"
"KN294172v1","4604281","4604572","chr7","102707676","102707966","53","98103395"
"KN294172v1","4609239","4609550","chr8","52309239","52309548","41","47700000"
"KN294172v1","4622371","4622627","chr9","122316209","122316460","50","117693838"
"KN294172v1","4627375","4627673","chr10","94233666","94233958","39","89606291"
"KN294172v1","4629877","4630108","chr22","42404629","42404872","36","37774752"
"KN294172v1","4642689","4642952","chr22","42392788","42393063","41","37750099"
"KN294172v1","4656435","4656590","chr22","42377519","42377675","10","37721084"
"KN294172v1","4658170","4658223","chr22","29578196","29578250","8","24920026"
"KN294172v1","4660083","4660271","chr6","3004905","3005094","24","1655178"
"KN294172v1","4661276","4661570","chr22","42372483","42372784","29","37711207"
"KN294172v1","4661606","4661895","chr22","42372159","42372447","21","37710553"
"KN294172v1","4661906","4662066","chr5","21500001","21500158","27","16838095"
"KN294172v1","4677621","4677928","chr22","42356220","42356527","23","37678599"
"KN294172v1","4755343","4755645","chr1","74750283","74750582","40","69994940"
"KN294172v1","4766477","4766779","chr22","42267866","42268164","32","37501389"
"KN294172v1","4784325","4784637","chr5","14101565","14101875","35","9317240"
"KN294172v1","4804225","4804538","chr22_GL383582v2_alt","141121","141432","36","4663104"
"KN294172v1","4835778","4836057","chr17","61906703","61906984","54","57070925"
"KN294172v1","4836984","4837278","chr9","33190721","33191012","36","28353737"
"KN294172v1","4880180","4880431","chr22_GL383582v2_alt","68068","68322","19","4812112"
"KN294172v1","4883838","4884123","chr2","171954404","171954692","40","167070566"
"KN294172v1","4906150","4906372","chr22","42120619","42120839","19","37214469"
"KN294172v1","4936718","4937015","chr3","196498713","196499012","32","191561995"
"KN294172v1","4946852","4947149","chr22","42081465","42081761","27","37134613"
"KN294172v1","4966552","4966790","chr6","42732249","42732469","39","37765697"
"KN294172v1","4975842","4976113","chr2","48210029","48210299","43","43234187"
"KN294172v1","4977725","4978005","chr22","42050364","42050644","14","37072639"
"KN294172v1","4984313","4984443","chr10","119945619","119945750","18","114961306"
"KN294172v1","4984444","4984524","chr3","49948735","49948813","15","44964291"
"KN294172v1","5008755","5009050","chr13","113148048","113148345","41","108139293"
"KN294172v1","5018106","5018408","chr22","42013778","42014077","33","36995672"
"KN294172v1","5040129","5040458","chr22","41993329","41993653","31","36953200"
"KN294172v1","5042349","5042634","chr22","41990782","41991093","41","36948433"
"KN294172v1","5076852","5077108","chr22","41956818","41957080","25","36879966"
"KN294172v1","5093703","5093986","chr22","41940387","41940677","23","36846684"
"KN294172v1","5117033","5117335","chr22","41918721","41919022","30","36801688"
"KN294172v1","5133915","5134204","chr22","41901379","41901669","20","36767464"
"KN294172v1","5146835","5147134","chr22","41889719","41890013","35","36742884"
"KN294172v1","5150107","5150118","chr1","26989584","26989594","2","21839477"
"KN294172v1","5150168","5150452","chr1","15163849","15164129","39","10013681"
"KN294172v1","5164485","5164777","chr22","41871613","41871914","21","36707128"
"KN294172v1","5169812","5170123","chr4","15646941","15647252","37","10477129"
"KN294172v1","5174152","5174439","chr22","41861641","41861932","29","36687489"
"KN294172v1","5184721","5185032","chr2","220834276","220834582","34","215649555"
"KN294172v1","5187312","5187609","chr4","87533464","87533756","47","82346152"
"KN294172v1","5220291","5220604","chr22","41817453","41817770","26","36597162"
"KN294172v1","5240156","5240454","chr3","168039265","168039563","29","162799109"
"KN294172v1","5244700","5244980","chr22","41793322","41793601","24","36548622"
"KN294172v1","5275162","5275447","chr9","136139725","136139999","42","130864563"
"KN294172v1","5290603","5290901","chr13","28133226","28133525","33","22842623"
"KN294172v1","5306749","5307032","chr22","41734648","41734937","38","36427899"
"KN294172v1","5307072","5307372","chr22","41734315","41734613","25","36427243"
"KN294172v1","5308215","5308522","chr7","22000447","22000759","45","16692232"
"KN294172v1","5336867","5337143","chr22","41705177","41705469","44","36368310"
"KN294172v1","5361682","5361987","chr22","41683900","41684204","29","36322218"
"KN294172v1","5380367","5380670","chr9","112513005","112513304","39","107132638"
"KN294172v1","5381266","5381554","chr5","31846141","31846434","37","26464875"
"KN294172v1","5398018","5398309","chr5","146539526","146539819","43","141141508"
"KN294172v1","5398826","5399111","chr22","41651025","41651310","21","36252199"
"KN294172v1","5405500","5405798","chr22","41644490","41644788","21","36238990"
"KN294172v1","5413056","5413345","chr22","41637079","41637384","34","36224023"
"KN294172v1","5424350","5424432","chr5","41977660","41977738","17","36553310"
"KN294172v1","5425022","5425154","chr1","36184323","36184455","17","30759301"
"KN294172v1","5425783","5425901","chr6","76171461","76171577","13","70745678"
"KN294172v1","5426073","5426263","chr17","81326476","81326662","31","75900403"
"KN294172v1","5432799","5433095","chr5","31673689","31673985","31","26240890"
"KN294172v1","5453514","5453819","chr22","41599896","41600203","28","36146382"
"KN294172v1","5457454","5457748","chr22","41596297","41596589","24","36138843"
"KN294172v1","5463182","5463317","chrX","1350173","1350308","11","4113009"
"KN294172v1","5465341","5465531","chr5","72625799","72625988","35","67160458"
"KN294172v1","5468472","5468783","chr19","18326583","18326885","42","12858111"
"KN294172v1","5493313","5493577","chrX","12907560","12907826","35","7414247"
"KN294172v1","5493723","5494023","chr2","32516232","32516533","34","27022509"
"KN294172v1","5499675","5499972","chr6","44847490","44847787","31","39347815"
"KN294172v1","5512475","5512740","chr1","28764577","28764843","56","23252102"
"KN294172v1","5513293","5513385","chr6","17742233","17742325","15","12228940"
"KN294172v1","5533741","5533844","chr3","101971864","101971957","21","96438123"
"KN294172v1","5534154","5534321","chr7","4795279","4795444","24","738875"
"KN294172v1","5549351","5549660","chr7","55783879","55784184","38","50234528"
"KN294172v1","5563755","5564063","chrX","15783877","15784187","32","10220122"
"KN294172v1","5593518","5593652","chr17","7701271","7701404","9","2107753"
"KN294172v1","5593960","5594150","chr17","17552142","17552323","41","11958182"
"KN294172v1","5597692","5598004","chr4","187960789","187961100","35","182363097"
"KN294172v1","5604872","5605180","chr14","38080471","38080769","42","32475599"
"KN294172v1","5606083","5606381","chr22","41453577","41453873","26","35847494"
"KN294172v1","5628883","5628919","chr1","62753222","62753256","9","57124339"
"KN294172v1","5629224","5629358","chr22","41428675","41428809","9","35799451"
"KN294172v1","5631283","5631589","chr7","578670","578981","44","5052613"
"KN294172v1","5636536","5636830","chr22","41422451","41422746","17","35785915"
"KN294172v1","5643696","5644031","chr19","7108883","7109206","61","1465187"
"KN294172v1","5647041","5647240","chr7","6546393","6546595","31","899352"
"KN294172v1","5647359","5647433","chr19","35323184","35323258","9","29675825"
"KN294172v1","5671353","5671442","chr22","41388299","41388390","7","35716946"
"KN294172v1","5672657","5672962","chr3","185882536","185882839","34","180209879"
"KN294172v1","5694206","5694494","chr22","41365503","41365797","33","35671297"
"KN294172v1","5699186","5699481","chr22","41360655","41360954","34","35661469"
"KN294172v1","5735604","5735910","chr7","100243037","100243340","33","94507433"
"KN294172v1","5735911","5736212","chr4","56786233","56786533","33","51050322"
"KN294172v1","5741485","5741771","chr6","151465926","151466218","42","145724441"
"KN294172v1","5742953","5743259","chr22","41319747","41320045","38","35576794"
"KN294172v1","5745634","5745775","chr22","41317138","41317278","6","35571504"
"KN294172v1","5746057","5746194","chr22","41316704","41316841","14","35570647"
"KN294172v1","5746302","5746611","chr12","124991132","124991439","37","119244830"
"KN294172v1","5747750","5747869","chr22","40945125","40945253","32","35197375"
"KN294172v1","5748175","5748309","chr18","48648838","48648972","20","42900663"
"KN294172v1","5766616","5766920","chr4","98964677","98964978","32","93198061"
"KN294172v1","5767447","5767754","chr22","41298313","41298614","33","35530866"
"KN294172v1","5780235","5780539","chr17","67428840","67429139","36","61648605"
"KN294172v1","5780540","5780702","chr2","47759778","47759943","23","41979238"
"KN294172v1","5780703","5781010","chr14","81088987","81089287","42","75308284"
"KN294172v1","5781011","5781027","chr1","2342810","2342823","6","3438201"
"KN294172v1","5781955","5782046","chr2","131120265","131120356","15","125338310"
"KN294172v1","5783809","5784108","chr19","50903375","50903674","46","45119566"
"KN294172v1","5802766","5803045","chr22","41259722","41260012","45","35456956"
"KN294172v1","5830468","5830602","chrX","44552528","44552665","14","38722060"
"KN294172v1","5833121","5833330","chr3","58185376","58185594","34","52352255"
"KN294172v1","5833332","5833507","chr1","120947806","120947979","34","115114474"
"KN294172v1","5843904","5844214","chr22","41222643","41222950","37","35378739"
"KN294172v1","5855829","5855964","chr1","11242082","11242217","10","5386253"
"KN294172v1","5856549","5856725","chr7","57434924","57435094","27","51578375"
"KN294172v1","5860369","5860670","chr22","41205988","41206287","34","35345619"
"KN294172v1","5864471","5864749","chr21","32445963","32446243","42","26581492"
"KN294172v1","5864951","5865242","chr9","89780599","89780894","41","83915648"
"KN294172v1","5866681","5866712","chr12","112121767","112121797","6","106255086"
"KN294172v1","5867953","5868263","chr4","56786233","56786533","46","50918280"
"KN294172v1","5888459","5888763","chr8","101986031","101986330","42","96097572"
"KN294172v1","5889223","5889521","chr22","41166989","41167296","26","35277766"
"KN294172v1","5891705","5891999","chr1","9978075","9978364","42","4086370"
"KN294172v1","5892662","5892951","chr22","41163468","41163764","30","35270806"
"KN294172v1","5895960","5896257","chr22","41159674","41159972","22","35263714"
"KN294172v1","5911576","5911867","chr22","41147023","41147319","32","35235447"
"KN294172v1","5919241","5919546","chrX","18310261","18310565","39","12391020"
"KN294172v1","5955259","5955319","chr4","40015645","40015709","15","34060386"
"KN294172v1","5993578","5993885","chr13","32799031","32799339","36","26805453"
"KN294172v1","5995140","5995292","chr22","41067465","41067621","13","35072325"
"KN294172v1","5995293","5995603","chr22","41067150","41067464","28","35071857"
"KN294172v1","5995634","5995757","chr1","163529833","163529950","16","157534199"
"KN294172v1","5996175","5996470","chr3","44489557","44489856","39","38493382"
"KN294172v1","6001041","6001366","chr1","7997554","7997877","38","1996513"
"KN294172v1","6022636","6022928","chr7","123280481","123280766","42","117257845"
"KN294172v1","6024410","6024710","chr22","41036645","41036937","36","35012235"
"KN294172v1","6025355","6025664","chr22","41035608","41035910","39","35010253"
"KN294172v1","6026923","6027238","chr5","93687962","93688273","40","87661039"
"KN294172v1","6027748","6028046","chr22","41032930","41033227","33","35005182"
"KN294172v1","6042508","6042814","chr12","122612060","122612365","42","116569552"
"KN294172v1","6043769","6044054","chr7","76392267","76392553","40","70348498"
"KN294172v1","6047415","6047727","chr3","142213815","142214123","48","136166400"
"KN294172v1","6048049","6048322","chr10","776275","776555","42","5271774"
"KN294172v1","6067648","6067929","chr6","13732655","13732945","49","7665007"
"KN294172v1","6068427","6068733","chr22","40996873","40997175","27","34928446"
"KN294172v1","6077096","6077385","chr7","143174600","143174884","39","137097504"
"KN294172v1","6088515","6088802","chr22","40978897","40979181","33","34890382"
"KN294172v1","6089524","6089817","chr6","38434913","38435193","51","32345389"
"KN294172v1","6092293","6092600","chr8","125464511","125464820","37","119372218"
"KN294172v1","6098465","6098758","chr2","168068923","168069215","42","161970458"
"KN294172v1","6103101","6103384","chr9","13129181","13129464","35","7026080"
"KN294172v1","6105714","6105858","chr5","32177331","32177477","19","26071617"
"KN294172v1","6106776","6107077","chr9","94029026","94029323","46","87922250"
"KN294172v1","6108122","6108306","chr8","54350866","54351043","24","48242744"
"KN294172v1","6118930","6119237","chr22","40949576","40949883","36","34830646"
"KN294172v1","6123300","6123589","chr1","230257923","230258214","36","224134623"
"KN294172v1","6126596","6126912","chr1","30999326","30999636","48","24872730"
"KN294172v1","6127245","6127409","chr4","189641496","189641641","51","183514251"
"KN294172v1","6127436","6127553","chr2","25843321","25843438","21","19715885"
"KN294172v1","6131507","6131819","chr1","20381533","20381834","59","14250026"
"KN294172v1","6145215","6145508","chr22","40923570","40923868","30","34778355"
"KN294172v1","6154440","6154716","chr22","40915293","40915571","29","34760853"
"KN294172v1","6182126","6182420","chr22","40884744","40885041","32","34702618"
"KN294172v1","6197638","6197961","chr22","40870737","40871047","36","34673099"
"KN294172v1","6223424","6223722","chr22","40847252","40847578","47","34623828"
"KN294172v1","6224302","6224613","chr9","131538997","131539303","42","125314695"
"KN294172v1","6227804","6228097","chr22","40843885","40844182","27","34616081"
"KN294172v1","6239609","6239899","chr22","40833594","40833856","48","34593985"
"KN294172v1","6245870","6246167","chr19","51624687","51624987","49","45378817"
"KN294172v1","6253270","6253561","chr22","40821326","40821623","30","34568056"
"KN294172v1","6258967","6258985","chr12","63470012","63470031","3","57211045"
"KN294172v1","6258986","6259304","chr1","11108432","11108742","51","4849446"
"KN294172v1","6281511","6281803","chrX","119421922","119422214","38","113140411"
"KN294172v1","6283250","6283549","chr8","58955733","58956033","36","52672483"
"KN294172v1","6319005","6319325","chr22","40755605","40755914","36","34436600"
"KN294172v1","6320072","6320382","chr22","40754266","40754566","37","34434194"
"KN294172v1","6323224","6323524","chr22","40750305","40750598","26","34427081"
"KN294172v1","6336907","6337215","chr2","121278404","121278709","38","114941497"
"KN294172v1","6339976","6340278","chr3","73553292","73553594","29","67213316"
"KN294172v1","6340523","6340823","chr22","40726156","40726471","46","34385633"
"KN294172v1","6341245","6341554","chr22","40725576","40725881","32","34384331"
"KN294172v1","6343565","6343759","chr22","40724420","40724613","19","34380855"
"KN294172v1","6359478","6359785","chr11","118049340","118049648","33","111689862"
"KN294172v1","6360409","6360706","chr1","65030537","65030831","32","58670128"
"KN294172v1","6364793","6365078","chr9","131898231","131898515","58","125533438"
"KN294172v1","6367411","6367711","chr13","28133226","28133525","35","21765815"
"KN294172v1","6370805","6371112","chr1","153999456","153999757","44","147628651"
"KN294172v1","6372623","6372816","chr2","207758483","207758674","37","201385860"
"KN294172v1","6373130","6373270","chr11","125531294","125531435","16","119158164"
"KN294172v1","6392797","6393060","chr22","40665963","40666230","27","34273166"
"KN294172v1","6403359","6403654","chr12","133112325","133112621","41","126708966"
"KN294172v1","6408391","6408679","chr3","128638684","128638976","53","122230293"
"KN294172v1","6413227","6413494","chr17","2413319","2413590","37","3999908"
"KN294172v1","6434121","6434428","chr22","40630031","40630342","23","34195910"
"KN294172v1","6456063","6456344","chr22","40608026","40608315","32","34151963"
"KN294172v1","6461828","6462114","chr22","40602574","40602852","40","34140746"
"KN294172v1","6490892","6491187","chr22","40576025","40576330","30","34085133"
"KN294172v1","6502092","6502375","chr15","80049594","80049878","40","73547502"
"KN294172v1","6511632","6511930","chr22","40551357","40551667","44","34039725"
"KN294172v1","6513223","6513517","chr22","40549770","40550068","24","34036547"
"KN294172v1","6514957","6515261","chr17","60831187","60831471","61","54316230"
"KN294172v1","6539718","6539831","chr4","31056766","31056879","17","24517048"
"KN294172v1","6543574","6543703","chr2","32912560","32912681","27","26368986"
"KN294172v1","6562365","6562669","chr6","161220781","161221082","38","154658416"
"KN294172v1","6585564","6585876","chr22","40471100","40471425","33","33885536"
"KN294172v1","6597003","6597297","chr9","36482354","36482651","35","29885351"
"KN294172v1","6616541","6616847","chr1","24479033","24479334","35","17862492"
"KN294172v1","6660632","6660916","chr17","42465683","42465977","38","35805051"
"KN294172v1","6700859","6701134","chr1","174213144","174213417","45","167512285"
"KN294172v1","6722356","6722661","chr22","40336674","40336979","31","33614318"
"KN294172v1","6758171","6758444","chr22","40303049","40303325","27","33544878"
"KN294172v1","6768975","6769257","chr12","86595262","86595546","42","79826287"
"KN294172v1","6791731","6792024","chr19","5212562","5212853","35","1579169"
"KN294172v1","6792437","6792709","chr18","63509417","63509681","38","56716980"
"KN294172v1","6803111","6803373","chrX","12907560","12907826","38","6104449"
"KN294172v1","6808375","6808663","chr22","40251446","40251732","26","33443071"
"KN294172v1","6823182","6823462","chr22","40236883","40237168","22","33413701"
"KN294172v1","6836331","6836631","chr17","4612192","4612495","32","2224139"
"KN294172v1","6842775","6843075","chr22","40217693","40217990","27","33374918"
"KN294172v1","6869636","6869898","chr13","104551080","104551332","46","97681444"
"KN294172v1","6874949","6875259","chr19","36739186","36739500","28","29864237"
"KN294172v1","6919080","6919343","chr22","28919542","28919806","44","22000462"
"KN294172v1","6986633","6986959","chr22","40072582","40072888","57","33085949"
"KN294172v1","6990908","6991042","chr2","27670163","27670297","15","20679255"
"KN294172v1","6991335","6991500","chr19","905536","905702","19","6085799"
"KN294172v1","7007838","7008130","chr22","40049603","40049902","37","33041765"
"KN294172v1","7008410","7008743","chr20","62077269","62077575","87","55068859"
"KN294172v1","7020052","7020347","chr22","40037090","40037397","41","33017038"
"KN294172v1","7024079","7024378","chr22","40033085","40033384","30","33009006"
"KN294172v1","7031364","7031644","chr4_KI270787v1_alt","44975","45238","35","6986389"
"KN294172v1","7045609","7045899","chr1","19183440","19183740","40","12137831"
"KN294172v1","7052532","7052841","chr6","71173132","71173435","49","64120600"
"KN294172v1","7069348","7069650","chr1","52132338","52132642","33","45062990"
"KN294172v1","7078840","7079139","chr8","10475443","10475739","40","3396603"
"KN294172v1","7082447","7082738","chr22","39975175","39975456","30","32892728"
"KN294172v1","7100902","7101179","chr22","39956483","39956768","35","32855581"
"KN294172v1","7111515","7111800","chr2","201159317","201159607","37","194047802"
"KN294172v1","7118145","7118404","chr22","39939664","39939909","36","32821519"
"KN294174v1","39944","40251","chr9","130274054","130274355","39","130234110"
"KN294174v1","150401","150700","chr4","21791735","21792029","42","21641334"
"KN294174v1","185184","185488","chr13","107579103","107579390","40","107393919"
"KN294174v1","239760","240076","chr20","50627220","50627533","47","50387460"
"KN294174v1","244992","245292","chr13","107517674","107517968","27","107272682"
"KN294174v1","258096","258174","chr2","206812628","206812709","17","206554532"
"KN294174v1","343912","344212","chr13","107417780","107418073","38","107073868"
"KN294174v1","346756","347055","chr13","107413794","107414093","32","107067038"
"KN294174v1","496902","497194","chr14","103117028","103117316","53","102620126"
"KN294174v1","500200","500485","chr12","94029399","94029683","39","93529199"
"KN294174v1","521604","521835","chr13","107240966","107241196","32","106719362"
"KN294174v1","534117","534430","chr4","84161498","84161804","40","83627381"
"KN294174v1","541448","541757","chr13","107221296","107221607","29","106679848"
"KN294174v1","600081","600392","chr13","107166138","107166448","33","106566057"
"KN294174v1","689541","689814","chr6","39825108","39825380","40","39135567"
"KN294175v1","3148","3224","chr2","61881340","61881419","12","61878192"
"KN294175v1","3937","4190","chr15_KI270905v1_alt","2345888","2346139","41","2341951"
"KN294175v1","15856","16136","chr10","97668869","97669165","44","97653013"
"KN294175v1","17274","17571","chr1","36029697","36029992","36","36012423"
"KN294175v1","37652","37954","chr7","66645286","66645585","27","66607634"
"KN294175v1","41889","42022","chr5","135080627","135080759","14","135038738"
"KN294175v1","42580","42751","chr7","66595263","66595430","20","66552683"
"KN294175v1","44802","45111","chr1","151760296","151760601","42","151715494"
"KN294175v1","47466","47773","chr7","66688813","66689124","26","66641347"
"KN294175v1","54906","55207","chr1","237807347","237807651","38","237752441"
"KN294175v1","57503","57799","chr7","73976322","73976620","31","73918819"
"KN294175v1","65412","65720","chr7","66663793","66664095","35","66598381"
"KN294175v1","72003","72297","chr5","32792716","32793009","56","32720713"
"KN294175v1","87860","88170","chr7","66751025","66751330","41","66663165"
"KN294175v1","110156","110462","chr7","66772627","66772940","30","66662471"
"KN294175v1","113898","114264","chr7","66776411","66776717","79","66662513"
"KN294175v1","116954","117252","chr9","89780599","89780894","42","89663645"
"KN294175v1","140482","140776","chr6","106699032","106699325","41","106558550"
"KN294175v1","144122","144431","chr7","66796581","66796890","13","66652459"
"KN294175v1","176714","176997","chr7","66506904","66507186","29","66330190"
"KN294175v1","196114","196419","chr7","66887781","66888091","30","66691667"
"KN294175v1","206699","206999","chr7","66898152","66898452","31","66691453"
"KN294175v1","227460","227539","chr6","134085462","134085543","22","133858002"
"KN294175v1","241479","241775","chr7","66929427","66929719","33","66687948"
"KN294175v1","244590","244882","chr7","107178751","107179046","41","106934161"
"KN294175v1","247250","247554","chr12","51606893","51607196","36","51359643"
"KN294176v1","63274","63555","chr12","63293443","63293723","18","63230169"
"KN294176v1","147338","147647","chr12","63195080","63195387","36","63047742"
"KN294176v1","164093","164389","chr2","207011346","207011646","41","206847253"
"KN294176v1","356462","356758","chr12","63029424","63029711","33","62672962"
"KN294178v1","20912","21231","chr1","27622492","27622805","51","27601580"
"KN294178v1","92027","92334","chr7","148429456","148429764","38","148337429"
"KN294181v1","64085","64380","chr21","37764384","37764677","22","37700299"
"KN294181v1","162385","162688","chr1","23513842","23514139","44","23351457"
"KN294181v1","199588","199909","chr21","37638150","37638446","40","37438562"
"KN294181v1","297499","297798","chr21","37545105","37545399","31","37247606"
"KN294181v1","326789","327084","chr14","34942614","34942914","48","34615825"
"KN294181v1","352871","353164","chr21","37481389","37481695","34","37128518"
"KN294181v1","434255","434554","chr1","40000661","40000955","36","39566406"
"KN294181v1","482177","482188","chr12","126446007","126446018","1","125963830"
"KN294181v1","482217","482493","chr9","36216355","36216633","35","35734138"
"KN294181v1","489548","489841","chr1","23277055","23277351","42","22787507"
"KN294181v1","503647","503954","chr21","37346192","37346501","26","36842545"
"KN294181v1","506679","506980","chr21","37343134","37343445","38","36836455"
"KN294181v1","525228","525508","chr16","70669535","70669828","34","70144307"
"KN294181v1","535200","535498","chr7","39934841","39935125","49","39399641"
"KN294181v1","555999","556290","chr2","233096372","233096659","43","232540373"
"KN294181v1","581696","581997","chr1","64530590","64530891","34","63948894"
"KN294181v1","624526","624828","chr21","37205273","37205570","31","36580747"
"KN294181v1","633656","633887","chr21","37197185","37197402","35","36563529"
"KN294181v1","656111","656406","chr16","15992406","15992700","32","15336295"
"KN294181v1","688729","689020","chr1","155109940","155110232","32","154421211"
"KN294181v1","699488","699795","chrX","44708188","44708494","37","44008700"
"KN294181v1","709203","709513","chr21","37124110","37124416","22","36414907"
"KN294181v1","781891","782180","chr10","1892217","1892504","34","1110326"
"KN294181v1","795333","795648","chr21","37031958","37032262","38","36236625"
"KN294181v1","809138","809444","chr8","48403530","48403835","45","47594392"
"KN294181v1","809584","809886","chr1","28715810","28716114","41","27906226"
"KN294181v1","811935","812250","chr9","111619631","111619942","42","110807696"
"KN294181v1","815154","815457","chr21","37010212","37010517","41","36195058"
"KN294181v1","816912","817163","chr11","62653500","62653758","55","61836588"
"KN294181v1","839474","839776","chr21","36993005","36993307","21","36153531"
"KN294181v1","841341","841607","chr10","72585413","72585674","43","71744072"
"KN294181v1","854682","854987","chr21","36978214","36978516","27","36123532"
"KN294181v1","860669","860965","chr21","36971547","36971845","21","36110878"
"KN294181v1","862340","862626","chr21","36969582","36969872","24","36107242"
"KN294181v1","867665","867950","chr21","36963941","36964225","14","36096276"
"KN294181v1","878010","878299","chr1","79540346","79540641","41","78662336"
"KN294181v1","930744","931044","chr13","95348076","95348373","34","94417332"
"KN294181v1","983131","983425","chr1","154638446","154638739","41","153655315"
"KN294181v1","1002591","1002895","chr21","36836903","36837208","18","35834312"
"KN294181v1","1044083","1044379","chr3","9516473","9516773","39","8472390"
"KN294181v1","1067653","1067935","chr21","36778292","36778578","30","35710639"
"KN294181v1","1102334","1102631","chr14","49759237","49759534","34","48656903"
"KN294181v1","1107092","1107231","chr14","23560668","23560807","25","22453576"
"KN294181v1","1107232","1107350","chr3","48526076","48526181","34","47418844"
"KN294181v1","1108580","1108891","chr4","188586172","188586480","36","187477592"
"KN294181v1","1110903","1111171","chr11","18184147","18184413","44","17073244"
"KN294181v1","1126299","1126566","chr21","36717438","36717712","32","35591139"
"KN294181v1","1153823","1154133","chr21","36690167","36690482","47","35536344"
"KN294181v1","1242897","1243209","chr19","53235907","53236218","51","51993010"
"KN294181v1","1246756","1247060","chr21","36588425","36588728","25","35341669"
"KN294181v1","1304196","1304482","chr7","102152408","102152691","50","100848212"
"KN294181v1","1316306","1316608","chr21","36519431","36519737","30","35203125"
"KN294181v1","1319951","1320226","chr9","38303833","38304113","38","36983882"
"KN294181v1","1320260","1320283","chr1","150809636","150809656","4","149489376"
"KN294181v1","1328230","1328524","chr21","36507482","36507776","18","35179252"
"KN294181v1","1345777","1346059","chr21","36488847","36489131","14","35143070"
"KN294181v1","1364505","1364794","chr21","36468295","36468584","16","35103790"
"KN294181v1","1388649","1388918","chr16","90050263","90050539","43","88661614"
"KN294181v1","1402650","1402875","chr7","47316581","47316797","47","45913931"
"KN294181v1","1411352","1411646","chr21","36428377","36428680","32","35017025"
"KN294181v1","1413011","1413309","chr4","169053978","169054274","35","167640967"
"KN294181v1","1419228","1419531","chr21","36417329","36417629","28","34998101"
"KN294181v1","1425920","1426175","chr21","36410671","36410919","32","34984751"
"KN294181v1","1426587","1426895","chr21","36409957","36410262","29","34983370"
"KN294181v1","1429872","1430147","chr12","620646","620928","38","809226"
"KN294181v1","1433364","1433634","chr1","61964114","61964381","37","60530750"
"KN294181v1","1437866","1438175","chr21","36398346","36398659","29","34960480"
"KN294181v1","1441463","1441761","chr21","36394731","36395030","28","34953268"
"KN294181v1","1441983","1442101","chr10","93505896","93506018","22","92063913"
"KN294181v1","1442410","1442583","chr21","36393898","36394064","30","34951488"
"KN294181v1","1461378","1461672","chr21","36374100","36374389","22","34912722"
"KN294181v1","1474673","1474964","chr2","39423951","39424243","34","37949278"
"KN294181v1","1476229","1476402","chr12","123592824","123592984","38","122116595"
"KN294181v1","1479484","1479792","chr21","36357732","36358036","36","34878248"
"KN294181v1","1501105","1501413","chr21","36336231","36336535","39","34835126"
"KN294181v1","1507695","1507991","chr5","99437083","99437371","54","97929388"
"KN294181v1","1512867","1513146","chr7","6339909","6340184","46","4827042"
"KN294181v1","1526930","1527227","chr5","172265928","172266230","48","170738998"
"KN294181v1","1530540","1530845","chr2","160389420","160389728","49","158858880"
"KN294181v1","1531424","1531707","chr21","36307384","36307668","31","34775960"
"KN294181v1","1533105","1533237","chr6","35933027","35933162","15","34399922"
"KN294181v1","1534763","1534837","chr7","138410495","138410566","16","136875732"
"KN294181v1","1538431","1538703","chr21","36303595","36303877","30","34765164"
"KN294181v1","1549576","1549877","chr6","53237457","53237757","42","51687881"
"KN294181v1","1550664","1550977","chr21","36292597","36292913","25","34741933"
"KN294181v1","1552016","1552186","chr11","39331127","39331292","20","37779111"
"KN294181v1","1552486","1552621","chr21","36290243","36290378","10","34737757"
"KN294181v1","1570883","1571203","chr21","36264454","36264772","38","34693571"
"KN294181v1","1582780","1583050","chr6","43535841","43536117","46","41953061"
"KN294181v1","1591809","1592088","chr14","88221020","88221301","29","86629211"
"KN294181v1","1594078","1594379","chr21","36237886","36238196","34","34643808"
"KN294181v1","1594383","1594683","chr2","68919608","68919904","37","67325225"
"KN294181v1","1595468","1595771","chr11","118049340","118049648","50","116453872"
"KN294181v1","1600593","1600732","chr21","36232144","36232282","7","34631551"
"KN294181v1","1601038","1601203","chr21","36231672","36231844","12","34630634"
"KN294181v1","1604338","1604636","chr21","36228181","36228483","31","34623843"
"KN294181v1","1606627","1606909","chr21","36225232","36225530","36","34618605"
"KN294181v1","1614167","1614476","chr9","127832750","127833056","57","126218583"
"KN294181v1","1616092","1616388","chrX","7633544","7633844","27","6017452"
"KN294181v1","1618886","1619089","chr21","36213637","36213839","24","34594751"
"KN294181v1","1647081","1647387","chr9","70027920","70028226","28","68380839"
"KN294181v1","1651894","1652191","chr3","131031965","131032261","29","129380071"
"KN294181v1","1661555","1661866","chr4","98221453","98221766","59","96559898"
"KN294181v1","1670297","1670609","chr21","36160473","36160777","40","34490176"
"KN294181v1","1680962","1681241","chr21","36148538","36148826","28","34467576"
"KN294181v1","1685063","1685084","chr5","37545498","37545518","3","35860435"
"KN294181v1","1685402","1685705","chr4","139433094","139433390","41","137747692"
"KN294181v1","1685980","1686271","chr21","36143598","36143900","39","34457618"
"KN294181v1","1686557","1686848","chr21","36143023","36143316","33","34456466"
"KN294181v1","1689693","1689992","chr2","101567435","101567737","36","99877742"
"KN294181v1","1692865","1693156","chr20","10890931","10891219","41","9198066"
"KN294181v1","1717262","1717539","chr1","154401119","154401400","42","152683857"
"KN294181v1","1723012","1723061","chr9","4323257","4323303","11","2600245"
"KN294181v1","1723063","1723120","chr15","41636511","41636567","12","39913448"
"KN294181v1","1725795","1726015","chr10","96537551","96537768","32","94811756"
"KN294181v1","1727844","1728194","chr21","36081547","36081892","31","34353703"
"KN294181v1","1745089","1745392","chr6","71173132","71173435","40","69428043"
"KN294181v1","1780211","1780512","chr8","103492830","103493134","46","101712619"
"KN294181v1","1783707","1784045","chr8","140679004","140679324","72","138895297"
"KN294181v1","1796216","1796502","chr21","36006779","36007071","36","34210563"
"KN294181v1","1811121","1811423","chr21","35991431","35991733","25","34180310"
"KN294181v1","1812229","1812519","chr21","35990455","35990751","35","34178226"
"KN294181v1","1816128","1816421","chr21","35986864","35987165","31","34170736"
"KN294181v1","1844760","1845030","chr21","35959591","35959862","26","34114831"
"KN294181v1","1860136","1860446","chr5","168264274","168264581","34","166404138"
"KN294181v1","1870626","1870896","chr19","4481494","4481756","44","2610868"
"KN294181v1","1873628","1873942","chr21","35932856","35933156","53","34059228"
"KN294181v1","1926239","1926496","chr2","85872344","85872600","31","83946105"
"KN294181v1","1958257","1958581","chr2","176696011","176696330","59","174737754"
"KN294181v1","1963622","1963937","chr21","35841486","35841790","43","33877864"
"KN294181v1","1969281","1969590","chr4","5974857","5975169","47","4005576"
"KN294181v1","1975253","1975542","chr13","19754454","19754739","31","17779201"
"KN294181v1","1985703","1985973","chr6","107018134","107018402","32","105032431"
"KN294181v1","1999186","1999477","chr21","35811856","35812151","25","33812670"
"KN294181v1","2048833","2049122","chr3","160034410","160034697","36","157985577"
"KN294181v1","2049364","2049658","chr9","91635098","91635378","48","89585734"
"KN294182v1","27362","27494","chr17","2345181","2345315","15","2317819"
"KN294182v1","27807","27968","chr3","55388281","55388444","25","55360474"
"KN294182v1","36596","36891","chr1","39138672","39138964","36","39102076"
"KN294182v1","40773","41075","chr16","16639641","16639936","47","16598868"
"KN294182v1","63830","64102","chr11","1021369","1021648","34","957539"
"KN294182v1","116661","116947","chr11","623028","623316","36","506367"
"KN294182v1","121236","121541","chr14","61291324","61291628","36","61170088"
"KN294182v1","140111","140409","chr15","36736885","36737187","43","36596774"
"KN294182v1","144864","145149","chr11","950815","951105","27","805951"
"KN294182v1","148427","148741","chr12","53526877","53527190","39","53378450"
"KN294182v1","162803","163101","chr11","932989","933287","33","770186"
"KN294182v1","177239","177437","chr11","10408641","10408833","39","10231402"
"KN294182v1","178002","178119","chr10","77895728","77895846","21","77717726"
"KN294182v1","179716","180020","chr11","916201","916511","26","736485"
"KN294182v1","191245","191555","chr11","905386","905688","28","714141"
"KN294182v1","277356","277664","chr11","817835","818150","45","540479"
"KN294182v1","336681","336983","chr11","754461","754771","39","417780"
"KN294182v1","353934","354286","chr8","28054905","28055272","79","27700971"
"KN294182v1","359800","360101","chr11","730216","730508","34","370416"
"KN294182v1","375229","375353","chr7","140474084","140474215","23","140098855"
"KN294182v1","375653","375811","chr2","202383702","202383863","25","202008049"
"KN294182v1","377648","377943","chr5","146207655","146207944","41","145830007"
"KN294182v1","401332","401622","chr11","690463","690766","42","289131"
"KN294182v1","401738","401837","chr11","690145","690232","15","288407"
"KN294182v1","401832","401936","chr11","690045","690150","7","288213"
"KN294182v1","407345","407618","chr18","3197137","3197410","39","2789792"
"KN294182v1","422224","422536","chr11","667530","667828","43","245306"
"KN294182v1","433629","433915","chr11","650969","651258","34","217340"
"KN294182v1","434802","434971","chr2","42973529","42973699","23","42538727"
"KN294182v1","435272","435401","chr2","27394062","27394192","20","26958790"
"KN294182v1","437085","437268","chr12","121126952","121127137","26","120689867"
"KN294182v1","439812","439943","chr2","203269793","203269924","15","202829981"
"KN294182v1","441493","441795","chr9","121539105","121539404","38","121097612"
"KN294182v1","450270","450581","chr18","58593596","58593905","39","58143326"
"KN294182v1","484584","484881","chr1","1591263","1591557","40","1106679"
"KN294182v1","505460","505759","chr2","238219584","238219883","34","237714124"
"KN294182v1","506118","506248","chrX","54522141","54522276","9","54016023"
"KN294182v1","508088","508260","chr17","2882120","2882293","24","2374032"
"KN294182v1","519308","519611","chr11","570271","570579","30","50963"
"KN294182v1","525567","525754","chr16","3477519","3477710","24","2951952"
"KN294182v1","541832","542125","chr1","9978075","9978364","27","9436243"
"KN294182v1","542193","542476","chr10","96361626","96361909","28","95819433"
"KN294182v1","543323","543608","chr11","545989","546283","35","2666"
"KN294182v1","561371","561654","chr16","46697833","46698122","30","46136462"
"KN294182v1","573514","573830","chr11","513982","514293","32","59532"
"KN294182v1","577779","577948","chr17","46017278","46017440","26","45439499"
"KN294182v1","579367","579449","chr1","231120451","231120533","10","230541084"
"KN294182v1","594764","595054","chr6","38434913","38435193","56","37840149"
"KN294182v1","631978","632279","chr1","1591263","1591557","38","959285"
"KN294182v1","634569","634867","chr11","445085","445387","32","189484"
"KN294182v1","636366","636663","chr11","443252","443554","29","193114"
"KN294182v1","795280","795609","chr7","69100676","69100998","48","68305396"
"KN294184v1","22154","22447","chr16","28008077","28008378","42","27985923"
"KN294184v1","62986","63296","chr3","28645","28958","26","34341"
"KN294184v1","166632","166817","chr1","27308952","27309141","22","27142320"
"KN294184v1","167116","167250","chr12","5235481","5235616","17","5068365"
"KN294184v1","264192","264480","chr3","224855","225141","34","39337"
"KN294184v1","265805","266117","chr3","226452","226746","45","39353"
"KN294184v1","297855","298125","chr15","66336272","66336550","39","66038417"
"KN294184v1","326139","326450","chr3","286329","286641","22","39810"
"KN294184v1","326643","326947","chr3","51327677","51327981","36","51001034"
"KN294184v1","361945","362060","chr17","39438073","39438173","43","39076128"
"KN294184v1","367314","367429","chr17","39438073","39438173","43","39070759"
"KN294185v1","36814","37084","chr9","9043622","9043904","32","9006808"
"KN294185v1","120426","120741","chr9","8965096","8965398","42","8844670"
"KN294185v1","165161","165466","chr9","8920804","8921113","45","8755643"
"KN294185v1","166862","167147","chr9","8919132","8919408","41","8752270"
"KN294185v1","191522","191760","chr15","93101179","93101413","36","92909657"
"KN294185v1","223265","223556","chr4","87343548","87343847","30","87120283"
"KN294185v1","257760","258053","chr9","8827325","8827622","29","8569565"
"KN294185v1","264017","264299","chr4","40508879","40509160","37","40244862"
"KN294185v1","267139","267425","chr9","8819381","8819669","31","8552242"
"KN294185v1","279469","279753","chr9","8807055","8807338","25","8527586"
