"KN294145v1","111371","111674","JH378183","5425094","5425393","43","5313723"
"KN294147v1","2989","3293","JH378110","31185595","31185892","48","31182606"
"KN294147v1","27982","28296","JH378141","3250147","3250452","44","3222165"
"KN294147v1","37981","38277","JH378123","5871314","5871609","34","5833333"
"KN294147v1","42813","43128","JH378292","672421","672734","46","629608"
"KN294147v1","60552","60866","JH378122","10735490","10735801","46","10674938"
"KN294147v1","206477","206788","JH378284","140900","141210","45","65577"
"KN294147v1","207653","207953","JH378288","2522816","2523114","47","2315163"
"KN294147v1","395141","395414","JH378148","3476171","3476446","47","3081030"
"KN294147v1","406459","406744","JH378212","5187756","5188041","39","4781297"
"KN294147v1","607683","607950","JH378108","52132553","52132812","45","51524870"
"KN294147v1","893766","894079","JH378110","31534717","31535026","41","30640951"
"KN294147v1","1115706","1116006","JH378157","11680835","11681133","39","10565129"
"KN294147v1","1214055","1214343","JH378291","1763364","1763657","50","549309"
"KN294147v1","1251873","1252172","JH378134","9604961","9605247","51","8353088"
"KN294147v1","1295819","1296088","JH378112","44812077","44812345","45","43516258"
"KN294147v1","1298112","1298424","JH378111","19566205","19566514","59","18268093"
"KN294147v1","1300220","1300533","JH378229","3218674","3218985","49","1918454"
"KN294147v1","1321191","1321485","JH378115","22645163","22645456","41","21323972"
"KN294147v1","1324573","1324798","JH378136","4792119","4792364","47","3467546"
"KN294147v1","1352797","1353089","JH378127","6500159","6500449","39","5147362"
"KN294147v1","1374132","1374425","JH378138","7727579","7727879","40","6353447"
"KN294147v1","1445758","1446057","JH378111","11078576","11078876","46","9632818"
"KN294147v1","1448408","1448709","JH378177","10624641","10624941","42","9176233"
"KN294147v1","1453800","1454095","JH378141","18308897","18309196","44","16855097"
"KN294147v1","1454309","1454617","JH378242","3464765","3465074","36","2010456"
"KN294147v1","1454651","1454951","JH378127","8362487","8362787","37","6907836"
"KN294147v1","1473267","1473573","JH378110","35772805","35773094","48","34299538"
"KN294147v1","1534157","1534463","JH378109","15916105","15916413","42","14381948"
"KN294147v1","1610204","1610379","JH378105","55653547","55653723","30","54043343"
"KN294147v1","1736779","1737085","JH378141","3250147","3250452","41","1513368"
"KN294147v1","1768856","1769170","JH378150","2511765","2512079","47","742909"
"KN294147v1","1792077","1792367","JH378150","14301921","14302207","41","12509844"
"KN294147v1","1832706","1832995","JH378124","9891628","9891918","37","8058922"
"KN294147v1","1835855","1836153","JH378110","34989320","34989614","49","33153465"
"KN294147v1","1841230","1841535","JH378118","8371335","8371635","39","6530105"
"KN294147v1","1862582","1862887","JH378109","3245731","3246035","42","1383149"
"KN294147v1","1977349","1977633","JH378235","3236857","3237141","46","1259508"
"KN294147v1","2015963","2016210","JH378117","9076422","9076656","39","7060459"
"KN294147v1","2113543","2113846","JH378157","2081789","2082084","44","31754"
"KN294152v1","102706","103010","JH378171","7115385","7115696","54","7012679"
"KN294158v1","111155","111465","JH378111","6509892","6510204","48","6398737"
"KN294158v1","157718","158029","JH378109","15916105","15916413","36","15758387"
"KN294158v1","290298","290611","JH378115","3500211","3500517","52","3209913"
"KN294158v1","311734","312031","JH378109","7722335","7722631","38","7410601"
"KN294158v1","376607","376906","JH378135","391308","391599","45","14701"
"KN294158v1","402468","402779","JH378155","9849644","9849955","43","9447176"
"KN294158v1","491181","491511","JH378148","10302642","10302970","47","9811461"
"KN294158v1","551436","551735","JH378110","11323477","11323772","42","10772041"
"KN294158v1","646289","646580","JH378197","5790965","5791258","39","5144676"
"KN294161v1","145689","145997","JH378107","6629402","6629706","41","6483713"
"KN294161v1","186973","187268","JH378169","3822933","3823227","40","3635960"
"KN294161v1","212548","212860","JH378157","11680835","11681133","58","11468287"
"KN294161v1","265801","266094","JH378141","15308427","15308718","32","15042626"
"KN294161v1","425771","426054","JH378166","2681178","2681461","37","2255407"
"KN294161v1","474366","474648","JH378290","1302957","1303243","34","828591"
"KN294161v1","486001","486292","JH378156","4035647","4035934","53","3549646"
"KN294161v1","590477","590758","JH378111","41906155","41906437","37","41315678"
"KN294161v1","593140","593440","JH378231","967312","967602","42","374172"
"KN294161v1","657992","658299","JH378108","50606576","50606881","35","49948584"
"KN294161v1","682242","682548","JH378213","2617860","2618157","36","1935618"
"KN294161v1","918543","918844","JH378134","15662943","15663248","45","14744400"
"KN294161v1","951947","952251","JH378216","2945298","2945597","38","1993351"
"KN294161v1","974137","974440","JH378108","23179668","23179971","38","22205531"
"KN294161v1","986457","986585","JH378233","5806321","5806451","17","4819864"
"KN294161v1","1021926","1022175","JH378146","16862504","16862761","44","15840578"
"KN294161v1","1037537","1037828","JH378257","46861","47152","44","990676"
"KN294161v1","1206593","1206886","JH378151","16470977","16471271","41","15264384"
"KN294161v1","1329091","1329392","JH378105","24833730","24834029","40","23504639"
"KN294166v1","3148","3439","JH378107","24066742","24067037","34","24063594"
"KN294166v1","125178","125472","JH378117","29885878","29886174","41","29760700"
"KN294166v1","184409","184717","JH378135","979462","979760","43","795053"
"KN294167v1","219275","219575","JH378259","3411841","3412137","37","3192566"
"KN294167v1","255088","255394","JH378106","44095356","44095667","52","43840268"
"KN294167v1","263648","263948","JH378109","14395323","14395620","45","14131675"
"KN294167v1","270527","270842","JH378254","873499","873817","43","602972"
"KN294167v1","274409","274709","JH378146","10619169","10619465","38","10344760"
"KN294167v1","337010","337313","JH378131","2231918","2232216","35","1894908"
"KN294167v1","361635","361927","JH378296","1529895","1530187","42","1168260"
"KN294167v1","406704","406998","JH378110","38767322","38767611","30","38360618"
"KN294167v1","422430","422740","JH378118","28260704","28261015","45","27838274"
"KN294167v1","423792","424041","JH378212","1720231","1720483","45","1296439"
"KN294167v1","425017","425170","JH378220","3407256","3407415","30","2982239"
"KN294167v1","474825","474961","JH378131","10561074","10561209","23","10086249"
"KN294167v1","475261","475414","JH378159","13736779","13736938","24","13261518"
"KN294167v1","489986","490280","JH378136","17669663","17669950","43","17179677"
"KN294167v1","572084","572364","JH378141","11337456","11337740","39","10765372"
"KN294170v1","15681","15983","JH378220","815804","816104","35","800123"
"KN294170v1","50010","50300","JH378157","10444446","10444736","31","10394436"
"KN294170v1","78980","79289","JH378246","3812973","3813276","45","3733993"
"KN294170v1","81707","82013","JH378106","7203572","7203879","44","7121865"
"KN294170v1","122231","122527","JH378110","35772805","35773094","40","35650574"
"KN294170v1","136946","137245","JH378127","21435811","21436112","48","21298865"
"KN294170v1","160058","160353","JH378160","8842564","8842864","40","8682506"
"KN294170v1","181859","182163","JH378105","55653916","55654217","43","55472057"
"KN294170v1","360552","360864","JH378183","7780553","7780858","51","7420001"
"KN294170v1","416335","416627","JH378107","6179597","6179887","35","5763262"
"KN294172v1","255014","255320","JH378183","6775190","6775494","37","6520176"
"KN294172v1","290155","290440","JH378232","5269542","5269827","36","4979387"
"KN294172v1","312223","312521","JH378268","481923","482224","45","169700"
"KN294172v1","333748","334045","JH378175","2720293","2720585","47","2386545"
"KN294172v1","420582","420892","JH378134","15662943","15663248","41","15242361"
"KN294172v1","471566","471770","JH378281","227952","228155","32","243614"
"KN294172v1","508206","508518","JH378122","8881763","8882075","34","8373557"
"KN294172v1","509258","509418","JH378111","44776156","44776315","25","44266898"
"KN294172v1","537042","537309","JH378105","48873013","48873284","44","48335971"
"KN294172v1","589971","590251","JH378177","10020275","10020565","43","9430304"
"KN294172v1","767562","767859","JH378307","294332","294629","38","473230"
"KN294172v1","835311","835619","JH378107","6629402","6629706","36","5794091"
"KN294172v1","853022","853332","JH378140","7065285","7065588","45","6212263"
"KN294172v1","892572","892864","JH378137","10012956","10013261","52","9120384"
"KN294172v1","904482","904794","JH378147","15026359","15026670","41","14121877"
"KN294172v1","991507","991750","JH378165","3754235","3754479","42","2762728"
"KN294172v1","1034553","1034845","JH378125","14877586","14877889","47","13843033"
"KN294172v1","1177466","1177645","JH378253","159585","159763","28","1017881"
"KN294172v1","1257050","1257203","JH378150","15410519","15410680","31","14153469"
"KN294172v1","1363157","1363452","JH378248","2691388","2691687","34","1328231"
"KN294172v1","1434648","1434959","JH378141","3250147","3250452","45","1815499"
"KN294172v1","1443893","1444189","JH378183","7197746","7198040","40","5753853"
"KN294172v1","1490427","1490721","JH378180","740662","740955","32","749765"
"KN294172v1","1527120","1527407","JH378134","5377739","5378025","44","3850619"
"KN294172v1","1537777","1538077","JH378129","4753480","4753776","51","3215703"
"KN294172v1","1552941","1553235","JH378139","4742796","4743094","38","3189855"
"KN294172v1","1588259","1588545","JH378177","7576052","7576341","40","5987793"
"KN294172v1","1590381","1590678","JH378111","6434524","6434820","34","4844143"
"KN294172v1","1607883","1608070","JH378124","10381803","10381982","37","8773920"
"KN294172v1","1630044","1630343","JH378149","2877943","2878246","33","1247899"
"KN294172v1","1664008","1664292","JH378212","5187756","5188041","45","3523748"
"KN294172v1","1687803","1687867","JH378110","39506465","39506526","10","37818662"
"KN294172v1","1737266","1737562","JH378291","1838386","1838679","36","101120"
"KN294172v1","1755108","1755415","JH378108","50606576","50606881","39","48851468"
"KN294172v1","1760385","1760692","JH378120","16506244","16506552","37","14745859"
"KN294172v1","1797704","1797999","JH378151","8000553","8000849","38","6202849"
"KN294172v1","1807077","1807396","JH378118","10362259","10362570","50","8555182"
"KN294172v1","1837546","1837883","JH378153","10517405","10517727","54","8679859"
"KN294172v1","1899839","1900143","JH378106","7203572","7203879","40","5303733"
"KN294172v1","1931067","1931376","JH378197","7714979","7715287","41","5783912"
"KN294172v1","1963866","1964165","JH378144","5455150","5455446","40","3491284"
"KN294172v1","1970370","1970681","JH378121","27599222","27599531","48","25628852"
"KN294172v1","2025377","2025673","JH378144","18268740","18269035","41","16243363"
"KN294172v1","2028047","2028349","JH378133","4265714","4266013","37","2237667"
"KN294172v1","2030301","2030588","JH378110","35772805","35773094","48","33742504"
"KN294172v1","2094670","2094979","JH378147","15246332","15246643","42","13151662"
"KN294172v1","2110580","2110872","JH378186","2015270","2015566","47","95310"
"KN294172v1","2149017","2149318","JH378157","11680835","11681133","39","9531818"
"KN294172v1","2162488","2162800","JH378111","37870433","37870741","39","35707945"
"KN294172v1","2227062","2227362","JH378160","8842564","8842864","41","6615502"
"KN294172v1","2239819","2240116","JH378279","1918066","1918357","39","321753"
"KN294172v1","2260206","2260498","JH378149","8572370","8572662","39","6312164"
"KN294172v1","2261177","2261467","JH378151","15102719","15103019","48","12841542"
"KN294172v1","2273174","2273475","JH378151","8000553","8000849","38","5727379"
"KN294172v1","2293140","2293433","JH378118","24975863","24976158","37","22682723"
"KN294172v1","2338232","2338545","JH378155","9849644","9849955","37","7511412"
"KN294172v1","2343350","2343655","JH378106","30956391","30956692","51","28613041"
"KN294172v1","2366620","2366909","JH378124","19317952","19318250","45","16951332"
"KN294172v1","2383295","2383616","JH378118","10362259","10362570","59","7978964"
"KN294172v1","2422542","2422833","JH378110","38767322","38767611","42","36344780"
"KN294172v1","2464668","2464943","JH378124","17022008","17022283","41","14557340"
"KN294172v1","2485629","2485925","JH378206","1317113","1317412","41","1168516"
"KN294172v1","2491166","2491468","JH378320","284719","285030","40","2206447"
"KN294172v1","2551970","2552279","JH378108","41515344","41515653","38","38963374"
"KN294172v1","2651844","2652148","JH378171","4465576","4465881","40","1813732"
"KN294172v1","2668867","2669027","JH378159","13736779","13736938","22","11067912"
"KN294172v1","2669325","2669460","JH378105","48719966","48720097","20","46050641"
"KN294172v1","2722565","2722852","JH378216","2703852","2704141","41","18713"
"KN294172v1","2846269","2846570","JH378112","35064816","35065113","42","32218547"
"KN294172v1","2881089","2881401","JH378110","31176039","31176347","46","28294950"
"KN294172v1","2918343","2918638","JH378197","5790965","5791258","36","2872622"
"KN294172v1","2947240","2947526","JH378157","10444446","10444736","36","7497206"
"KN294172v1","2961454","2961755","JH378108","50606576","50606881","39","47645122"
"KN294172v1","2998649","2998959","JH378151","2397109","2397415","41","601540"
"KN294172v1","2999478","2999758","JH378119","9709198","9709480","32","6709720"
"KN294172v1","3014918","3015221","JH378137","17959080","17959376","38","14944162"
"KN294172v1","3114952","3115209","JH378198","5709390","5709645","43","2594438"
"KN294172v1","3203492","3203820","JH378151","16928339","16928664","51","13724847"
"KN294172v1","3257058","3257124","JH378105","22574104","22574169","10","19317046"
"KN294172v1","3403595","3403893","JH378190","1594261","1594555","37","1809334"
"KN294172v1","3651328","3651642","JH378110","31176039","31176347","47","27524711"
"KN294172v1","3839104","3839423","JH378292","672421","672734","46","3166683"
"KN294172v1","3883849","3884134","JH378111","41906155","41906437","37","38022306"
"KN294172v1","3889141","3889447","JH378259","3411841","3412137","40","477300"
"KN294172v1","3892812","3893107","JH378161","10896810","10897106","38","7003998"
"KN294172v1","3919177","3919469","JH378322","687884","688182","38","3231293"
"KN294172v1","3929155","3929322","JH378144","7509788","7509952","22","3580633"
"KN294172v1","3929620","3929756","JH378156","3214481","3214612","22","715139"
"KN294172v1","3932476","3932789","JH378175","4567685","4567991","42","635209"
"KN294172v1","3945540","3945832","JH378157","6896458","6896753","54","2950918"
"KN294172v1","3955305","3955617","JH378137","14583532","14583838","40","10628227"
"KN294172v1","3977508","3977793","JH378136","14235455","14235744","41","10257947"
"KN294172v1","3977795","3977853","JH378105","69042480","69042530","10","65064685"
"KN294172v1","3994360","3994642","JH378189","8235245","8235527","43","4240885"
"KN294172v1","3995564","3995809","JH378146","16862504","16862761","45","12866940"
"KN294172v1","4070053","4070134","JH378115","4003263","4003328","22","66790"
"KN294172v1","4152700","4152999","JH378258","637199","637496","35","3515501"
"KN294172v1","4178570","4178708","JH378106","59213247","59213383","25","55034677"
"KN294172v1","4211012","4211303","JH378114","42183943","42184242","41","37972931"
"KN294172v1","4257933","4258231","JH378269","2820337","2820637","32","1437596"
"KN294172v1","4267538","4267840","JH378149","2877943","2878246","38","1389595"
"KN294172v1","4286667","4286993","JH378147","15246332","15246643","57","10959665"
"KN294172v1","4291556","4291738","JH378177","5576474","5576656","25","1284918"
"KN294172v1","4292051","4292118","JH378115","4003263","4003328","12","288788"
"KN294172v1","4308851","4309149","JH378274","1023528","1023822","43","3285323"
"KN294172v1","4318124","4318415","JH378145","12849687","12849983","41","8531563"
"KN294172v1","4321534","4321833","JH378149","10273195","10273490","34","5951661"
"KN294172v1","4332392","4332706","JH378120","16500137","16500431","57","12167745"
"KN294172v1","4354418","4354646","JH378223","3529705","3529934","38","824713"
"KN294172v1","4373504","4373816","JH378148","3974036","3974343","38","399468"
"KN294172v1","4378228","4378543","JH378107","32732951","32733261","37","28354723"
"KN294172v1","4388240","4388537","JH378148","12411399","12411697","45","8023159"
"KN294172v1","4388987","4389293","JH378121","27727470","27727775","38","23338483"
"KN294172v1","4410435","4410783","JH378190","8055964","8056300","76","3645529"
"KN294172v1","4411132","4411431","JH378123","21396038","21396333","40","16984906"
"KN294172v1","4420328","4420611","JH378220","629260","629545","39","3791068"
"KN294172v1","4478214","4478504","JH378171","7171702","7171994","34","2693488"
"KN294172v1","4480704","4480975","JH378118","7814544","7814816","43","3333840"
"KN294172v1","4481011","4481052","JH378106","2202477","2202512","16","2278534"
"KN294172v1","4484415","4484701","JH378122","7929721","7930014","40","3445306"
"KN294172v1","4486501","4486787","JH378122","7929721","7930014","40","3443220"
"KN294172v1","4504270","4504553","JH378112","33930725","33931007","42","29426455"
"KN294172v1","4506268","4506564","JH378281","1673096","1673394","47","2833172"
"KN294172v1","4507073","4507366","JH378117","33802500","33802795","47","29295427"
"KN294172v1","4514473","4514769","JH378157","11680835","11681133","38","7166362"
"KN294172v1","4536696","4536934","JH378110","18029152","18029406","59","13492456"
"KN294172v1","4594927","4595084","JH378122","7464055","7464206","17","2869128"
"KN294172v1","4612860","4613172","JH378109","14656269","14656583","38","10043409"
"KN294172v1","4623261","4623567","JH378171","4465576","4465881","31","157685"
"KN294172v1","4639289","4639601","JH378109","15916105","15916413","40","11276816"
"KN294172v1","4761492","4761794","JH378284","360589","360893","31","4400903"
"KN294172v1","4786112","4786417","JH378183","7780553","7780858","42","2994441"
"KN294172v1","4840629","4840909","JH378256","2531612","2531900","46","2309017"
"KN294172v1","4852420","4852753","JH378151","14267355","14267684","61","9414935"
"KN294172v1","4894652","4894945","JH378196","8003815","8004104","37","3109163"
"KN294172v1","4903483","4903770","JH378239","480518","480803","44","4422965"
"KN294172v1","4952065","4952365","JH378155","6084918","6085218","39","1132853"
"KN294172v1","5005049","5005345","JH378339","154997","155296","36","4850052"
"KN294172v1","5022960","5023074","JH378135","4696145","4696252","17","326815"
"KN294172v1","5023372","5023503","JH378128","13053253","13053382","18","8029881"
"KN294172v1","5027092","5027374","JH378123","9341788","9342076","51","4314696"
"KN294172v1","5068276","5068579","JH378132","12276136","12276436","40","7207860"
"KN294172v1","5074771","5075068","JH378148","6851871","6852166","39","1777100"
"KN294172v1","5137132","5137439","JH378334","243088","243387","45","4894044"
"KN294172v1","5139526","5139824","JH378250","2257155","2257453","37","2882371"
"KN294172v1","5145349","5145652","JH378183","7780553","7780858","37","2635204"
"KN294172v1","5161785","5162082","JH378109","28874665","28874955","39","23712880"
"KN294172v1","5195878","5196158","JH378123","27931369","27931657","52","22735491"
"KN294172v1","5280984","5281277","JH378105","16092120","16092407","40","10811136"
"KN294172v1","5285027","5285162","JH378109","40799058","40799192","16","35514031"
"KN294172v1","5285460","5285626","JH378111","12040473","12040639","28","6755013"
"KN294172v1","5339882","5340172","JH378198","5697927","5698214","35","358045"
"KN294172v1","5384948","5385232","JH378182","217334","217620","42","5167614"
"KN294172v1","5398665","5398774","JH378194","8528143","8528247","18","3129478"
"KN294172v1","5449192","5449467","JH378190","6347425","6347707","45","898233"
"KN294172v1","5463612","5463790","JH378108","23466756","23466932","27","18003144"
"KN294172v1","5481017","5481312","JH378159","4120516","4120812","45","1360501"
"KN294172v1","5507733","5508044","JH378122","25478854","25479162","41","19971121"
"KN294172v1","5584563","5584863","JH378131","16313086","16313385","45","10728523"
"KN294172v1","5655892","5656178","JH378279","1918066","1918357","35","3737826"
"KN294172v1","5672965","5673265","JH378137","8949659","8949961","37","3276694"
"KN294172v1","5718837","5719133","JH378153","2550681","2550977","37","3168156"
"KN294172v1","5755572","5755853","JH378212","1545428","1545712","40","4210144"
"KN294172v1","5764547","5764847","JH378118","9130518","9130813","37","3365971"
"KN294172v1","5770836","5771132","JH378121","30858344","30858640","34","25087508"
"KN294172v1","5792048","5792330","JH378110","44714927","44715197","52","38922879"
"KN294172v1","5796041","5796325","JH378140","10498671","10498961","49","4702630"
"KN294172v1","5882280","5882542","JH378114","20693492","20693752","36","14811212"
"KN294172v1","5939800","5940092","JH378157","10444446","10444736","41","4504646"
"KN294172v1","5953020","5953269","JH378120","21186469","21186719","48","15233449"
"KN294172v1","5972599","5972892","JH378136","17669663","17669950","44","11697064"
"KN294172v1","5992488","5992791","JH378156","3771316","3771617","39","2221172"
"KN294172v1","5999403","5999717","JH378105","4798292","4798595","54","1201111"
"KN294172v1","6012579","6012893","JH378109","19170031","19170338","38","13157452"
"KN294172v1","6024718","6025029","JH378106","44095356","44095667","41","38070638"
"KN294172v1","6031022","6031333","JH378148","3974036","3974343","37","2056986"
"KN294172v1","6032423","6032734","JH378156","5989210","5989518","47","43213"
"KN294172v1","6033726","6034021","JH378146","17026498","17026797","40","10992772"
"KN294172v1","6050063","6050316","JH378135","21164796","21165052","40","15114733"
"KN294172v1","6053765","6054062","JH378123","21045764","21046057","39","14991999"
"KN294172v1","6069123","6069423","JH378213","2874647","2874943","43","3194476"
"KN294172v1","6084365","6084668","JH378109","19170031","19170338","37","13085666"
"KN294172v1","6133878","6134150","JH378145","6882755","6883029","45","748877"
"KN294172v1","6148637","6148930","JH378106","56568581","56568877","50","50419944"
"KN294172v1","6195964","6196259","JH378255","1108063","1108363","41","5087901"
"KN294172v1","6258303","6258586","JH378114","42090727","42091006","35","35832424"
"KN294172v1","6275202","6275499","JH378248","2549932","2550224","38","3725270"
"KN294172v1","6278290","6278592","JH378145","14086967","14087277","57","7808677"
"KN294172v1","6351066","6351375","JH378158","4663828","4664138","37","1687238"
"KN294172v1","6357576","6357864","JH378148","7028211","7028500","52","670635"
"KN294172v1","6361390","6361703","JH378183","7780553","7780858","41","1419163"
"KN294172v1","6406343","6406642","JH378119","13225015","13225317","40","6818672"
"KN294172v1","6410612","6410915","JH378127","21517798","21518105","38","15107186"
"KN294172v1","6421336","6421452","JH378135","5973168","5973284","12","448168"
"KN294172v1","6536387","6536675","JH378136","14235455","14235744","44","7699068"
"KN294172v1","6548787","6549099","JH378155","9849644","9849955","36","3300857"
"KN294172v1","6656193","6656471","JH378195","3367164","3367437","38","3289029"
"KN294172v1","6657386","6657682","JH378151","10618967","10619265","28","3961581"
"KN294172v1","6662886","6663179","JH378105","23643722","23644012","39","16980836"
"KN294172v1","6682703","6683010","JH378155","9849644","9849955","38","3166941"
"KN294172v1","6707103","6707396","JH378106","42306536","42306834","38","35599433"
"KN294172v1","6784569","6784859","JH378141","11337456","11337740","42","4552887"
"KN294172v1","6816171","6816444","JH378158","2808137","2808412","41","4008034"
"KN294172v1","6832230","6832536","JH378141","3250147","3250452","34","3582083"
"KN294172v1","6860683","6860986","JH378114","11092845","11093146","33","4232162"
"KN294172v1","6980009","6980308","JH378108","23179668","23179971","40","16199659"
"KN294172v1","6995224","6995519","JH378289","1656818","1657119","40","5338406"
"KN294172v1","7009959","7010261","JH378118","25529595","25529899","41","18519636"
"KN294172v1","7038367","7038653","JH378157","9627574","9627857","36","2589207"
"KN294172v1","7039741","7040052","JH378201","3126261","3126561","49","3913480"
"KN294172v1","7044807","7045099","JH378112","11417396","11417686","33","4372589"
"KN294172v1","7066700","7067030","JH378106","69606719","69607045","68","62540019"
"KN294172v1","7074786","7075082","JH378173","11130559","11130855","44","4055773"
"KN294172v1","7087919","7088228","JH378115","23329082","23329390","37","16241163"
"KN294174v1","209479","209777","JH378242","1916713","1917010","36","1707234"
"KN294174v1","477804","478101","JH378119","32278254","32278548","42","31800450"
"KN294174v1","537896","538156","JH378146","16862504","16862761","48","16324608"
"KN294175v1","5500","5815","JH378140","19046144","19046454","37","19040644"
"KN294175v1","43877","44189","JH378208","3283734","3284044","45","3239857"
"KN294175v1","83600","83882","JH378211","5821468","5821745","40","5737868"
"KN294175v1","127953","128254","JH378149","2877943","2878246","40","2749990"
"KN294175v1","134487","134775","JH378189","8326516","8326792","55","8192029"
"KN294175v1","161345","161649","JH378114","20171921","20172227","46","20010576"
"KN294175v1","163797","164122","JH378122","29364081","29364385","66","29200284"
"KN294175v1","182362","182669","JH378173","677329","677634","40","494967"
"KN294175v1","239663","239953","JH378257","46861","47152","40","192802"
"KN294176v1","328691","328976","JH378214","1196550","1196829","84","867859"
"KN294179v1","19551","19703","JH378135","3366495","3366647","24","3346944"
"KN294180v1","5630","5920","JH378167","1816601","1816893","47","1810971"
"KN294181v1","32089","32380","JH378109","33541335","33541632","48","33509246"
"KN294181v1","101041","101343","JH378119","11284072","11284374","38","11183031"
"KN294181v1","435516","435813","JH378146","1242952","1243249","44","807436"
"KN294181v1","463756","464039","JH378133","17831089","17831375","45","17367333"
"KN294181v1","477443","477760","JH378161","2386822","2387132","54","1909379"
"KN294181v1","509561","509825","JH378125","14817759","14818019","36","14308198"
"KN294181v1","534854","535164","JH378157","1239754","1240062","42","704900"
"KN294181v1","536256","536566","JH378225","778969","779272","44","242713"
"KN294181v1","576900","577208","JH378107","37298366","37298677","46","36721466"
"KN294181v1","592431","592738","JH378157","1239754","1240062","40","647323"
"KN294181v1","617506","617801","JH378157","11680835","11681133","41","11063329"
"KN294181v1","646485","646809","JH378169","8904712","8905027","49","8258227"
"KN294181v1","746028","746325","JH378116","25441765","25442063","40","24695737"
"KN294181v1","770602","770810","AGCE01149800","1697","1902","33","768905"
"KN294181v1","775921","776221","JH378205","5836156","5836448","42","5060235"
"KN294181v1","792841","793128","JH378225","5907481","5907773","43","5114640"
"KN294181v1","803706","803994","JH378129","8007661","8007953","35","7203955"
"KN294181v1","810707","811001","JH378186","9203996","9204293","31","8393289"
"KN294181v1","820404","820716","JH378161","7501480","7501788","41","6681076"
"KN294181v1","826422","826719","JH378113","2568898","2569187","46","1742476"
"KN294181v1","858043","858340","JH378157","11680835","11681133","34","10822792"
"KN294181v1","926379","926670","JH378139","18617030","18617314","39","17690651"
"KN294181v1","930133","930441","JH378111","33574933","33575242","42","32644800"
"KN294181v1","998685","998857","JH378128","25000745","25000912","32","24002060"
"KN294181v1","1016789","1017103","JH378107","26994981","26995284","40","25978192"
"KN294181v1","1220714","1221020","JH378113","27671457","27671760","42","26450743"
"KN294181v1","1276034","1276337","JH378138","12295705","12296014","44","11019671"
"KN294181v1","1301795","1301938","JH378269","1516230","1516374","14","214435"
"KN294181v1","1340022","1340297","JH378117","9761240","9761521","42","8421218"
"KN294181v1","1399214","1399517","JH378141","18306898","18307199","33","16907684"
"KN294181v1","1401597","1401851","JH378107","130468","130731","50","1271129"
"KN294181v1","1430577","1430863","JH378112","20633537","20633832","39","19202960"
"KN294181v1","1436030","1436327","JH378109","19170031","19170338","43","17734001"
"KN294181v1","1452475","1452761","JH378141","13707293","13707581","42","12254818"
"KN294181v1","1472547","1472601","JH378129","7836384","7836436","8","6363837"
"KN294181v1","1494743","1495044","JH378118","25759177","25759477","38","24264434"
"KN294181v1","1507080","1507383","JH378221","6226401","6226700","41","4719321"
"KN294181v1","1509138","1509309","JH378134","13847463","13847629","29","12338325"
"KN294181v1","1509620","1509747","JH378148","7073058","7073184","24","5563438"
"KN294181v1","1569188","1569497","JH378196","70967","71271","41","1498221"
"KN294181v1","1570245","1570540","JH378148","6851871","6852166","37","5281626"
"KN294181v1","1587287","1587589","JH378141","3250147","3250452","39","1662860"
"KN294181v1","1593164","1593455","JH378156","10253303","10253595","38","8660139"
"KN294181v1","1605564","1605839","JH378150","2929684","2929958","33","1324120"
"KN294181v1","1627655","1627944","JH378166","3114856","3115149","42","1487201"
"KN294181v1","1672220","1672530","JH378173","5129395","5129699","46","3457175"
"KN294181v1","1691557","1691842","JH378282","3060358","3060642","39","1368801"
"KN294181v1","1760854","1761014","JH378220","3407256","3407415","21","1646402"
"KN294181v1","1772207","1772519","JH378108","41515344","41515653","40","39743137"
"KN294181v1","1823343","1823640","JH378180","68924","69218","43","1754419"
"KN294181v1","1867226","1867509","JH378236","375017","375301","43","1492209"
"KN294181v1","1867911","1868223","JH378108","41515344","41515653","41","39647433"
"KN294181v1","1939953","1940250","JH378106","69502624","69502917","45","67562671"
"KN294181v1","2024281","2024593","JH378145","12582077","12582388","40","10557796"
"KN294182v1","131947","132249","JH378227","1305485","1305786","41","1173538"
"KN294182v1","147029","147344","JH378129","7942372","7942680","47","7795343"
"KN294182v1","268847","269123","JH378149","2190357","2190629","42","1921510"
"KN294182v1","316802","317113","JH378220","1031670","1031980","40","714868"
"KN294182v1","353587","353862","JH378144","13577173","13577444","47","13223586"
"KN294182v1","426299","426592","JH378197","5790965","5791258","38","5364666"
"KN294182v1","439110","439408","JH378157","11680835","11681133","28","11241725"
"KN294182v1","522934","523229","JH378190","1594261","1594555","45","1071327"
"KN294182v1","563374","563651","JH378115","21582214","21582492","41","21018840"
"KN294182v1","582302","582595","JH378258","2163395","2163693","37","1581093"
"KN294183v1","5228","5543","JH378116","4874986","4875299","52","4869758"
"KN294184v1","71575","71858","JH378108","20578527","20578815","45","20506952"
"KN294184v1","277886","278149","JH378115","22489571","22489829","51","22211685"
"KN294184v1","588286","588588","JH378125","7087740","7088041","44","6499454"
"KN294185v1","110358","110660","JH378149","2877943","2878246","42","2767585"
"KN294185v1","145280","145588","JH378120","4044289","4044599","44","3899009"
"KN294185v1","200178","200449","JH378167","4170356","4170626","38","3970178"
"KN294185v1","280560","280876","JH378112","4449354","4449662","43","4168794"
"KN294185v1","320212","320507","JH378224","2747664","2747962","38","2427452"
"KN294185v1","439088","439200","JH378146","5358370","5358476","17","4919282"
"KN294185v1","653333","653604","JH378106","70186713","70186988","41","69533380"
"KN294187v1","1131","1443","JH378108","34084253","34084563","41","34083122"
"KN294187v1","44728","45037","JH378115","375412","375718","41","330684"
"KN294187v1","157237","157552","JH378151","7065938","7066244","46","6908701"
"KN294187v1","206059","206339","JH378149","1653835","1654121","40","1447776"
"KN294187v1","207073","207384","JH378141","3250147","3250452","42","3043074"
"KN294187v1","218750","219052","JH378120","714489","714790","37","495739"
"KN294187v1","262862","263170","JH378107","6629402","6629706","39","6366540"
"KN294187v1","289393","289678","JH378148","3227478","3227768","47","2938085"
"KN294187v1","310071","310369","JH378346","277348","277644","38","32723"
"KN294187v1","312657","312952","JH378143","5854114","5854411","45","5541457"
"KN294187v1","332455","332751","JH378290","866758","867054","40","534303"
"KN294187v1","335855","336147","JH378111","31686564","31686854","45","31350709"
"KN294187v1","350558","350699","JH378123","29397496","29397627","32","29046938"
"KN294187v1","377594","377903","JH378112","21803861","21804168","33","21426267"
"KN294187v1","382066","382351","JH378133","4489979","4490268","40","4107913"
"KN294187v1","438071","438369","JH378125","17715156","17715453","41","17277085"
"KN294187v1","442654","442985","JH378109","41038421","41038731","58","40595767"
"KN294187v1","597652","597943","JH378166","9433324","9433618","41","8835672"
"KN294187v1","651258","651561","JH378300","585996","586299","38","65262"
"KN294187v1","714857","715168","JH378131","12881234","12881540","40","12166377"
"KN294187v1","734737","735043","JH378147","15246332","15246643","40","14511595"
"KN294187v1","743503","743794","JH378131","139699","139995","35","603804"
"KN294187v1","758080","758378","JH378114","38963506","38963802","40","38205426"
"KN294187v1","900019","900318","JH378225","2673897","2674195","42","1773878"
"KN294187v1","901501","901812","JH378157","1239754","1240062","38","338253"
"KN294187v1","911741","912037","JH378106","65924544","65924840","39","65012803"
"KN294187v1","1007866","1008178","JH378142","6354376","6354685","41","5346510"
"KN294187v1","1066223","1066514","JH378190","1594261","1594555","40","528038"
"KN294187v1","1074019","1074273","JH378143","18229556","18229809","32","17155537"
"KN294187v1","1081732","1082029","JH378255","3371557","3371857","40","2289825"
"KN294187v1","1083277","1083563","JH378110","35772805","35773094","37","34689528"
"KN294187v1","1091192","1091338","JH378122","5167432","5167577","19","4076240"
"KN294187v1","1122026","1122327","JH378157","11680835","11681133","38","10558809"
"KN294187v1","1173541","1173836","JH378198","4811288","4811567","73","3637747"
"KN294187v1","1174481","1174765","JH378110","27202709","27202991","41","26028228"
"KN294187v1","1176910","1177210","JH378127","5221878","5222182","45","4044968"
"KN294187v1","1233359","1233634","JH378318","597010","597282","39","636349"
"KN294187v1","1267981","1268295","JH378299","1385679","1385990","44","117698"
"KN294187v1","1319503","1319791","JH378157","11680835","11681133","39","10361332"
"KN294187v1","1331400","1331730","JH378120","17054918","17055228","70","15723518"
"KN294187v1","1333010","1333315","JH378105","13895374","13895677","45","12562364"
"KN294187v1","1336888","1337184","JH378121","2980882","2981173","36","1643994"
"KN294187v1","1346864","1347175","JH378122","8881763","8882075","33","7534899"
"KN294187v1","1390403","1390709","JH378236","74113","74416","38","1316290"
"KN294187v1","1482303","1482610","JH378114","11092845","11093146","36","9610542"
"KN294187v1","1512272","1512336","JH378105","22574104","22574169","10","21061832"
"KN294187v1","1526075","1526365","JH378282","2875857","2876143","34","1349782"
"KN294187v1","1534660","1534970","JH378109","15916105","15916413","49","14381445"
"KN294187v1","1535690","1535959","JH378158","4668316","4668590","44","3132626"
"KN294187v1","1564649","1564959","JH378140","7065285","7065588","43","5500636"
"KN294187v1","1590941","1591245","JH378156","3771316","3771617","41","2180375"
"KN294187v1","1597064","1597319","JH378192","8878758","8879016","43","7281694"
"KN294187v1","1611028","1611191","JH378105","64503783","64503945","23","62892755"
"KN294187v1","1645035","1645317","JH378263","1268702","1268988","60","376333"
"KN294187v1","1662891","1663186","JH378164","2467516","2467821","41","804625"
"KN294187v1","1813627","1813934","JH378148","3974036","3974343","32","2160409"
"KN294187v1","1876640","1876942","JH378144","14506853","14507157","39","12630213"
"KN294187v1","1906857","1907166","JH378148","12723372","12723677","47","10816515"
"KN294187v1","1923674","1923970","JH378249","4383046","4383349","32","2459372"
"KN294187v1","1944093","1944394","JH378148","3002505","3002807","44","1058412"
"KN294187v1","2062697","2062968","JH378188","1069921","1070191","38","992776"
"KN294188v1","9904","10211","JH378126","22455860","22456165","36","22445956"
"KN294189v1","23686","23980","JH378177","10361870","10362162","44","10338184"
"KN294192v1","121215","121503","JH378157","6723290","6723580","43","6602075"
"KN294192v1","142948","143240","JH378135","1282022","1282315","40","1139074"
"KN294192v1","401119","401417","JH378187","3060524","3060823","41","2659405"
"KN294192v1","415230","415502","JH378149","3679776","3680051","48","3264546"
"KN294192v1","419491","419797","JH378157","1431375","1431676","50","1011884"
"KN294192v1","440793","440862","JH378315","443041","443111","9","2248"
"KN294192v1","475838","476128","JH378216","1568033","1568323","45","1092195"
"KN294192v1","490441","490750","JH378124","2277401","2277710","39","1786960"
"KN294192v1","560154","560455","JH378249","4383046","4383349","36","3822892"
"KN294192v1","576047","576340","JH378140","18258253","18258546","44","17682206"
"KN294193v1","1411","1696","JH378156","5966817","5967097","44","5965406"
"KN294193v1","169333","169630","JH378113","3879348","3879644","41","3710015"
"KN294193v1","246541","246831","JH378197","5790965","5791258","34","5544424"
"KN294193v1","258708","259007","JH378153","3488876","3489186","48","3230168"
"KN294193v1","289943","290236","JH378251","3368267","3368560","40","3078324"
"KN294193v1","396182","396490","JH378105","4798292","4798595","40","4402110"
"KN294193v1","422812","422881","JH378105","22574104","22574169","10","22151292"
"KN294193v1","439304","439592","JH378109","291461","291744","42","147843"
"KN294193v1","457664","457944","JH378142","9675584","9675866","41","9217920"
"KN294193v1","458241","458569","JH378148","10302642","10302970","47","9844401"
"KN294193v1","495365","495658","JH378279","2992714","2993014","46","2497349"
"KN294193v1","548360","548657","JH378150","2814596","2814888","37","2266236"
"KN294193v1","567749","568046","JH378157","6723290","6723580","41","6155541"
"KN294193v1","580187","580247","JH378255","2799974","2800030","12","2219787"
"KN294193v1","607361","607598","JH378113","31712122","31712359","40","31104761"
"KN294193v1","625366","625658","JH378169","261726","262024","44","363640"
"KN294193v1","688498","688815","JH378169","9825649","9825959","43","9137151"
"KN294193v1","694280","694587","JH378118","26010655","26010963","47","25316375"
"KN294193v1","716621","716935","JH378125","13073986","13074297","45","12357365"
"KN294193v1","725202","725371","JH378111","12040473","12040639","26","11315271"
"KN294193v1","726617","726888","JH378213","3994415","3994696","50","3267798"
"KN294193v1","734132","734448","JH378221","456188","456497","35","277944"
"KN294193v1","740765","741070","JH378177","10624641","10624941","36","9883876"
"KN294193v1","747545","747855","JH378177","3459971","3460280","37","2712426"
"KN294193v1","760153","760430","JH378109","13967984","13968262","40","13207831"
"KN294193v1","778193","778492","JH378167","13098018","13098314","46","12319825"
"KN294193v1","821718","822027","JH378153","4971196","4971502","43","4149478"
"KN294193v1","832133","832383","JH378189","7022561","7022807","35","6190428"
"KN294193v1","848012","848307","JH378157","11680835","11681133","40","10832823"
"KN294193v1","1010485","1010776","JH378112","11417396","11417686","41","10406911"
"KN294195v1","97172","97457","JH378186","2037256","2037549","54","1940084"
"KN294199v1","1572576","1572877","JH378144","1250841","1251142","41","321735"
"KN294199v1","87972","88297","JH378218","2403992","2404313","43","2316020"
"KN294199v1","134071","134352","JH378119","11561754","11562037","58","11427683"
"KN294199v1","192131","192437","JH378106","39003043","39003345","38","38810912"
"KN294199v1","443485","443785","JH378128","3623081","3623374","36","3179596"
"KN294199v1","456458","456766","JH378300","585996","586299","42","129538"
"KN294199v1","459996","460294","JH378193","2276902","2277197","44","1816906"
"KN294199v1","460635","460938","JH378205","3263538","3263843","51","2802903"
"KN294199v1","469181","469485","JH378197","5463117","5463416","40","4993936"
"KN294199v1","592100","592401","JH378137","20074759","20075058","37","19482659"
"KN294199v1","598444","598586","JH378166","2623399","2623536","17","2024955"
"KN294199v1","820388","820610","JH378241","3332283","3332499","36","2511895"
"KN294199v1","877415","877717","JH378111","35103476","35103771","45","34226061"
"KN294199v1","933560","933862","JH378300","585996","586299","42","347564"
"KN294199v1","1521801","1522099","JH378185","832832","833131","34","688969"
"KN294199v1","1525122","1525406","JH378112","33930725","33931007","33","32405603"
"KN294199v1","1533758","1533840","JH378136","13015379","13015460","14","11481621"
"KN294199v1","1604022","1604309","JH378156","3074187","3074473","41","1470165"
"KN294205v1","117778","118085","JH378105","21072609","21072916","36","20954831"
"KN294205v1","181964","182154","JH378112","20885040","20885228","35","20703076"
"KN294205v1","195846","196149","JH378144","9232670","9232971","36","9036824"
"KN294205v1","383302","383596","JH378150","9653524","9653820","35","9270222"
"KN294205v1","384640","384882","JH378197","1201627","1201873","39","816987"
"KN294205v1","406152","406442","JH378115","15546095","15546387","39","15139943"
"KN294205v1","479049","479355","JH378106","7203572","7203879","49","6724523"
"KN294205v1","556285","556557","JH378144","18318093","18318378","50","17761808"
"KN294205v1","612591","612886","JH378239","5338733","5339027","30","4726142"
"KN294205v1","763783","764065","JH378119","21642124","21642414","47","20878341"
"KN294205v1","796262","796548","JH378148","12238016","12238309","34","11441754"
"KN294205v1","829567","829850","JH378166","10020138","10020423","37","9190571"
"KN294205v1","848377","848684","JH378284","360589","360893","45","487788"
"KN294205v1","854359","854651","JH378148","3227478","3227768","31","2373119"
"KN294205v1","883556","883819","JH378136","18600357","18600622","47","17716801"
"KN294205v1","912416","912718","JH378185","402745","403047","37","509671"
"KN294205v1","1043027","1043339","JH378255","1377129","1377437","47","334102"
"KN294205v1","1169702","1169863","JH378220","3407256","3407415","24","2237554"
"KN294205v1","1198661","1198946","JH378169","7070763","7071047","40","5872102"
"KN294205v1","1229273","1229588","JH378127","4688691","4689000","45","3459418"
"KN294205v1","1235448","1235745","JH378106","65924544","65924840","41","64689096"
"KN294205v1","1353539","1353851","JH378124","6771953","6772250","52","5418414"
"KN294205v1","1492179","1492481","JH378199","2948472","2948782","56","1456293"
"KN294206v1","8727","9043","JH378225","12297","12614","57","3570"
"KN294207v1","53021","53325","JH378248","2691388","2691687","41","2638367"
"KN294207v1","124268","124581","JH378231","1753070","1753389","47","1628802"
"KN294207v1","169640","169952","JH378110","1557522","1557827","44","1387882"
"KN294207v1","179800","180076","JH378153","10386779","10387057","34","10206979"
"KN294207v1","210920","211207","JH378144","18268740","18269035","42","18057820"
"KN294207v1","396850","397151","JH378120","6487483","6487787","35","6090633"
"KN294207v1","557555","557856","JH378112","33208297","33208600","37","32650742"
"KN294207v1","560240","560553","JH378167","7414943","7415246","45","6854703"
"KN294207v1","607148","607450","JH378121","27462927","27463228","34","26855779"
"KN294207v1","628378","628685","JH378146","9324132","9324436","36","8695754"
"KN294207v1","714639","714934","JH378304","1480929","1481224","41","766290"
"KN294207v1","767327","767623","JH378171","7171702","7171994","38","6404375"
"KN294207v1","917824","918123","JH378151","5899000","5899300","35","4981176"
"KN294207v1","961111","961418","JH378334","243088","243387","36","718023"
"KN294207v1","1110143","1110444","JH378334","243088","243387","42","867055"
"KN294208v1","196967","197143","JH378250","396610","396787","30","199643"
"KN294208v1","401463","401774","JH378113","16122888","16123198","46","15721425"
"KN294208v1","556319","556624","JH378112","35064816","35065113","46","34508497"
"KN294208v1","624367","624674","JH378182","10080495","10080798","39","9456128"
"KN294208v1","646363","646666","JH378130","893127","893430","43","246764"
"KN294208v1","709399","709699","JH378114","41925227","41925527","42","41215828"
"KN294208v1","737952","738224","JH378124","15238836","15239114","47","14500884"
"KN294208v1","853291","853593","JH378137","20486671","20486971","34","19633380"
"KN294210v1","369793","370103","JH378110","44416823","44417133","39","44047030"
"KN294210v1","411900","412211","JH378268","2995975","2996284","37","2584075"
"KN294210v1","566737","567045","JH378171","12054116","12054424","47","11487379"
"KN294210v1","633695","633979","JH378154","13050734","13051019","37","12417039"
"KN294210v1","678491","678754","JH378107","130468","130731","45","548023"
"KN294210v1","716838","717038","JH378117","29378469","29378672","33","28661631"
"KN294210v1","742423","742723","JH378146","10410269","10410566","41","9667846"
"KN294210v1","787234","787531","JH378123","5871314","5871609","32","5084080"
"KN294210v1","801675","801939","JH378112","41715723","41715978","42","40914048"
"KN294210v1","883297","883578","JH378105","6133666","6133953","34","5250369"
"KN294210v1","1035746","1036037","JH378110","5179377","5179668","44","4143631"
"KN294210v1","1219522","1219810","JH378105","18298573","18298863","41","17079051"
"KN294210v1","1229857","1229919","JH378147","7158992","7159054","11","5929135"
"KN294210v1","1337256","1337541","AGCE01149046","4029","4316","36","1333227"
"KN294210v1","1701944","1702244","JH378187","3060524","3060823","42","1358580"
"KN294210v1","1789129","1789429","JH378224","5837624","5837925","47","4048495"
"KN294210v1","1855215","1855505","JH378110","32639467","32639763","33","30784252"
"KN294213v1","265624","265943","JH378208","3283734","3284044","64","3018110"
"KN294213v1","372471","372786","JH378147","15246332","15246643","40","14873861"
"KN294214v1","83834","84119","JH378153","9247414","9247698","48","9163580"
"KN294214v1","143259","143547","JH378128","23953393","23953672","48","23810134"
"KN294214v1","153832","154144","JH378110","32800235","32800536","42","32646403"
"KN294214v1","173558","173611","JH378203","5326264","5326313","12","5152706"
"KN294214v1","189551","189856","JH378120","2561692","2561992","39","2372141"
"KN294214v1","286915","287202","JH378113","15785608","15785883","38","15498693"
"KN294214v1","304444","304722","JH378157","8345233","8345516","45","8040789"
"KN294214v1","314718","315012","JH378144","18105339","18105634","37","17790621"
"KN294214v1","320172","320476","JH378137","14583532","14583838","31","14263360"
"KN294214v1","321581","321881","JH378248","2958724","2959024","43","2637143"
"KN294214v1","322990","323279","JH378205","5789394","5789683","48","5466404"
"KN294214v1","377908","378053","JH378110","22053904","22054051","21","21675996"
"KN294214v1","400065","400118","JH378125","6753455","6753509","7","6353390"
"KN294214v1","437402","437672","JH378137","10328133","10328410","46","9890731"
"KN294214v1","491113","491372","JH378198","936500","936763","40","445387"
"KN294214v1","503295","503591","JH378113","39402598","39402904","43","38899303"
"KN294214v1","535005","535140","JH378343","367460","367595","18","167545"
"KN294214v1","599627","599753","JH378125","15317438","15317565","20","14717811"
"KN294214v1","912276","912589","JH378169","9825649","9825959","43","8913373"
"KN294214v1","1126617","1126933","JH378173","2320405","2320710","50","1193788"
"KN294214v1","1212624","1212909","JH378112","33423875","33424158","46","32211251"
"KN294214v1","1217151","1217272","JH378125","15321555","15321675","18","14104404"
"KN294214v1","1218532","1218848","JH378171","2675185","2675491","49","1456653"
"KN294214v1","1473199","1473487","JH378279","1918066","1918357","48","444867"
"KN294214v1","1544420","1544689","JH378194","3839425","3839661","72","2295005"
"KN294214v1","1612824","1613153","JH378128","1602813","1603145","58","10011"
"KN294214v1","1671669","1671980","JH378110","37249279","37249593","51","35577610"
"KN294214v1","1700663","1700971","JH378110","32177065","32177371","37","30476402"
"KN294216v1","20320","20581","JH378184","7893256","7893505","41","7872936"
"KN294216v1","332394","332645","JH378198","5158419","5158677","40","4826025"
"KN294217v1","159885","160200","JH378122","8881763","8882075","43","8721878"
"KN294217v1","257376","257684","JH378257","2396933","2397242","50","2139557"
"KN294217v1","338329","338589","JH378163","14668826","14669092","43","14330497"
"KN294217v1","559833","560140","JH378198","2004973","2005279","46","1445140"
"KN294217v1","678522","678819","JH378248","2691388","2691687","37","2012866"
"KN294217v1","696630","696936","JH378141","3250147","3250452","37","2553517"
"KN294217v1","757039","757337","JH378142","13805792","13806091","37","13048753"
"KN294217v1","805531","805844","JH378171","4465576","4465881","39","3660045"
"KN294217v1","944580","944893","JH378232","3069575","3069886","46","2124995"
"KN294217v1","1086509","1086807","JH378136","7207114","7207408","37","6120605"
"KN294217v1","1330960","1331257","JH378121","22955106","22955406","41","21624146"
"KN294217v1","1351425","1351721","JH378112","20633537","20633832","38","19282112"
"KN294217v1","1419166","1419477","JH378112","35064816","35065113","44","33645650"
"KN294217v1","1446536","1446846","JH378157","11680835","11681133","57","10234299"
"KN294217v1","1500271","1500578","JH378195","224376","224679","45","1275895"
"KN294217v1","1502600","1502899","JH378106","69460574","69460874","41","67957974"
"KN294217v1","1876263","1876550","JH378148","3227478","3227768","39","1351215"
"KN294217v1","1972509","1972845","JH378117","16180246","16180577","64","14207737"
"KN294217v1","2193551","2193839","JH378246","3890115","3890405","43","1696564"
"KN294217v1","2223675","2223990","JH378110","35927082","35927390","44","33703407"
"KN294217v1","2596717","2597026","JH378157","2476588","2476900","41","120129"
"KN294217v1","2678845","2679043","JH378263","2266015","2266211","35","412830"
"KN294218v1","160830","161103","JH378125","7185122","7185394","39","7024292"
"KN294218v1","601784","602095","JH378107","32732951","32733261","42","32131167"
"KN294218v1","692325","692586","JH378119","21581934","21582198","50","20889609"
"KN294218v1","838381","838555","JH378128","1571521","1571692","30","733140"
"KN294218v1","935268","935563","JH378189","4257757","4258060","49","3322489"
"KN294218v1","1171639","1171825","JH378124","10381803","10381982","35","9210164"
"KN294218v1","1171858","1171994","JH378105","48719966","48720097","20","47548108"
"KN294218v1","1226320","1226615","JH378166","6666183","6666483","33","5439863"
"KN294218v1","1276763","1277030","JH378158","12231245","12231522","44","10954482"
"KN294218v1","1313293","1313600","JH378105","70733944","70734251","46","69420651"
"KN294218v1","1415092","1415389","JH378192","8792520","8792815","41","7377428"
"KN294218v1","1609667","1609981","JH378105","68437741","68438050","58","66828074"
"KN294218v1","1633132","1633430","JH378220","3103974","3104275","31","1470842"
"KN294218v1","1669233","1669520","JH378190","6347425","6347707","40","4678192"
"KN294218v1","1705280","1705586","JH378163","14311844","14312154","49","12606564"
"KN294218v1","1748695","1748937","JH378108","53309395","53309638","35","51560700"
"KN294218v1","1932426","1932708","JH378109","36172182","36172469","38","34239756"
"KN294218v1","1971900","1972189","JH378220","3495042","3495336","47","1523142"
"KN294218v1","2125088","2125374","JH378112","11417396","11417686","43","9292308"
"KN294218v1","2134447","2134756","JH378193","6493467","6493777","38","4359020"
"KN294218v1","2146192","2146467","JH378399","13046","13318","43","2133146"
"KN294218v1","2199269","2199558","JH378114","10083151","10083440","40","7883882"
"KN294218v1","2207772","2208095","JH378124","25464393","25464708","48","23256621"
"KN294218v1","2294211","2294506","JH378109","16438343","16438637","36","14144132"
"KN294218v1","2340071","2340381","JH378173","3187821","3188127","48","847750"
"KN294218v1","2360360","2360659","JH378300","585996","586299","45","1774364"
"KN294218v1","2402260","2402417","JH378134","17656946","17657103","22","15254686"
"KN294218v1","2402768","2402885","JH378127","100038","100152","21","2302730"
"KN294218v1","2430356","2430656","JH378112","20864395","20864692","45","18434039"
"KN294218v1","2492062","2492271","JH378191","5894193","5894400","30","3402131"
"KN294218v1","2668750","2669007","JH378157","12662527","12662780","41","9993777"
"KN294218v1","2770774","2771040","JH378147","6478513","6478782","40","3707739"
"KN294218v1","2831459","2831758","JH378186","7484047","7484345","30","4652588"
"KN294218v1","2901905","2902203","JH378141","18306898","18307199","43","15404993"
"KN294218v1","2913047","2913320","JH378153","1568509","1568786","56","1344538"
"KN294219v1","68657","68967","JH378160","9304091","9304402","34","9235434"
"KN294220v1","518","811","JH378108","29619948","29620251","45","29619430"
"KN294220v1","1820","2131","JH378213","7216712","7217014","36","7214892"
"KN294221v1","166091","166403","JH378115","23329082","23329390","43","23162991"
"KN294224v1","96657","96890","JH378152","11873763","11873986","39","11777106"
"KN294224v1","152103","152399","JH378108","33416890","33417184","40","33264787"
"KN294224v1","197243","197551","JH378124","5059481","5059777","51","4862238"
"KN294224v1","265841","266117","JH378124","17022008","17022283","38","16756167"
"KN294224v1","283212","283500","JH378220","629260","629545","45","346048"
"KN294224v1","463368","463648","AGCE01150777","825","1109","36","462543"
"KN294224v1","474976","475261","JH378110","35772805","35773094","40","35297829"
"KN294224v1","499754","500000","JH378247","3929305","3929546","35","3429551"
"KN294224v1","567709","567984","JH378158","389288","389568","44","178421"
"KN294224v1","581646","581926","JH378115","4844328","4844614","46","4262682"
"KN294224v1","658770","659072","JH378112","35903423","35903721","40","35244653"
"KN294224v1","740686","740969","JH378109","36172182","36172469","42","35431496"
"KN294224v1","844775","845075","JH378118","9138010","9138305","42","8293235"
"KN294224v1","846992","847294","JH378182","10080495","10080798","38","9233503"
"KN294224v1","1026350","1026664","JH378321","451389","451704","52","574961"
"KN294224v1","1061538","1061840","JH378111","7629699","7630002","46","6568161"
"KN294224v1","1064013","1064320","JH378253","461470","461775","43","602543"
"KN294224v1","1092439","1092722","JH378115","35628317","35628606","40","34535878"
"KN294224v1","1103051","1103340","JH378157","11680835","11681133","34","10577784"
"KN294224v1","1154308","1154597","JH378162","5760878","5761167","46","4606570"
"KN294224v1","1160714","1161029","JH378137","8352808","8353118","42","7192094"
"KN294224v1","1185050","1185358","JH378190","7646106","7646412","37","6461056"
"KN294224v1","1197602","1197911","JH378166","6392086","6392389","33","5194484"
"KN294224v1","1205346","1205652","JH378127","5221878","5222182","43","4016532"
"KN294224v1","1221860","1222155","JH378141","2305433","2305726","46","1083573"
"KN294224v1","1222505","1222779","JH378318","597010","597282","39","625495"
"KN294224v1","1262814","1263121","JH378112","32978410","32978713","39","31715596"
"KN294224v1","1271982","1272274","JH378161","12465646","12465937","45","11193664"
"KN294224v1","1324059","1324352","JH378241","4895197","4895491","47","3571138"
"KN294224v1","1337068","1337381","JH378136","2891682","2891991","46","1554614"
"KN294224v1","1483885","1484176","JH378148","3227478","3227768","40","1743593"
"KN294226v1","23289","23406","JH378161","5331603","5331721","15","5308314"
"KN294226v1","70373","70530","JH378255","3283621","3283788","35","3213248"
"KN294226v1","71589","71893","JH378149","2731258","2731578","60","2659669"
"KN294226v1","241738","242041","JH378121","27462927","27463228","43","27221189"
"KN294226v1","245196","245499","JH378130","978527","978832","46","733331"
"KN294226v1","292895","293192","JH378106","65924544","65924840","41","65631649"
"KN294226v1","370220","370503","JH378125","10565491","10565774","47","10195271"
"KN294226v1","384882","385156","JH378157","8345233","8345516","49","7960351"
"KN294226v1","393432","393722","JH378141","9993634","9993926","41","9600202"
"KN294226v1","604872","605161","JH378108","48112765","48113049","56","47507893"
"KN294226v1","893488","893787","JH378170","1697018","1697311","47","803530"
"KN294227v1","107302","107584","JH378113","28261279","28261560","43","28153977"
"KN294227v1","117922","118233","JH378132","1673549","1673859","44","1555627"
"KN294229v1","1607","1696","JH378114","22681883","22681972","14","22680276"
"KN294229v1","12427","12724","JH378143","9411974","9412267","49","9399547"
"KN294229v1","25328","25643","JH378112","31387646","31387956","47","31362318"
"KN294229v1","27303","27574","JH378337","388212","388479","51","360909"
"KN294229v1","29960","30246","JH378136","2071806","2072090","40","2041846"
"KN294229v1","64480","64782","JH378197","5463117","5463416","39","5398637"
"KN294229v1","72008","72315","JH378106","31529002","31529300","47","31456994"
"KN294229v1","72819","73113","JH378151","8000553","8000849","32","7927734"
"KN294229v1","97510","97813","JH378108","50606576","50606881","35","50509066"
"KN294229v1","133974","134272","JH378109","46363788","46364081","44","46229814"
"KN294229v1","150337","150645","JH378112","33208297","33208600","37","33057960"
"KN294229v1","175085","175380","JH378204","5783138","5783424","61","5608053"
"KN294229v1","205014","205325","JH378133","8237755","8238065","32","8032741"
"KN294229v1","239837","240137","JH378120","30032184","30032475","37","29792347"
"KN294229v1","267014","267318","JH378283","82081","82387","40","184933"
"KN294229v1","275032","275309","JH378188","9779534","9779823","39","9504502"
"KN294229v1","280920","281202","JH378213","3994415","3994696","45","3713495"
"KN294229v1","281692","281995","JH378141","3250147","3250452","44","2968455"
"KN294229v1","284644","284945","JH378124","8425860","8426161","40","8141216"
"KN294229v1","294883","295192","JH378105","8813026","8813332","40","8518143"
"KN294229v1","300197","300508","JH378142","18077155","18077461","41","17776958"
"KN294229v1","300543","300840","JH378164","8944138","8944436","41","8643595"
"KN294229v1","320427","320754","JH378107","53359752","53360055","68","53039325"
"KN294229v1","323698","323976","JH378153","6898200","6898483","38","6574502"
"KN294229v1","329248","329549","JH378120","30886510","30886816","54","30557262"
"KN294229v1","336223","336486","JH378152","14912222","14912483","35","14575999"
"KN294229v1","342209","342506","JH378110","21674096","21674394","37","21331887"
"KN294229v1","354617","354701","JH378186","2009135","2009216","10","1654518"
"KN294229v1","357724","357914","JH378247","1688719","1688903","39","1330995"
"KN294229v1","371586","371897","JH378153","4971196","4971502","40","4599610"
"KN294230v1","24748","25024","JH378122","22631137","22631415","56","22606389"
"KN294230v1","62203","62501","JH378166","6392086","6392389","40","6329883"
"KN294230v1","85513","85818","JH378115","15204792","15205097","41","15119279"
"KN294230v1","101672","102009","JH378105","70915988","70916296","70","70814316"
"KN294233v1","61299","61522","JH378144","984526","984757","46","923227"
"KN294233v1","129698","129862","JH378134","13847463","13847629","23","13717765"
"KN294233v1","158817","159128","JH378105","13895374","13895677","43","13736557"
"KN294233v1","224252","224559","JH378106","7203572","7203879","48","6979320"
"KN294233v1","266836","267125","JH378140","1657357","1657652","42","1390521"
"KN294233v1","270248","270546","JH378111","20021855","20022150","36","19751607"
"KN294233v1","453860","454156","JH378112","20633537","20633832","38","20179677"
"KN294233v1","497623","497931","JH378108","23350829","23351138","48","22853206"
"KN294233v1","511058","511375","JH378305","1062290","1062599","58","551232"
"KN294233v1","552210","552473","JH378118","10301721","10301985","33","9749511"
"KN294233v1","573590","573864","JH378139","18113645","18113924","47","17540055"
"KN294233v1","606879","607187","JH378159","8712858","8713168","36","8105979"
"KN294233v1","693280","693548","JH378114","20015693","20015964","40","19322413"
"KN294233v1","747756","748061","JH378116","24121575","24121873","45","23373819"
"KN294233v1","821601","821881","JH378122","6218490","6218772","41","5396889"
"KN294234v1","102633","102939","JH378246","197735","198039","40","95102"
"KN294234v1","130089","130329","JH378108","31108229","31108457","46","30978140"
"KN294234v1","182303","182615","JH378117","24524949","24525259","44","24342646"
"KN294234v1","357876","358164","JH378290","1302957","1303243","43","945081"
"KN294234v1","426322","426620","JH378148","6851871","6852166","38","6425549"
"KN294234v1","479222","479519","JH378279","1918066","1918357","38","1438844"
"KN294234v1","615280","615587","JH378171","4465576","4465881","49","3850296"
"KN294234v1","872552","872825","JH378268","3008004","3008272","42","2135452"
"KN294234v1","940678","941007","JH378128","24705287","24705598","56","23764609"
"KN294234v1","1180390","1180694","JH378178","2120640","2120944","39","940250"
"KN294234v1","1221053","1221184","JH378193","7958435","7958561","21","6737382"
"KN294234v1","1221219","1221365","JH378126","17019167","17019322","29","15797948"
"KN294234v1","1252236","1252553","JH378129","10746495","10746805","42","9494259"
"KN294234v1","1360550","1360824","JH378125","7185122","7185394","40","5824572"
"KN294234v1","1405087","1405388","JH378113","1855267","1855566","44","450180"
"KN294234v1","1410601","1410899","JH378193","5612570","5612868","36","4201969"
"KN294234v1","1413749","1414062","JH378144","462319","462629","45","951430"
"KN294234v1","1440832","1441106","JH378137","3619047","3619332","49","2178215"
"KN294234v1","1505214","1505503","JH378157","10444446","10444736","33","8939232"
"KN294234v1","1618014","1618066","JH378255","193731","193788","11","1424283"
"KN294234v1","1669486","1669797","JH378122","8881763","8882075","38","7212277"
"KN294234v1","1670055","1670151","JH378116","21783604","21783698","12","20113549"
"KN294234v1","1706740","1707046","JH378258","603036","603336","47","1103704"
"KN294234v1","2616249","2616542","JH378133","22156826","22157115","36","19540577"
"KN294234v1","2624811","2625127","JH378157","11680835","11681133","54","9056024"
"KN294234v1","2659893","2660213","JH378157","1239754","1240062","53","1420139"
"KN294234v1","2787171","2787456","JH378163","7336224","7336504","56","4549053"
"KN294235v1","198360","198637","JH378213","125799","126075","47","72561"
"KN294235v1","278762","279044","JH378109","291461","291744","45","12699"
"KN294235v1","333954","334257","JH378114","41925227","41925527","44","41591273"
"KN294235v1","373009","373315","JH378115","375412","375718","39","2403"
"KN294235v1","617801","618100","JH378131","16782788","16783089","35","16164987"
"KN294235v1","677069","677360","JH378141","15308427","15308718","41","14631358"
"KN294235v1","777942","778229","JH378166","13629848","13630132","46","12851906"
"KN294235v1","881905","882200","JH378148","3227478","3227768","43","2345573"
"KN294235v1","1024827","1025133","JH378142","18077155","18077461","45","17052328"
"KN294239v1","48664","48963","JH378171","2852693","2852991","45","2804029"
"KN294239v1","153759","154060","JH378106","8990099","8990399","31","8836340"
"KN294239v1","158897","159190","JH378152","12664453","12664741","41","12505556"
"KN294239v1","223903","224191","JH378197","5790965","5791258","36","5567062"
"KN294239v1","324827","325055","JH378256","3073188","3073414","37","2748361"
"KN294239v1","334831","335118","JH378136","6150037","6150321","32","5815206"
"KN294239v1","338641","338942","JH378115","31451142","31451444","39","31112501"
"KN294239v1","366885","367189","JH378119","23103680","23103984","35","22736795"
"KN294239v1","372588","372715","JH378122","10014644","10014774","24","9642056"
"KN294239v1","373009","373178","JH378113","10230076","10230249","29","9857067"
"KN294239v1","373209","373367","JH378107","57920996","57921154","34","57547787"
"KN294239v1","373663","373798","JH378105","48719966","48720097","25","48346303"
"KN294239v1","378113","378422","JH378118","9577410","9577721","38","9199297"
"KN294239v1","394436","394739","JH378130","87010","87300","84","307426"
"KN294239v1","449171","449475","JH378115","29624094","29624399","50","29174923"
"KN294239v1","497583","497886","JH378157","11680835","11681133","42","11183252"
"KN294239v1","556738","557036","JH378131","4020148","4020443","32","3463410"
"KN294239v1","595311","595588","JH378135","13445763","13446040","41","12850452"
"KN294239v1","651433","651737","JH378105","6388792","6389093","51","5737359"
"KN294239v1","651897","652199","JH378148","3974036","3974343","53","3322139"
"KN294239v1","700570","700862","JH378148","3086893","3087180","38","2386323"
"KN294239v1","729457","729757","JH378186","9203996","9204293","37","8474539"
"KN294239v1","884458","884738","JH378263","391771","392059","49","492687"
"KN294239v1","1268862","1269091","JH378145","4475601","4475851","46","3206739"
"KN294239v1","1346777","1347086","JH378131","22650169","22650476","30","21303392"
"KN294239v1","1396756","1397047","JH378109","28874665","28874955","39","27477909"
"KN294239v1","1445661","1445954","JH378105","51628679","51628973","43","50183018"
"KN294239v1","1520162","1520460","JH378106","7203572","7203879","53","5683410"
"KN294239v1","1577662","1577973","JH378156","2927664","2927967","38","1350002"
"KN294239v1","1584964","1585265","JH378153","354836","355134","33","1230128"
"KN294239v1","1585266","1585445","JH378175","4654061","4654237","33","3068795"
"KN294239v1","1716369","1716687","JH378109","18215649","18215957","45","16499280"
"KN294239v1","1722431","1722728","JH378156","3771316","3771617","36","2048885"
"KN294239v1","1732936","1733215","JH378234","3752864","3753146","36","2019928"
"KN294239v1","1878400","1878713","JH378149","15177539","15177850","37","13299139"
"KN294239v1","1990655","1990959","JH378148","12522599","12522901","42","10531944"
"KN294239v1","2268301","2268593","JH378197","5790965","5791258","41","3522664"
"KN294239v1","2269363","2269522","JH378107","19374717","19374869","23","17105354"
"KN294240v1","20402","20708","JH378110","34765620","34765921","40","34745218"
"KN294240v1","34767","35061","JH378144","7386072","7386365","37","7351305"
"KN294240v1","39786","40084","JH378106","63224802","63225097","36","63185016"
"KN294242v1","258687","258948","JH378138","16348723","16348989","46","16090036"
"KN294243v1","5546","5829","JH378115","4421383","4421671","38","4415837"
"KN294243v1","70232","70526","JH378156","10253303","10253595","41","10183071"
"KN294243v1","112547","112853","JH378136","14843799","14844103","38","14731252"
"KN294243v1","145675","145924","JH378141","5982600","5982852","36","5836925"
"KN294243v1","154416","154711","JH378131","4426479","4426756","58","4272063"
"KN294243v1","166668","166970","JH378120","17320421","17320728","47","17153753"
"KN294243v1","222623","222927","JH378185","5822113","5822417","38","5599490"
"KN294245v1","85783","86082","JH378150","7912759","7913053","44","7826976"
"KN294245v1","95286","95551","JH378107","130468","130731","33","35182"
"KN294245v1","124169","124468","JH378106","7203572","7203879","47","7079403"
"KN294245v1","171709","172002","JH378225","2673897","2674195","36","2502188"
"KN294245v1","220549","220871","JH378107","7406661","7406973","44","7186112"
"KN294245v1","270378","270664","JH378244","2053699","2054000","55","1783321"
"KN294245v1","622506","622808","JH378139","623367","623667","42","861"
"KN294245v1","950402","950592","JH378169","8806248","8806433","32","7855846"
"KN294245v1","1022347","1022643","JH378197","5161842","5162141","45","4139495"
"KN294245v1","1591027","1591329","JH378114","42619009","42619297","44","41027982"
"KN294245v1","1597564","1597864","JH378137","10509904","10510211","43","8912340"
"KN294245v1","1652562","1652884","JH378165","3784440","3784761","50","2131878"
"KN294251v1","219266","219549","JH378214","6630014","6630299","31","6410748"
"KN294251v1","457986","458280","JH378109","32350679","32350978","44","31892693"
"KN294251v1","518930","519250","JH378110","37249279","37249593","41","36730349"
"KN294251v1","576045","576341","JH378105","54483185","54483477","43","53907140"
"KN294251v1","606665","606979","JH378161","7594162","7594472","49","6987497"
"KN294251v1","886744","887027","JH378120","24559621","24559902","37","23672877"
"KN294251v1","989120","989433","JH378105","69047574","69047878","54","68058454"
"KN294251v1","1089802","1090108","JH378303","1348070","1348385","47","258268"
"KN294251v1","1289928","1290225","JH378157","11680835","11681133","36","10390907"
"KN294251v1","1303021","1303316","JH378340","237683","237982","35","1065338"
"KN294251v1","1325586","1325890","JH378255","1108063","1108363","47","217523"
"KN294251v1","1409104","1409374","JH378281","1639456","1639725","40","230352"
"KN294251v1","1442579","1442871","JH378117","32530137","32530434","45","31087558"
"KN294251v1","1463399","1463691","JH378125","17739090","17739372","48","16275691"
"KN294251v1","1467080","1467388","JH378136","2700677","2700984","44","1233597"
"KN294251v1","1483359","1483481","JH378216","4779013","4779135","20","3295654"
"KN294251v1","1517992","1518298","JH378141","18306898","18307199","43","16788906"
"KN294251v1","1717023","1717325","JH378141","18306898","18307199","44","16589875"
"KN294251v1","1793557","1793844","JH378276","1522943","1523230","42","270614"
"KN294251v1","1849056","1849276","JH378118","32460101","32460322","35","30611045"
"KN294251v1","1910664","1910971","JH378209","6881930","6882234","52","4971266"
"KN294251v1","2011223","2011484","JH378149","7649808","7650076","39","5638585"
"KN294251v1","2056929","2057009","JH378137","2667279","2667356","10","610350"
"KN294251v1","2057577","2057867","JH378115","15546095","15546387","29","13488518"
"KN294251v1","2070218","2070513","JH378225","2673897","2674195","42","603679"
"KN294251v1","2162030","2162331","JH378112","35064816","35065113","38","32902786"
"KN294251v1","2181828","2182129","JH378159","8712858","8713168","46","6531030"
"KN294251v1","2221682","2221980","JH378200","8587685","8587972","42","6366003"
"KN294251v1","2231679","2231810","JH378223","4598421","4598546","21","2366742"
"KN294251v1","2232104","2232228","JH378105","48719966","48720097","27","46487862"
"KN294251v1","2295086","2295402","JH378187","8893911","8894223","36","6598825"
"KN294251v1","2380079","2380373","JH378190","1594261","1594555","45","785818"
"KN294251v1","2407664","2407968","JH378279","2992714","2993014","36","585050"
"KN294251v1","2553673","2553944","JH378232","1528032","1528307","42","1025641"
"KN294251v1","2574041","2574176","JH378109","40799058","40799192","17","38225017"
"KN294251v1","2574483","2574628","JH378175","5487840","5487988","31","2913357"
"KN294251v1","2768843","2769112","JH378112","21239958","21240225","42","18471115"
"KN294251v1","2774332","2774632","JH378175","2720293","2720585","43","54039"
"KN294251v1","2942716","2943001","JH378138","16342335","16342610","48","13399619"
"KN294251v1","3522415","3522705","JH378136","17669663","17669950","45","14147248"
"KN294251v1","3579551","3579742","JH378189","356042","356232","36","3223509"
"KN294251v1","3579743","3580023","JH378141","11337456","11337740","45","7757713"
"KN294251v1","3595685","3595986","JH378149","16938830","16939129","43","13343145"
"KN294251v1","3629060","3629346","JH378282","377801","378091","37","3251259"
"KN294251v1","3768621","3768905","JH378231","2580299","2580572","52","1188322"
"KN294251v1","3804861","3805161","JH378123","5871314","5871609","44","2066453"
"KN294251v1","3911011","3911311","JH378112","35064816","35065113","35","31153805"
"KN294251v1","4062724","4063028","JH378254","2866147","2866458","45","1196577"
"KN294251v1","4142052","4142349","JH378132","12276136","12276436","36","8134084"
"KN294251v1","4159144","4159445","JH378173","3814413","3814712","45","344731"
"KN294251v1","4352303","4352573","JH378139","717928","718201","49","3634375"
"KN294257v1","16456","16750","JH378157","10444446","10444736","39","10427990"
"KN294257v1","96709","97011","JH378124","8425860","8426161","40","8329151"
"KN294257v1","145523","145835","JH378116","24956774","24957083","36","24811251"
"KN294257v1","167787","168101","JH378107","35858319","35858635","40","35690532"
"KN294257v1","198995","199303","JH378144","5854059","5854352","55","5655064"
"KN294257v1","374707","375014","JH378116","1527860","1528165","45","1153153"
"KN294257v1","414356","414657","JH378186","9203996","9204293","36","8789640"
"KN294257v1","459341","459631","JH378148","3355603","3355893","45","2896262"
"KN294257v1","516768","517066","JH378157","11680835","11681133","45","11164067"
"KN294257v1","527681","527985","JH378221","456188","456497","54","71493"
"KN294257v1","578327","578634","JH378198","2372923","2373227","44","1794596"
"KN294257v1","645843","646148","JH378106","2004395","2004698","41","1358552"
"KN294257v1","657583","657834","JH378244","4001590","4001855","46","3344007"
"KN294257v1","706549","706843","JH378107","6179597","6179887","55","5473048"
"KN294257v1","732312","732612","JH378145","7988240","7988542","42","7255928"
"KN294257v1","781655","781930","JH378112","45240870","45241153","43","44459215"
"KN294257v1","904188","904483","JH378117","25460286","25460577","34","24556098"
"KN294257v1","912602","912943","JH378119","28476684","28477024","58","27564082"
"KN294257v1","958602","958895","JH378197","5790965","5791258","36","4832363"
"KN294257v1","1010047","1010209","JH378213","4284623","4284772","55","3274576"
"KN294257v1","1010247","1010386","JH378177","9067428","9067550","29","8057181"
"KN294257v1","1020629","1020923","JH378136","5779810","5780103","35","4759181"
"KN294257v1","1034372","1034674","JH378145","8360552","8360847","45","7326180"
"KN294257v1","1068237","1068387","JH378105","68441599","68441747","29","67373362"
"KN294257v1","1068416","1068535","JH378213","1547831","1547945","20","479415"
"KN294257v1","1197671","1197802","JH378111","25615910","25616045","16","24418239"
"KN294257v1","1288914","1289069","JH378107","19374717","19374869","17","18085803"
"KN294257v1","1337815","1338136","JH378109","14998020","14998330","45","13660205"
"KN294257v1","1358779","1358913","JH378186","4091956","4092089","22","2733177"
"KN294257v1","1370232","1370505","JH378195","8157210","8157489","40","6786978"
"KN294257v1","1428121","1428432","JH378238","4410825","4411134","45","2982704"
"KN294257v1","1597400","1597714","JH378149","2877943","2878246","46","1280543"
"KN294257v1","1603139","1603435","JH378255","2464652","2464948","41","861513"
"KN294257v1","1606089","1606347","JH378123","22421065","22421316","40","20814976"
"KN294257v1","1646515","1646825","JH378114","44053474","44053787","52","42406959"
"KN294257v1","1690711","1691020","JH378107","32732951","32733261","33","31042240"
"KN294257v1","1691202","1691485","JH378149","4068264","4068550","52","2377062"
"KN294257v1","1770271","1770560","JH378279","1918066","1918357","46","147795"
"KN294257v1","1856589","1856852","JH378141","13695880","13696144","32","11839291"
"KN294257v1","1868157","1868454","JH378157","8572961","8573259","39","6704804"
"KN294257v1","1889497","1889806","JH378141","3250147","3250452","41","1360650"
"KN294257v1","1916109","1916392","JH378106","59889514","59889793","39","57973405"
"KN294257v1","1935854","1936157","JH378141","12513236","12513525","49","10577382"
"KN294257v1","1939338","1939660","JH378165","3784440","3784761","47","1845102"
"KN294257v1","1975809","1976120","JH378108","45756445","45756754","41","43780636"
"KN294257v1","2020297","2020588","JH378190","1594261","1594555","39","426036"
"KN294257v1","2096502","2096799","JH378112","35064816","35065113","41","32968314"
"KN294257v1","2137711","2138023","JH378152","13846004","13846310","41","11708293"
"KN294257v1","2261747","2262018","JH378169","8895955","8896223","39","6634208"
"KN294257v1","2363773","2364048","JH378194","4089007","4089281","46","1725234"
"KN294257v1","2390351","2390637","JH378191","3135220","3135505","38","744869"
"KN294257v1","2431210","2431521","JH378113","29875680","29875997","49","27444470"
"KN294257v1","2481223","2481510","JH378275","2955326","2955611","33","474103"
"KN294257v1","2667141","2667417","JH378144","13577173","13577444","47","10910032"
"KN294257v1","2857469","2857783","JH378120","4044289","4044599","52","1186820"
"KN294259v1","35281","35569","JH378260","641471","641755","51","606190"
"KN294260v1","46519","46830","JH378157","7599118","7599429","42","7552599"
"KN294260v1","166112","166408","JH378185","398688","398984","44","232576"
"KN294260v1","266575","266868","JH378203","21690","21979","50","244885"
"KN294260v1","301269","301426","JH378146","823466","823622","25","522197"
"KN294260v1","435334","435605","JH378232","2905861","2906118","50","2470527"
"KN294260v1","559861","560163","JH378105","4798292","4798595","36","4238431"
"KN294260v1","566944","567239","JH378257","46861","47152","40","520083"
"KN294260v1","621951","622250","JH378221","6226401","6226700","32","5604450"
"KN294260v1","628098","628392","JH378135","1282022","1282315","37","653924"
"KN294260v1","637573","637867","JH378169","1157582","1157871","38","520009"
"KN294260v1","681040","681353","JH378105","22492948","22493252","48","21811908"
"KN294260v1","691715","692008","JH378263","863168","863461","39","171453"
"KN294260v1","723617","723912","JH378125","23417526","23417819","53","22693909"
"KN294260v1","845774","846072","JH378166","4457656","4457957","32","3611882"
"KN294260v1","846685","846986","JH378272","678390","678683","35","168295"
"KN294260v1","1226135","1226422","JH378111","20095479","20095777","44","18869344"
"KN294260v1","1428283","1428585","JH378140","12222991","12223291","32","10794708"
"KN294260v1","1838450","1838619","JH378128","25000745","25000912","38","23162295"
"KN294260v1","1839383","1839676","JH378156","10253303","10253595","30","8413920"
"KN294260v1","2003829","2004104","JH378144","17034594","17034866","40","15030765"
"KN294260v1","2078631","2078883","JH378107","130468","130731","37","1948163"
"KN294260v1","2256979","2257275","JH378115","22645163","22645456","33","20388184"
"KN294260v1","2507561","2507841","AGCE01150777","825","1109","39","2506736"
"KN294261v1","106351","106657","JH378305","1062290","1062599","35","955939"
"KN294262v1","128358","128478","JH378177","9067428","9067550","19","8939070"
"KN294262v1","128524","128699","JH378108","23466756","23466932","32","23338232"
"KN294262v1","216559","216856","JH378339","154997","155296","37","61562"
"KN294262v1","369886","370196","JH378108","50606576","50606881","46","50236690"
"KN294262v1","444092","444393","JH378131","23718188","23718490","39","23274096"
"KN294262v1","510638","510918","JH378136","14235455","14235744","52","13724817"
"KN294262v1","865327","865637","JH378147","15246332","15246643","53","14381005"
"KN294262v1","934300","934537","JH378131","12939181","12939411","47","12004881"
"KN294262v1","1070662","1070967","JH378110","1557522","1557827","43","486860"
"KN294262v1","1085673","1085977","JH378136","16562236","16562542","47","15476563"
"KN294262v1","1379087","1379392","JH378113","28425684","28425994","41","27046597"
"KN294262v1","1434172","1434495","JH378132","23184680","23184996","52","21750508"
"KN294262v1","1488871","1488998","JH378122","10487277","10487401","20","8998406"
"KN294262v1","1505504","1505775","JH378188","22024","22279","56","1483480"
"KN294262v1","1583811","1584087","JH378171","180671","180949","43","1403140"
"KN294262v1","1633303","1633458","JH378142","3106522","3106681","28","1473219"
"KN294262v1","1857634","1857940","JH378142","13407664","13407970","37","11550030"
"KN294262v1","1911746","1912034","JH378220","861011","861297","45","1050735"
"KN294262v1","2199845","2200125","JH378116","22330261","22330540","36","20130416"
"KN294262v1","2234422","2234732","JH378167","1757697","1758004","43","476725"
"KN294262v1","2551999","2552299","JH378299","1744878","1745169","51","807121"
"KN294262v1","2613892","2614183","JH378222","5509249","5509538","47","2895357"
"KN294262v1","2824495","2824801","JH378131","391892","392200","40","2432603"
"KN294262v1","2872675","2872965","JH378186","9203996","9204293","50","6331321"
"KN294262v1","2913062","2913345","JH378158","4521208","4521489","44","1608146"
"KN294262v1","2954079","2954389","JH378283","1395978","1396288","33","1558101"
"KN294262v1","2993704","2994051","JH378228","5665092","5665424","62","2671388"
"KN294264v1","261999","262293","JH378114","19826686","19826979","31","19564687"
"KN294264v1","58164","58471","JH378281","1787490","1787801","44","1729326"
"KN294264v1","300974","301031","JH378139","1971584","1971638","7","1670610"
"KN294264v1","371563","371884","JH378106","7203572","7203879","41","6832009"
"KN294266v1","25907","26181","JH378207","4673273","4673544","40","4647366"
"KN294266v1","519303","519622","JH378152","16552579","16552892","44","16033276"
"KN294266v1","551803","552115","JH378124","5909195","5909505","43","5357392"
"KN294266v1","653126","653441","JH378249","517683","517987","50","135443"
"KN294266v1","835634","835947","JH378124","5909195","5909505","44","5073561"
"KN294266v1","906886","907174","JH378173","5136218","5136506","45","4229332"
"KN294267v1","98372","98672","JH378235","3921652","3921953","45","3823280"
"KN294267v1","114787","115071","JH378223","4702879","4703164","47","4588092"
"KN294269v1","123104","123397","JH378259","3411841","3412137","42","3288737"
"KN294269v1","222365","222556","JH378147","5635259","5635442","34","5412894"
"KN294269v1","260752","260983","JH378111","26952157","26952381","34","26691405"
"KN294269v1","263270","263572","JH378123","29188994","29189292","36","28925724"
"KN294269v1","279246","279545","JH378121","27727470","27727775","45","27448224"
"KN294269v1","288019","288303","JH378109","291461","291744","38","3442"
"KN294269v1","302484","302789","JH378115","16442353","16442656","41","16139869"
"KN294269v1","354845","355135","JH378106","28271278","28271568","33","27916433"
"KN294269v1","385190","385508","JH378178","2120640","2120944","53","1735450"
"KN294269v1","390323","390577","JH378105","13318323","13318564","39","12928000"
"KN294269v1","390929","391233","JH378106","49136254","49136553","41","48745325"
"KN294269v1","394997","395311","JH378107","48251480","48251790","48","47856483"
"KN294269v1","437665","437958","JH378115","8892012","8892314","40","8454347"
"KN294269v1","464900","465199","JH378141","18306898","18307199","36","17841998"
"KN294269v1","534331","534607","JH378114","20700563","20700840","40","20166232"
"KN294269v1","548064","548253","JH378182","720730","720911","30","172666"
"KN294269v1","564872","565167","JH378157","11680835","11681133","37","11115963"
"KN294269v1","579269","579562","JH378197","5790965","5791258","35","5211696"
"KN294269v1","601379","601661","JH378134","5377739","5378025","38","4776360"
"KN294269v1","625171","625468","JH378115","34487655","34487951","45","33862484"
"KN294269v1","637639","637939","JH378178","460027","460332","34","177612"
"KN294269v1","707725","708017","JH378279","1918066","1918357","43","1210341"
"KN294269v1","746882","747197","JH378105","70733944","70734251","49","69987062"
"KN294269v1","748886","749158","JH378125","2244929","2245203","45","1496043"
"KN294269v1","755896","756069","JH378107","58263876","58264043","29","57507980"
"KN294269v1","756381","756520","JH378144","7510179","7510310","22","6753798"
"KN294269v1","789997","790222","JH378208","1542879","1543106","34","752882"
"KN294269v1","898207","898466","JH378148","3864382","3864647","41","2966175"
"KN294269v1","974524","974818","JH378131","19810724","19811024","44","18836200"
"KN294269v1","994568","994870","JH378174","10496727","10497025","39","9502159"
"KN294269v1","999320","999630","JH378157","1239754","1240062","38","240434"
"KN294269v1","1003512","1003813","JH378225","778969","779272","41","224543"
"KN294269v1","1011137","1011429","JH378299","769693","769995","45","241444"
"KN294269v1","1134000","1134277","JH378123","21177202","21177482","35","20043202"
"KN294271v1","24722","25031","JH378148","3246857","3247167","45","3222135"
"KN294271v1","496990","497293","JH378176","10034893","10035192","48","9537903"
"KN294271v1","664259","664467","JH378116","34808996","34809197","30","34144737"
"KN294271v1","925275","925572","JH378287","1832092","1832388","40","906817"
"KN294271v1","964315","964607","JH378105","51628679","51628973","37","50664364"
"KN294271v1","981713","981807","JH378190","8830479","8830568","17","7848766"
"KN294271v1","1010004","1010306","JH378186","9203996","9204293","42","8193992"
"KN294271v1","1082290","1082343","JH378129","7836384","7836436","7","6754094"
"KN294271v1","1104424","1104671","JH378288","1478539","1478787","35","374115"
"KN294275v1","40983","41295","JH378183","6775190","6775494","40","6734207"
"KN294278v1","91420","91713","JH378123","5871314","5871609","40","5779894"
"KN294278v1","134822","135118","JH378125","15710133","15710429","43","15575311"
"KN294278v1","173161","173465","JH378254","3231996","3232300","44","3058835"
"KN294279v1","42693","42987","JH378157","6723290","6723580","47","6680597"
"KN294279v1","71218","71511","JH378288","868732","869035","47","797514"
"KN294279v1","399452","399718","JH378115","1776772","1777035","38","1377320"
"KN294279v1","414804","415104","JH378129","4753480","4753776","39","4338676"
"KN294279v1","570037","570349","JH378195","1246647","1246952","45","676610"
"KN294279v1","668095","668362","JH378161","1660661","1660920","43","992566"
"KN294279v1","709241","709525","JH378176","2695920","2696186","58","1986679"
"KN294279v1","833417","833727","JH378115","18701296","18701603","43","17867879"
"KN294279v1","864461","864762","JH378157","11680835","11681133","36","10816374"
"KN294279v1","1031025","1031295","JH378109","13967984","13968262","52","12936959"
"KN294281v1","368502","368805","JH378121","20623841","20624141","52","20255339"
"KN294281v1","382481","382729","JH378108","42156586","42156828","38","41774105"
"KN294281v1","596831","597156","JH378123","17619305","17619626","48","17022474"
