"chr1","1048379","1048683","chr2","32333612","32333914","17","31285233"
"chr1","71302911","71303220","chr20","87163007","87163315","30","15860096"
"chr1","82837421","82837717","chr16","18135638","18135931","23","64701783"
"chr1","135266263","135266553","chr12","22060943","22061231","30","113205320"
"chr1","10354533","10354850","chr2","51442376","51442681","34","41087843"
"chr1","17694718","17695062","chr1","69301702","69302041","39","51606984"
"chr1","21757745","21758046","chr19","8387909","8388211","28","13369836"
"chr1","22413107","22413409","chr7","128374516","128374819","19","105961409"
"chr1","36437740","36438043","chr5","12507281","12507581","20","23930459"
"chr1","46006223","46006532","chr6","40043599","40043908","30","5962624"
"chr1","49938235","49938494","chr2","17198202","17198456","29","32740033"
"chr1","51248965","51249272","chr5","32570648","32570951","30","18678317"
"chr1","70385375","70385671","chr2","12643223","12643511","35","57742152"
"chr1","92143462","92143766","chr17","47646547","47646851","31","44496915"
"chr1","93192186","93192482","chr2","74731372","74731668","24","18460814"
"chr1","112852735","112853037","chr19","6059599","6059901","25","106793136"
"chr1","113377077","113377386","chrX","50151290","50151597","20","63225787"
"chr1","113901554","113901864","chr14","67057842","67058152","25","46843712"
"chr1","130678767","130679062","chr5","57563262","57563558","24","73115505"
"chr1","130809727","130810021","chr6","2179834","2180128","22","128629893"
"chr1","134741802","134742093","chr19","2233944","2234231","20","132507858"
"chr1","135135065","135135383","chr26","4757932","4758242","30","130377133"
"chr1","147324654","147324944","chr9","85258504","85258803","27","62066150"
"chr1","183631717","183632008","chr22","46238131","46238424","27","137393586"
"chr1","190578621","190578894","chr5","5574730","5575002","20","185003891"
"chr1","195428184","195428490","chr4","52645607","52645913","25","142782577"
"chr1","205914074","205914367","chr1","67638045","67638332","27","138276029"
"chr1","215351109","215351411","chr2","32333612","32333914","12","183017497"
"chr1","62163","62451","chr4","83617329","83617621","16","83555166"
"chr1","563467","563767","chr17","4084378","4084673","25","3520911"
"chr1","620145","620443","chrX","90751665","90751960","16","90131520"
"chr1","649177","649476","chr14","38565827","38566126","25","37916650"
"chr1","734943","735245","chr8","133159910","133160211","30","132424967"
"chr1","753538","753829","chr1","109736872","109737164","35","108983334"
"chr1","772403","772705","chr4","35067821","35068122","21","34295418"
"chr1","774796","775106","chr9","28484452","28484761","17","27709656"
"chr1","819957","820249","chr16","11568118","11568409","27","10748161"
"chr1","836876","837172","chr17","54906580","54906875","22","54069704"
"chr1","839977","840278","chr10","83113257","83113553","26","82273280"
"chr1","905577","905879","chr1","124845049","124845344","46","123939472"
"chr1","926253","926563","chr8","116063851","116064161","21","115137598"
"chr1","926564","926864","chr14","82009479","82009778","18","81082915"
"chr1","928414","928715","chr19","5950837","5951138","16","5022423"
"chr1","931833","932187","chr10","54613066","54613442","56","53681233"
"chr1","966862","967162","chr6","10934378","10934670","25","9967516"
"chr1","1019648","1019947","chr19","29410530","29410829","24","28390882"
"chr1","1029411","1029726","chr14","15541275","15541581","27","14511864"
"chr1","1041352","1041648","chr5","2835152","2835445","22","1793800"
"chr1","1054521","1054828","chr7","126406706","126407009","36","125352185"
"chr1","1054901","1055195","chr12","94811788","94812080","27","93756887"
"chr1","1055803","1056110","chr20","13466380","13466686","20","12410577"
"chr1","1067251","1067548","chr16","73453651","73453948","12","72386400"
"chr1","1080331","1080622","chr9","93553405","93553696","22","92473074"
"chr1","1094546","1094857","chr11","107681379","107681686","22","106586833"
"chr1","1123927","1124054","chr9","95913595","95913720","14","94789668"
"chr1","1125595","1125887","chr6","30016088","30016392","31","28890493"
"chr1","1138974","1139274","chr20","80257054","80257354","24","79118080"
"chr1","1176759","1177070","chr10","41217291","41217602","25","40040532"
"chr1","1187243","1187534","chr9","96476949","96477243","25","95289706"
"chr1","1197818","1198129","chr10","41217291","41217602","25","40019473"
"chr1","1203588","1203902","chr3","39974667","39974978","31","38771079"
"chr1","1221350","1221648","chr16","73453651","73453948","27","72232301"
"chr1","1226417","1226516","chr25","83381701","83381804","21","82155284"
"chr1","1226517","1226837","chr13","56364600","56364920","34","55138083"
"chr1","1239024","1239288","chr6","50526992","50527250","22","49287968"
"chr1","1258348","1258645","chr6","19684493","19684792","21","18426145"
"chr1","1259581","1259872","chr5","75138607","75138900","25","73879026"
"chr1","1261514","1261805","chr21","76079768","76080059","22","74818254"
"chr1","1262011","1262273","chr16","74281686","74281950","23","73019675"
"chr1","1262969","1263166","chr7","71715398","71715592","24","70452429"
"chr1","1263169","1263422","chr2","85941759","85942011","32","84678590"
"chr1","1263706","1263803","chr20","83596556","83596658","15","82332850"
"chr1","1264589","1264881","chr4","16490183","16490479","24","15225594"
"chr1","1325624","1325930","chr25","50523706","50524010","25","49198082"
"chr1","1327585","1327796","chr3","6652715","6652924","27","5325130"
"chr1","1327798","1327842","chr1","6067660","6067706","7","4739862"
"chr1","1337891","1337936","chr6","30515412","30515456","10","29177521"
"chr1","1340359","1340516","chr16","20795562","20795711","38","19455203"
"chr1","1341546","1341840","chrX","90866976","90867275","30","89525430"
"chr1","1348581","1348859","chr7","86199564","86199846","40","84850983"
"chr1","1352349","1352665","chr2","87709236","87709545","29","86356887"
"chr1","1352863","1353175","chr6","30473297","30473606","31","29120434"
"chr1","1355581","1355884","chr10","95384289","95384592","28","94028708"
"chr1","1357863","1358004","chr9","24887515","24887658","13","23529652"
"chr1","1387132","1387431","chr21","34854694","34854996","35","33467562"
"chr1","1388028","1388320","chr16","18135638","18135931","27","16747610"
"chr1","1398212","1398514","chr11","47346030","47346329","45","45947818"
"chr1","1409223","1409351","chrX","124661176","124661308","9","123251953"
"chr1","1409929","1410243","chr5","26297249","26297557","33","24887320"
"chr1","1431197","1431331","chr11","127786293","127786427","13","126355096"
"chr1","1438683","1438916","chr8","94411087","94411315","27","92972404"
"chr1","1471033","1471329","chr8","119228405","119228695","29","117757372"
"chr1","1474703","1475003","chr25","50660822","50661118","23","49186119"
"chr1","1481813","1482122","chr15","39541098","39541404","30","38059285"
"chr1","1489468","1489790","chr7","92764884","92765200","33","91275416"
"chr1","1490137","1490434","chr6","41381658","41381957","21","39891521"
"chr1","1504436","1504741","chr20","130213902","130214206","28","128709466"
"chr1","1507052","1507353","chr27","46327657","46327962","26","44820605"
"chr1","1511939","1512241","chr14","79851905","79852203","31","78339966"
"chr1","1513759","1514067","chr3","90604895","90605227","61","89091136"
"chr1","1529212","1529346","chrX","124661176","124661308","14","123131964"
"chr1","1529960","1530143","chr16","4298348","4298530","24","2768388"
"chr1","1530151","1530217","chr16","22566791","22566849","15","21036640"
"chr1","1534503","1534791","chr4","88317009","88317297","25","86782506"
"chr1","1536172","1536471","chr26","35934682","35934981","22","34398510"
"chr1","1538391","1538692","chr21","103886649","103886948","27","102348258"
"chr1","1548203","1548508","chr11","3351653","3351956","21","1803450"
"chr1","1566216","1566538","chr2","55312449","55312755","40","53746233"
"chr1","1569951","1570256","chr2","1314959","1315263","22","254992"
"chr1","1577365","1577656","chr2","80080716","80081011","25","78503351"
"chr1","1581819","1582123","chr11","27510637","27510931","32","25928818"
"chr1","1585694","1586026","chr15","69796030","69796362","35","68210336"
"chr1","1650842","1651141","chrX","125265707","125266004","24","123614865"
"chr1","1662936","1663244","chr10","104778013","104778320","20","103115077"
"chr1","1672923","1673203","chr3","56219461","56219740","21","54546538"
"chr1","1674849","1675158","chr14","94356574","94356881","25","92681725"
"chr1","1677668","1677980","chr11","6214299","6214608","33","4536631"
"chr1","1680375","1680698","chr14","2916540","2916867","30","1236165"
"chr1","1689191","1689503","chr20","120804407","120804713","25","119115216"
"chr1","1705331","1705640","chr20","109453353","109453664","23","107748022"
"chr1","1719317","1719617","chr26","57044443","57044745","30","55325126"
"chr1","1721343","1721651","chr6","10875375","10875682","20","9154032"
"chr1","1733895","1734190","chr14","34287518","34287815","19","32553623"
"chr1","1735667","1735979","chr16","60882981","60883293","29","59147314"
"chr1","1744265","1744576","chr27","30509416","30509723","26","28765151"
"chr1","1758017","1758319","chr12","7743344","7743643","24","5985327"
"chr1","1777291","1777601","chr4","43768773","43769082","30","41991482"
"chr1","1780887","1781214","chr10","50928059","50928376","37","49147172"
"chr1","1807436","1807726","chr17","18927109","18927399","19","17119673"
"chr1","1819402","1819704","chr9","85258504","85258803","20","83439102"
"chr1","1824797","1825094","chr1","100073866","100074160","24","98249069"
"chr1","1846172","1846478","chrX","15167071","15167366","37","13320899"
"chr1","1876119","1876427","chr1","54502980","54503285","26","52626861"
"chr1","1880937","1881232","chr9","64621033","64621327","22","62740096"
"chr1","1885959","1886254","chr5","42953977","42954271","25","41068018"
"chr1","1886408","1886708","chr2","32042635","32042927","29","30156227"
"chr1","1891481","1891780","chr21","98527640","98527942","28","96636159"
"chr1","1894905","1895179","chr7","75913782","75914056","24","74018877"
"chr1","1901143","1901434","chr4","83617329","83617621","20","81716186"
"chr1","1919357","1919661","chr5","58413148","58413451","22","56493791"
"chr1","1952442","1952732","chr6","15014499","15014793","31","13062057"
"chr1","1962660","1962876","chr1","20563840","20564055","13","18601180"
"chr1","2046959","2047272","chr4","43768773","43769082","34","41721814"
"chr1","2048823","2049138","chr28","16981339","16981648","29","14932516"
"chr1","2082465","2082765","chrX","90866976","90867275","24","88784511"
"chr1","2213127","2213401","chr10","75911311","75911587","25","73698184"
"chr1","2243889","2243967","chr8","29389338","29389426","14","27145449"
"chr1","2243968","2244022","chr23","61586103","61586159","6","59342135"
"chr1","2543863","2544147","chr6","10717548","10717831","27","8173685"
"chr1","2717416","2717713","chr16","73453651","73453948","18","70736235"
"chr1","2767007","2767302","chr10","95597746","95598046","13","92830739"
"chr1","2799023","2799316","chr1","474817","475111","32","2324206"
"chr1","2966318","2966598","chr16","52401360","52401641","13","49435042"
"chr1","3053117","3053449","chr1","37056919","37057244","36","34003802"
"chr1","3134575","3134878","chr19","8387909","8388211","25","5253334"
"chr1","3194957","3195257","chr9","58137287","58137583","20","54942330"
"chr1","3223433","3223736","chr24","82749658","82749958","27","79526225"
"chr1","3367069","3367365","chr6","13118291","13118589","21","9751222"
"chr1","3454317","3454590","chr3","21902180","21902458","28","18447863"
"chr1","3461780","3462070","chr2","19212373","19212663","22","15750593"
"chr1","3504615","3504920","chr3","25939212","25939513","29","22434597"
"chr1","3508819","3509130","chr22","13644213","13644520","22","10135394"
"chr1","3513732","3514039","chr3","6236512","6236822","27","2722780"
"chr1","3518057","3518259","chr20","85908093","85908287","28","82390036"
"chr1","3518690","3518743","chr28","16220812","16220855","10","12702122"
"chr1","3518855","3518979","chr9","30221748","30221873","10","26702893"
"chr1","3541770","3542084","chr20","80030086","80030391","26","76488316"
"chr1","3559321","3559617","chr17","60977074","60977370","22","57417753"
"chr1","3578039","3578335","chr16","53950693","53950988","23","50372654"
"chr1","3603480","3603782","chr16","43162195","43162492","27","39558715"
"chr1","3609871","3610181","chr9","28484452","28484761","17","24874581"
"chr1","3613232","3613523","chr16","18135638","18135931","24","14522406"
"chr1","3617758","3618067","chr12","48470474","48470777","27","44852716"
"chr1","3662115","3662389","chr15","69431706","69431980","36","65769591"
"chr1","3720543","3720844","chr12","10522543","10522847","27","6802000"
"chr1","3745062","3745358","chr14","12951991","12952286","22","9206929"
"chr1","3832859","3833147","chr9","60909667","60909956","20","57076808"
"chr1","3842369","3842676","chr8","92869403","92869714","27","89027034"
"chr1","3851495","3851793","chr25","65178411","65178708","14","61326916"
"chr1","3919936","3920231","chr18","58932125","58932422","24","55012189"
"chr1","3922142","3922437","chr16","49436545","49436837","27","45514403"
"chr1","4245199","4245510","chr20","108606354","108606665","21","104361155"
"chr1","4280038","4280330","chr5","69329405","69329695","27","65049367"
"chr1","4289044","4289343","chr11","49367439","49367744","27","45078395"
"chr1","4432088","4432388","chr11","90940485","90940785","21","86508397"
"chr1","4586584","4586889","chr26","56340062","56340369","38","51753478"
"chr1","4668703","4669003","chr20","80030086","80030391","33","75361383"
"chr1","4792219","4792518","chr11","3926629","3926927","22","865590"
"chr1","4850288","4850582","chr21","117737027","117737318","27","112886739"
"chr1","4855237","4855531","chr22","46238131","46238424","19","41382894"
"chr1","4906151","4906452","chr20","43579464","43579762","25","38673313"
"chr1","4939206","4939513","chr18","36855771","36856078","24","31916565"
"chr1","4954384","4954513","chr6","2958403","2958537","11","1995981"
"chr1","4955245","4955528","chr16","52401360","52401641","25","47446115"
"chr1","4985832","4986133","chr8","23477743","23478044","25","18491911"
"chr1","4994803","4995100","chr9","97107908","97108205","22","92113105"
"chr1","5001688","5001977","chr6","5865902","5866193","30","864214"
"chr1","5206138","5206449","chr18","69966885","69967195","13","64760747"
"chr1","5218101","5218390","chr17","29908335","29908623","22","24690234"
"chr1","5218448","5218736","chr12","22060943","22061231","22","16842495"
"chr1","5434222","5434532","chr1","11502037","11502345","26","6067815"
"chr1","5505977","5506285","chr24","69802583","69802893","15","64296606"
"chr1","5562023","5562336","chr8","138439780","138440092","25","132877757"
"chr1","5572600","5572895","chr8","112825362","112825657","22","107252762"
"chr1","5636193","5636503","chr24","69802583","69802893","16","64166390"
"chr1","5649442","5649752","chr15","53626406","53626715","24","47976964"
"chr1","5786904","5787206","chr1","34288273","34288576","24","28501369"
"chr1","5885998","5886306","chr4","43768773","43769082","17","37882775"
"chr1","5906552","5906817","chr4","65763471","65763740","27","59856919"
"chr1","5915551","5915846","chr10","128357098","128357393","26","122441547"
"chr1","5939131","5939435","chr20","16600236","16600541","22","10661105"
"chr1","5939894","5940201","chr6","30473297","30473606","20","24533403"
"chr1","5966762","5967031","chr2","20811273","20811541","28","14844511"
"chr1","5998460","5998595","chrX","124661176","124661308","12","118662716"
"chr1","6004637","6004941","chr18","21144576","21144879","19","15139939"
"chr1","6031747","6032058","chr16","63641093","63641399","30","57609346"
"chr1","6034020","6034151","chr1","69054290","69054421","11","63020270"
"chr1","6038901","6039202","chr23","16690140","16690440","24","10651239"
"chr1","6039793","6040097","chr14","63377669","63377968","23","57337876"
"chr1","6041486","6041775","chr12","94770593","94770871","40","88729107"
"chr1","6044282","6044573","chr18","52964475","52964765","15","46920193"
"chr1","6044629","6044643","chr1","55078002","55078014","2","49033373"
"chr1","6046033","6046338","chrX","111769283","111769590","31","105723250"
"chr1","6052243","6052540","chr2","82653093","82653390","19","76600850"
"chr1","6062240","6062545","chr12","24411863","24412170","30","18349623"
"chr1","6120351","6120660","chr10","104778013","104778320","18","98657662"
"chr1","6145256","6145566","chr9","28484452","28484761","27","22339196"
"chr1","6159584","6159881","chr20","78254906","78255206","23","72095322"
"chr1","6165462","6165764","chr15","89363949","89364249","22","83198487"
"chr1","6176803","6177113","chr2","61059652","61059961","25","54882849"
"chr1","6178569","6178687","chr8","35515550","35515667","9","29336981"
"chr1","6178688","6178739","chr26","42008005","42008057","3","35829317"
"chr1","6180846","6181151","chr21","89740551","89740859","25","83559705"
"chr1","6183911","6184212","chr5","58413148","58413451","25","52229237"
"chr1","6190725","6191018","chr8","112825362","112825657","24","106634637"
"chr1","6193603","6193913","chr19","29285558","29285866","26","23091955"
"chr1","6202720","6203024","chr12","26643363","26643663","23","20440643"
"chr1","6203447","6203751","chr3","89706096","89706394","35","83502649"
"chr1","6204191","6204489","chr14","34287518","34287815","26","28083327"
"chr1","6209319","6209624","chr26","20998505","20998812","21","14789186"
"chr1","6217848","6218156","chr2","32333612","32333914","22","26115764"
"chr1","6236607","6236907","chr1","27921140","27921440","30","21684533"
"chr1","6240790","6241091","chr19","8474966","8475264","34","2234176"
"chr1","6250657","6250936","chr9","17448194","17448471","30","11197537"
"chr1","6285674","6285971","chr14","82009479","82009778","23","75723805"
"chr1","6286276","6286511","chr6","40372764","40372995","25","34086488"
"chr1","6300081","6300367","chr19","2233944","2234231","20","4066137"
"chr1","6309961","6310214","chr6","16746692","16746938","29","10436731"
"chr1","6311617","6311897","chr20","129913254","129913539","34","123601637"
"chr1","6327442","6327745","chr10","34807894","34808195","22","28480452"
"chr1","6334813","6335128","chr1","64727126","64727443","32","58392313"
"chr1","6337924","6338214","chr11","120798078","120798370","15","114460154"
"chr1","6343994","6344281","chr3","27755074","27755357","22","21411080"
"chr1","6352163","6352478","chr8","29044470","29044780","31","22692307"
"chr1","6353110","6353407","chr11","91256271","91256569","12","84903161"
"chr1","6353540","6353773","chr26","32437287","32437519","12","26083747"
"chr1","6354643","6354947","chrX","119806631","119806929","19","113451988"
"chr1","6355842","6356154","chr20","80030086","80030391","26","73674244"
"chr1","6356920","6357045","chr1","69054290","69054421","12","62697370"
"chr1","6377878","6378191","chr2","61059652","61059961","22","54681774"
"chr1","6397462","6397770","chr2","63258959","63259265","15","56861497"
"chr1","6415184","6415498","chr20","108606354","108606665","15","102191170"
"chr1","6455699","6455987","chr10","73650191","73650484","22","67194492"
"chr1","6481509","6481815","chr13","69142960","69143271","31","62661451"
"chr1","6592324","6592624","chr1","11763276","11763580","28","5170952"
"chr1","6604107","6604417","chr2","27612100","27612409","23","21007993"
"chr1","6621927","6621994","chr27","48003022","48003089","11","41381095"
"chr1","6691046","6691341","chr3","26277997","26278296","24","19586951"
"chr1","6822792","6823102","chr16","10090132","10090438","22","3267340"
"chr1","6823611","6823909","chr14","34287518","34287815","22","27463907"
"chr1","6831813","6832114","chr1","106656533","106656836","22","99824720"
"chr1","6869596","6869906","chr19","25389314","25389622","20","18519718"
"chr1","6879151","6879455","chr13","91246626","91246926","38","84367475"
"chr1","6892278","6892589","chr19","18712315","18712626","21","11820037"
"chr1","6893778","6894086","chrX","50151290","50151597","30","43257512"
"chr1","6908660","6908779","chrX","126504672","126504791","8","119596012"
"chr1","6908816","6908996","chr24","80932741","80932922","19","74023925"
"chr1","6922278","6922584","chr9","57545027","57545324","25","50622749"
"chr1","7010194","7010498","chr2","37645304","37645603","29","30635110"
"chr1","7019923","7020062","chr6","50526832","50526972","12","43506909"
"chr1","7037176","7037486","chr3","75015279","75015588","28","67978103"
"chr1","7155490","7155786","chr7","103829539","103829834","27","96674049"
"chr1","7216602","7216887","chr16","62982076","62982359","28","55765474"
"chr1","7219662","7219973","chr24","37991309","37991619","22","30771647"
"chr1","7305831","7306129","chr10","128357098","128357393","23","121051267"
"chr1","7309492","7309788","chr27","44488497","44488796","80","37179005"
"chr1","7353502","7353816","chr20","86658041","86658354","32","79304539"
"chr1","7399267","7399561","chr24","82749658","82749958","24","75350391"
"chr1","7413513","7413811","chr9","85258504","85258803","19","77844991"
"chr1","7414077","7414173","chrX","50215995","50216089","11","42801918"
"chr1","7439158","7439453","chr23","38436102","38436396","19","30996944"
"chr1","7452598","7452908","chr11","105648992","105649301","26","98196394"
"chr1","7459775","7460060","chr10","98132718","98133004","23","90672943"
"chr1","7515316","7515612","chr22","22634677","22634976","25","15119361"
"chr1","7543819","7544138","chr10","74270171","74270491","30","66726352"
"chr1","7558412","7558704","chr9","64621033","64621327","27","57062621"
"chr1","7567072","7567345","chr23","2694236","2694503","21","4872836"
"chr1","7615072","7615356","chr27","10652390","10652674","24","3037318"
"chr1","7643043","7643141","chr23","17611194","17611293","8","9968151"
"chr1","7645403","7645711","chr26","45464851","45465160","25","37819448"
"chr1","7664970","7665271","chr25","31183009","31183309","17","23518039"
"chr1","7665479","7665772","chr4","83617329","83617621","24","75951850"
"chr1","7713291","7713543","chr23","22845972","22846225","23","15132681"
"chr1","7747746","7748055","chr6","10875375","10875682","18","3127629"
"chr1","7755616","7755834","chr23","16706069","16706286","29","8950453"
"chr1","7780253","7780558","chr9","18925741","18926048","34","11145488"
"chr1","7805562","7805875","chr10","9022701","9023013","26","1217139"
"chr1","7813379","7813673","chr9","58137287","58137583","25","50323908"
"chr1","7842701","7842998","chr19","29410530","29410829","26","21567829"
"chr1","7867515","7867793","chrX","39655430","39655710","27","31787915"
"chr1","7879372","7879665","chr11","127928346","127928644","41","120048974"
"chr1","7889897","7890197","chr4","35067821","35068122","13","27177924"
"chr1","7918419","7918524","chr1","144809","144905","27","7773610"
"chr1","7934350","7934619","chr7","129873169","129873438","19","121938819"
"chr1","7937308","7937603","chr20","98618261","98618555","24","90680953"
"chr1","8018011","8018300","chr12","1721373","1721661","24","6296638"
"chr1","8022513","8022820","chr11","12575858","12576165","24","4553345"
"chr1","8049313","8049628","chr16","63111251","63111561","30","55061938"
"chr1","8050908","8051215","chr10","55352326","55352632","21","47301418"
"chr1","8066790","8067054","chr15","40303792","40304036","36","32237002"
"chr1","8096971","8097090","chrX","98686193","98686312","9","90589222"
"chr1","8105004","8105297","chr16","73453651","73453948","22","65348647"
"chr1","8125191","8125494","chr27","42960882","42961182","27","34835691"
"chr1","8127929","8128232","chr20","101827259","101827557","28","93699330"
"chr1","8166708","8167003","chr14","33421087","33421377","24","25254379"
"chr1","8203116","8203420","chr11","116755157","116755457","33","108552041"
"chr1","8247710","8247955","chr17","35430372","35430620","27","27182662"
"chr1","8250251","8250553","chr28","17508296","17508599","24","9258045"
"chr1","8274278","8274532","chr24","9030195","9030455","24","755917"
"chr1","8309341","8309628","chr11","96678687","96678974","29","88369346"
"chr1","8331522","8331837","chr5","10697462","10697772","32","2365940"
"chr1","8379933","8380230","chr19","32723845","32724146","27","24343912"
"chr1","8382999","8383314","chr6","30175973","30176286","32","21792974"
"chr1","8406701","8407010","chr12","52929567","52929873","29","44522866"
"chr1","8411229","8411530","chr14","5240052","5240356","21","3171177"
"chr1","8422033","8422320","chr8","15021753","15022042","32","6599720"
"chr1","8446809","8447145","chr13","44862377","44862715","32","36415568"
"chr1","8455152","8455447","chr16","13735649","13735944","23","5280497"
"chr1","8471741","8472001","chr10","101039615","101039890","40","92567874"
"chr1","8486477","8486772","chr8","89846096","89846392","24","81359619"
"chr1","8508546","8508836","chr2","41626434","41626719","23","33117888"
"chr1","8513255","8513551","chr20","100254646","100254940","32","91741391"
"chr1","8521777","8522120","chr20","118693095","118693412","64","110171318"
"chr1","8547266","8547534","chr25","71302605","71302878","40","62755339"
"chr1","8555983","8556058","chr11","106631221","106631295","7","98075238"
"chr1","8556059","8556188","chrX","18678522","18678650","17","10122463"
"chr1","8569882","8570182","chr18","69966885","69967195","25","61397003"
"chr1","8611186","8611498","chr16","5103640","5103943","32","3507546"
"chr1","8671235","8671532","chr14","34287518","34287815","22","25616283"
"chr1","8709010","8709301","chr25","32903448","32903740","22","24194438"
"chr1","8712971","8713282","chr10","14966657","14966969","25","6253686"
"chr1","8759976","8760316","chr3","3855981","3856318","33","4903995"
"chr1","8817335","8817436","chr23","17611194","17611293","7","8793859"
"chr1","8819596","8819897","chr8","62547464","62547765","35","53727868"
"chr1","8856028","8856331","chr8","95893116","95893418","27","87037088"
"chr1","8905254","8905560","chr16","15580137","15580444","24","6674883"
"chr1","8920782","8921071","chr7","109480876","109481171","23","100560094"
"chr1","8927313","8927623","chr3","6563109","6563417","21","2364204"
"chr1","8955668","8955967","chr9","118337751","118338056","27","109382083"
"chr1","8974734","8975033","chrX","24924867","24925164","30","15950133"
"chr1","8988537","8988839","chr2","1497578","1497877","25","7490959"
"chr1","9042361","9042665","chr20","111070676","111070976","23","102028315"
"chr1","9087732","9088018","chr24","45875038","45875322","28","36787306"
"chr1","9088138","9088438","chr11","49998064","49998365","20","40909926"
"chr1","9094819","9095101","chr6","10717548","10717831","20","1622729"
"chr1","9162446","9162752","chr26","20998505","20998812","23","11836059"
"chr1","9209075","9209385","chr1","3029849","3030158","22","6179226"
"chr1","9211107","9211398","chr14","33421087","33421377","20","24209980"
"chr1","9213452","9213752","chr25","64632543","64632842","22","55419091"
"chr1","9225295","9225594","chr19","29410530","29410829","19","20185235"
"chr1","9232797","9233098","chr6","31470677","31470978","27","22237880"
"chr1","9234281","9234569","chr16","55930892","55931180","19","46696611"
"chr1","9234760","9235059","chr6","19684493","19684792","29","10449733"
"chr1","9239141","9239438","chr16","64507027","64507325","18","55267886"
"chr1","9246163","9246464","chr10","91220854","91221161","28","81974691"
"chr1","9248062","9248371","chr7","70178030","70178340","23","60929968"
"chr1","9253295","9253540","chr23","22845972","22846225","28","13592677"
"chr1","9255899","9256194","chr28","15494541","15494839","28","6238642"
"chr1","9258192","9258473","chr8","138060624","138060905","29","128802432"
"chr1","9258545","9258854","chr8","23791659","23791969","33","14533114"
"chr1","9261514","9261782","chr3","25358027","25358299","28","16096513"
"chr1","9265260","9265559","chr6","30865157","30865454","22","21599897"
"chr1","9270858","9271147","chr22","46238131","46238424","28","36967273"
"chr1","9316539","9316838","chr5","53768184","53768486","23","44451645"
"chr1","9319124","9319443","chr1","19532738","19533058","26","10213614"
"chr1","9354637","9354931","chr25","67147844","67148137","22","57793207"
"chr1","9376088","9376396","chr19","25389314","25389622","22","16013226"
"chr1","9400771","9401086","chr27","30509416","30509723","27","21108645"
"chr1","9432202","9432490","chr19","1597406","1597694","37","7834796"
"chr1","9440135","9440430","chr26","39566150","39566448","21","30126015"
"chr1","9450958","9451254","chr20","107128002","107128299","18","97677044"
"chr1","9452990","9453300","chr20","122000612","122000927","32","112547622"
"chr1","9474031","9474192","chr10","34039134","34039292","16","24565103"
"chr1","9474220","9474335","chr4","14587649","14587766","12","5113429"
"chr1","9490871","9491174","chr16","54950564","54950867","25","45459693"
"chr1","9493133","9493450","chr18","58890217","58890510","40","49397084"
"chr1","9498669","9498987","chr12","98087173","98087489","25","88588504"
"chr1","9502678","9503004","chr12","43525627","43525951","36","34022949"
"chr1","9506330","9506629","chr28","20174800","20175100","23","10668470"
"chr1","9508852","9509156","chr11","9188391","9188697","21","320461"
"chr1","9516387","9516696","chr1","18165244","18165551","33","8648857"
"chr1","9531991","9532282","chr19","11587676","11587967","21","2055685"
"chr1","9541923","9542234","chr20","109453353","109453664","26","99911430"
"chr1","9560769","9561076","chr5","14109225","14109521","36","4548456"
"chr1","9567892","9568222","chr14","2916540","2916867","41","6651352"
"chr1","9568910","9569224","chr17","29238088","29238399","31","19669178"
"chr1","9595704","9596012","chr1","3029849","3030158","22","6565855"
"chr1","9598484","9598778","chr7","103829539","103829834","30","94231055"
"chr1","9608985","9609296","chr21","114032905","114033212","21","104423920"
"chr1","9622649","9622959","chr24","69802583","69802893","20","60179934"
"chr1","9636200","9636320","chr5","3457301","3457421","11","6178899"
"chr1","9641987","9642288","chr24","82749658","82749958","24","73107671"
"chr1","9645141","9645453","chr14","94356574","94356881","19","84711433"
"chr1","9645457","9645591","chr20_KE148049v1_random","631865","631996","14","9013592"
"chr1","9657020","9657130","chr5","40201902","40202011","12","30544882"
"chr1","9667854","9668151","chrX","63529087","63529385","16","53861233"
"chr1","9668330","9668625","chr15","84800552","84800847","19","75132222"
"chr1","9676057","9676346","chrX","109552619","109552913","26","99876562"
"chr1","9679069","9679372","chr12","60533608","60533913","24","50854539"
"chr1","9680033","9680328","chr4","80386558","80386853","21","70706525"
"chr1","9685176","9685491","chr18","15209043","15209353","36","5523867"
"chr1","9686917","9687209","chr14","33421087","33421377","23","23734170"
"chr1","9693031","9693311","chr21","118103628","118103910","26","108410597"
"chr1","9698293","9698604","chr14","5074594","5074902","25","4623699"
"chr1","9701696","9702013","chr10","41217291","41217602","31","31515595"
"chr1","9704054","9704360","chr10","31802245","31802550","34","22098191"
"chr1","9722871","9723166","chr14","34287518","34287815","23","24564647"
"chr1","9724942","9725240","chr10","101231687","101231988","18","91506745"
"chr1","9729529","9729822","chr6","37263033","37263328","18","27533504"
"chr1","9735726","9736021","chr16","73453651","73453948","18","63717925"
"chr1","9736674","9736967","chr7","122872644","122872939","20","113135970"
"chr1","9739778","9740080","chr2","32333612","32333914","21","22593834"
"chr1","9740500","9740808","chr14","94356574","94356881","16","84616074"
"chr1","9762967","9763254","chr12","1544858","1545149","48","8218109"
"chr1","9771723","9772019","chr14","34287518","34287815","26","24515795"
"chr1","9788811","9789121","chr6","2481120","2481430","25","7307691"
"chr1","9802808","9803115","chrX","128184951","128185256","23","118382143"
"chr1","9804320","9804626","chr1","61110975","61111282","23","51306655"
"chr1","9847941","9848254","chr8","92869403","92869714","21","83021462"
"chr1","9862049","9862363","chr11","101956411","101956728","34","92094362"
"chr1","9875880","9876176","chr22","46238131","46238424","20","36362251"
"chr1","9878054","9878379","chr11","4127501","4127823","26","5750553"
"chr1","9915629","9915929","chr19","29410530","29410829","20","19494901"
"chr1","9940301","9940620","chr22","59158431","59158739","30","49218130"
"chr1","9950500","9950790","chr4","16329279","16329568","27","6378779"
"chr1","9955423","9955714","chr2","19212373","19212663","23","9256950"
"chr1","9995621","9995915","chr14","33421087","33421377","20","23425466"
"chr1","10000851","10001156","chr19","23358135","23358440","10","13357284"
"chr1","10004439","10004736","chr8","17531201","17531502","23","7526762"
"chr1","10026891","10027187","chr14","34287518","34287815","22","24260627"
"chr1","10062897","10063182","chr6","31528903","31529187","23","21466006"
"chr1","10078322","10078620","chr14","34287518","34287815","17","24209196"
"chr1","10099747","10100070","chr23","78985904","78986230","39","68886157"
"chr1","10101460","10101763","chr9","85258504","85258803","24","75157044"
"chr1","10105417","10105712","chr9","85258504","85258803","26","75153087"
"chr1","10117452","10117746","chr22","56104312","56104605","23","45986860"
"chr1","10120740","10121037","chr9","25223525","25223817","31","15102785"
"chr1","10133372","10133501","chr1","76097571","76097700","8","65964199"
"chr1","10159318","10159607","chrX","37957274","37957561","20","27797956"
"chr1","10165391","10165704","chr20","80030086","80030391","27","69864695"
"chr1","10171883","10172186","chr21","48033598","48033900","29","37861715"
"chr1","10173437","10173742","chr7","54786913","54787216","28","44613476"
"chr1","10178859","10179157","chr8","7212035","7212333","26","2966824"
"chr1","10181619","10181912","chr24","26699140","26699434","20","16517521"
"chr1","10183704","10183998","chr3","89127631","89127926","23","78943927"
"chr1","10194697","10194992","chr16","11196207","11196502","22","1001510"
"chr1","10196374","10196686","chr2","26260933","26261241","29","16064559"
"chr1","10208395","10208700","chrX","116031238","116031537","28","105822843"
"chr1","10228071","10228366","chr22","67621623","67621917","24","57393552"
"chr1","10228821","10229129","chr13","42918263","42918569","34","32689442"
"chr1","10231856","10232144","chr27","44488497","44488796","94","34256641"
"chr1","10266491","10266788","chr5","39672311","39672607","28","29405820"
"chr1","10273917","10274231","chr29","2858279","2858595","23","7415638"
"chr1","10293408","10293709","chr21","23632814","23633109","24","13339406"
"chr1","10300737","10300943","chr1","89063235","89063437","34","78762498"
"chr1","10380028","10380314","chr16","55930892","55931180","18","45550864"
"chr1","10482067","10482362","chr9","96727466","96727761","21","86245399"
"chr1","10578773","10579083","chr13","92293433","92293740","28","81714660"
"chr1","10624058","10624361","chr19","5950837","5951138","26","4673221"
"chr1","10653607","10653918","chrX","2044489","2044799","27","8609118"
"chr1","10659580","10659870","chr18","52964475","52964765","21","42304895"
"chr1","10666220","10666514","chr1","87048738","87049032","18","76382518"
"chr1","10671409","10671513","chr11","121764976","121765080","8","111093567"
"chr1","10695341","10695648","chr20","123723237","123723539","23","113027896"
"chr1","10742916","10743193","chrX","84398242","84398519","22","73655326"
"chr1","10744585","10744888","chr6","33522199","33522503","26","22777614"
"chr1","10757321","10757624","chr18","58932125","58932422","29","48174804"
"chr1","10780941","10781244","chr8","103414295","103414596","25","92633354"
"chr1","10792814","10793108","chr9","64621033","64621327","17","53828219"
"chr1","10821015","10821320","chr15","60297502","60297805","24","49476487"
"chr1","10823032","10823330","chr11","91256271","91256569","23","80433239"
"chr1","10845564","10845877","chr11","58765139","58765450","26","47919575"
"chr1","10868087","10868421","chr20","106855803","106856126","37","95987716"
"chr1","10890349","10890648","chr5","1830355","1830647","34","9059994"
"chr1","10894065","10894376","chr7","74974360","74974668","22","64080295"
"chr1","10912977","10913271","chr24","70922734","70923025","25","60009757"
"chr1","10927905","10928213","chr11","3180793","3181099","26","7747112"
"chr1","10944608","10944924","chr18","26629662","26629964","39","15685054"
"chr1","10949435","10949733","chr2","36614390","36614689","22","25664955"
"chr1","10967856","10968165","chr1","3029849","3030158","20","7938007"
"chr1","10987791","10988060","chr27","34746221","34746487","37","23758430"
"chr1","11030928","11031229","chr19","9352071","9352371","27","1678857"
"chr1","11044829","11045133","chr11","8085897","8086201","21","2958932"
"chr1","11049065","11049371","chr5","10446467","10446776","29","602598"
"chr1","11056282","11056581","chr19","5950837","5951138","28","5105445"
"chr1","11060490","11060798","chr11","77180040","77180343","22","66119550"
"chr1","11105224","11105355","chrX","44061639","44061773","10","32956415"
"chr1","11105360","11105658","chr2","10303374","10303672","22","801986"
"chr1","11113739","11114050","chr1","66021518","66021827","28","54907779"
"chr1","11221203","11221497","chr2","66103493","66103783","25","54882290"
"chr1","11233635","11233931","chr8","95871561","95871853","32","84637926"
"chr1","11273975","11274275","chr16","63294153","63294451","21","52020178"
"chr1","11365704","11366009","chr24","41529193","41529494","28","30163489"
"chr1","11373229","11373523","chr8","64566971","64567263","17","53193742"
"chr1","11400547","11400857","chr9","95668872","95669185","31","84268325"
"chr1","11402856","11403184","chr28","19310999","19311330","49","7908143"
"chr1","11408884","11409180","chr19","24884069","24884365","21","13475185"
"chr1","11412975","11413285","chr8","9510569","9510878","24","1902406"
"chr1","11499163","11499459","chr1","2944998","2945295","26","8554165"
"chr1","11522813","11523119","chr14","25835331","25835638","27","14312518"
"chr1","11555891","11556193","chr1","8989472","8989772","19","2566419"
"chr1","11561616","11561913","chr3","51722221","51722516","26","40160605"
"chr1","11584052","11584358","chr23","78168603","78168905","25","66584551"
"chr1","11587206","11587506","chr23","71343006","71343304","19","59755800"
"chr1","11591118","11591382","chr15","35043972","35044234","22","23452854"
"chr1","11626906","11627218","chrX","63567673","63567979","30","51940767"
"chr1","11633260","11633543","chrX","32197866","32198146","33","20564606"
"chr1","11642928","11643234","chr7","34977236","34977541","27","23334308"
"chr1","11643966","11644277","chr4","43768773","43769082","14","32124807"
"chr1","11664097","11664406","chr18","36855771","36856078","23","25191674"
"chr1","11665625","11665933","chr3","6563109","6563417","25","5102516"
"chr1","11675306","11675615","chr14","40514934","40515242","24","28839628"
"chr1","11699781","11700074","chr6","9670907","9671197","27","2028874"
"chr1","11717607","11717912","chr1","15472933","15473232","29","3755326"
"chr1","11738332","11738655","chr1","101820753","101821071","41","90082421"
"chr1","11776041","11776351","chr24","69802583","69802893","22","58026542"
"chr1","11778318","11778609","chr3","38730990","38731289","63","26952672"
"chr1","11792026","11792323","chr3","89127631","89127926","22","77335605"
"chr1","11826579","11826876","chr5","27801311","27801570","58","15974732"
"chr1","11848929","11849239","chr9","95617111","95617421","30","83768182"
"chr1","11916349","11916667","chr3","69755901","69756213","27","57839552"
"chr1","11959671","11959966","chr3","89127631","89127926","16","77167960"
"chr1","11978924","11979223","chr4","89033693","89033992","18","77054769"
"chr1","11984923","11985208","chr15","4710120","4710399","35","7274803"
"chr1","11987186","11987484","chr2","35901864","35902160","27","23914678"
"chr1","12009652","12009969","chr4","43768773","43769082","36","31759121"
"chr1","12021539","12021821","chr9","60909667","60909956","25","48888128"
"chr1","12051780","12052075","chr24","41079735","41080028","26","29027955"
"chr1","12095905","12096196","chr28","10739071","10739359","34","1356834"
"chr1","12117663","12117960","chr20","43579464","43579762","24","31461801"
"chr1","12131678","12131991","chr14","55085752","55086051","48","42954074"
"chr1","12257447","12257739","chr11","115542420","115542715","30","103284973"
"chr1","12263657","12263960","chr26","5791126","5791420","32","6472531"
"chr1","12280940","12281055","chr11","24362537","24362653","14","12081597"
"chr1","12281158","12281350","chr19_KE148046v1_random","14946","15131","33","12266212"
"chr1","12284377","12284651","chr1","26146567","26146852","33","13862190"
"chr1","12284654","12284959","chr18","66576162","66576461","25","54291508"
"chr1","12325542","12325833","chr11","4653304","4653594","22","7672238"
"chr1","12339939","12340237","chr8","68751123","68751420","21","56411184"
"chr1","12390901","12391216","chr10","19665466","19665774","29","7274565"
"chr1","12397201","12397512","chr11","18436103","18436413","26","6038902"
"chr1","12405655","12405937","chr5","14645114","14645407","32","2239459"
"chr1","12406491","12406802","chr21","105473183","105473492","25","93066692"
"chr1","12429643","12429954","chr27","30509416","30509723","28","18079773"
"chr1","12455166","12455464","chr17","54906580","54906875","22","42451414"
"chr1","12472246","12472539","chr19","13084234","13084531","26","611988"
"chr1","12511776","12512085","chr4","43768773","43769082","21","31256997"
"chr1","12531723","12532033","chr28","9403014","9403321","26","3128709"
"chr1","12770689","12770993","chr27","42960882","42961182","22","30190193"
"chr1","12816139","12816412","chr3","3780360","3780638","30","9035779"
"chr1","12833868","12834197","chr14","64989217","64989532","52","52155349"
"chr1","12842665","12842972","chr21","107994227","107994537","29","95151562"
"chr1","12928746","12928967","chr10","36767712","36767934","25","23838966"
"chr1","12982869","12983000","chrX","124661176","124661308","12","111678307"
"chr1","12983872","12983915","chr5","68823552","68823594","5","55839680"
"chr1","13030415","13030721","chr23","70706922","70707228","28","57676507"
"chr1","13133481","13133774","chr4","83617329","83617621","20","70483848"
"chr1","13144759","13145064","chr11","128512017","128512321","21","115367258"
"chr1","13161308","13161438","chr24","25266731","25266844","37","12105423"
"chr1","13163350","13163656","chr1","71745140","71745448","32","58581790"
"chr1","13195200","13195262","chr19","20309883","20309945","15","7114683"
"chr1","13200266","13200348","chr22","34405987","34406067","18","21205721"
"chr1","13322141","13322442","chr5","65416474","65416773","22","52094333"
"chr1","13394091","13394388","chr7","122872644","122872939","18","109478553"
"chr1","13396667","13396954","chr2","57507332","57507620","16","44110665"
"chr1","13397070","13397373","chr14","82009479","82009778","29","68612409"
"chr1","13418848","13419142","chr1","87048738","87049032","23","73629890"
"chr1","13422781","13423097","chr20","48463103","48463415","27","35040322"
"chr1","13429199","13429514","chr20","48463103","48463415","25","35033904"
"chr1","13439216","13439532","chr6","15856851","15857161","29","2417635"
"chr1","13459606","13459895","chr1","67638045","67638332","39","54178439"
"chr1","13483284","13483581","chr22","67621623","67621917","33","54138339"
"chr1","13484904","13485198","chr6","10934378","10934670","19","2550526"
"chr1","13487788","13488092","chr25","50523706","50524010","24","37035918"
"chr1","13488374","13488679","chr4","32894240","32894545","28","19405866"
"chr1","13504071","13504367","chr9","62322040","62322315","55","48817969"
"chr1","13531935","13532249","chr8","15230976","15231283","29","1699041"
"chr1","13552071","13552382","chr6","43879980","43880293","30","30327909"
"chr1","13559644","13559934","chr13","37306891","37307173","32","23747247"
"chr1","13568522","13568831","chr1","3029849","3030158","28","10538673"
"chr1","13579317","13579626","chr12","80231327","80231637","24","66652010"
"chr1","13587453","13587748","chr11","4137618","4137913","28","9449835"
"chr1","13597649","13597956","chr20","80030086","80030391","24","66432437"
"chr1","13600672","13600986","chr27","22211679","22211988","24","8611007"
"chr1","13602302","13602597","chr8","69368992","69369289","25","55766690"
"chr1","13606199","13606494","chr2","17007123","17007419","21","3400924"
"chr1","13616213","13616519","chr6","8034716","8035019","25","5581497"
"chr1","13638028","13638311","chr4","68043523","68043805","25","54405495"
"chr1","13647667","13647969","chr4","21469572","21469872","19","7821905"
"chr1","13651765","13652065","chr9","62383370","62383668","17","48731605"
"chr1","13655856","13656163","chr4","35067821","35068122","28","21411965"
"chr1","13667870","13668174","chr14","94356574","94356881","23","80688704"
"chr1","13670956","13671251","chr19","24884069","24884365","13","11213113"
"chr1","13696192","13696508","chr11","29220082","29220393","25","15523890"
"chr1","13700263","13700391","chrX","124661176","124661308","12","110960913"
"chr1","13712938","13713257","chr9","29086711","29087026","29","15373773"
"chr1","13725015","13725318","chr7","91236972","91237270","25","77511957"
"chr1","13728409","13728709","chr2","1497578","1497877","22","12230831"
"chr1","13731680","13731973","chr16","45631002","45631302","27","31899322"
"chr1","13742834","13743139","chr19","5950837","5951138","27","7791997"
"chr1","13765204","13765466","chr6","30571450","30571713","28","16806246"
"chr1","13767458","13767766","chr11","102925846","102926154","26","89158388"
"chr1","13779339","13779646","chrUn_AQIB01158444v1","1650","1960","21","13777689"
"chr1","13782387","13782684","chr3","89127631","89127926","22","75345244"
"chr1","13796038","13796344","chr4","35067821","35068122","19","21271783"
"chr1","13833752","13834060","chr6","24902719","24903028","24","11068967"
"chr1","13837771","13838076","chr2","32333612","32333914","22","18495841"
"chr1","13879796","13880093","chr27","28611366","28611657","29","14731570"
"chr1","13881435","13881733","chr23","71343006","71343304","19","57461571"
"chr1","13927166","13927477","chr10","104778013","104778320","22","90850847"
"chr1","13946878","13947188","chr20","48463103","48463415","26","34516225"
"chr1","13948682","13948987","chr11","19003503","19003805","22","5054821"
"chr1","13953022","13953329","chr27","30509416","30509723","24","16556394"
"chr1","14027054","14027348","chr20","20594636","20594926","26","6567582"
"chr1","14059034","14059338","chrX","40030090","40030356","70","25971056"
"chr1","14120198","14120329","chr14","64049213","64049343","15","49929015"
"chr1","14133558","14133868","chr23","81203220","81203529","31","67069662"
"chr1","14146107","14146413","chr6","10875375","10875682","22","3270732"
"chr1","14183344","14183656","chr11","6214299","6214608","31","7969045"
"chr1","14298466","14298759","chr5","3317791","3318084","27","10980675"
"chr1","14319922","14320216","chrX","14501983","14502281","31","182061"
"chr1","14322123","14322450","chr18","70344278","70344600","35","56022155"
"chr1","14344564","14344865","chr20","78254906","78255206","20","63910342"
"chr1","14382267","14382564","chr14","34287518","34287815","20","19905251"
"chr1","14386649","14386955","chr13","67804606","67804911","35","53417957"
"chr1","14418348","14418631","chr8","21208391","21208675","26","6790043"
"chr1","14424025","14424331","chr13","24654104","24654414","25","10230079"
"chr1","14428890","14429202","chr20","117811355","117811658","33","103382465"
"chr1","14436177","14436479","chr5","2956165","2956468","29","11480012"
"chr1","14475942","14476251","chr2","45214846","45215152","23","30738904"
"chr1","14521084","14521341","chr24","42622724","42622967","36","28101640"
"chr1","14529591","14529896","chr23","77734148","77734452","31","63204557"
"chr1","14542799","14543110","chr5","54909212","54909522","20","40366413"
"chr1","14552763","14553071","chr27","42418239","42418548","30","27865476"
"chr1","14583626","14583915","chr18","71646783","71647057","37","57063157"
"chr1","14595785","14596080","chr20","95055829","95056124","23","80460044"
"chr1","14617744","14618049","chr2","71534196","71534501","27","56916452"
"chr1","14638196","14638478","chr3","58107171","58107452","22","43468975"
"chr1","14748804","14749120","chr29","2307257","2307559","47","12441547"
"chr1","14753978","14754282","chr15","48640309","48640610","20","33886331"
"chr1","14805430","14805728","chr4","65599892","65600188","18","50794462"
"chr1","14829948","14830235","chr2","41626434","41626719","19","26796486"
"chr1","14861731","14862028","chr4","89033693","89033992","21","74171962"
"chr1","14871363","14871661","chr22","58358284","58358581","26","43486921"
"chr1","14873121","14873419","chr16","4952825","4953120","22","9920296"
"chr1","14875691","14875973","chr20","111884298","111884580","25","97008607"
"chr1","14900256","14900563","chr9","85258504","85258803","25","70358248"
"chr1","14912661","14912899","chr20","117323575","117323811","23","102410914"
"chr1","14921003","14921305","chr20","110847589","110847895","28","95926586"
"chr1","14942359","14942658","chr16","43162195","43162492","24","28219836"
"chr1","14968549","14968678","chr1","76097571","76097700","10","61129022"
"chr1","14973254","14973557","chr4","21469572","21469872","20","6496318"
"chr1","14976853","14977151","chr12","94739806","94740103","20","79762953"
"chr1","14993578","14993881","chr2","38188436","38188739","21","23194858"
"chr1","14998709","14999020","chr1","85832226","85832527","43","70833517"
"chr1","15009909","15010126","chrX","37335734","37335959","25","22325825"
"chr1","15129153","15129459","chr10","104778013","104778320","16","89648860"
"chr1","15132832","15133084","chr23","22845972","22846225","19","7713140"
"chr1","15191024","15191324","chr1","18548733","18549029","26","3357709"
"chr1","15203975","15204257","chr3","30308309","30308590","26","15104334"
"chr1","15217440","15217734","chr7","122872644","122872939","11","107655204"
"chr1","15242348","15242649","chr7","42247564","42247865","18","27005216"
"chr1","15250501","15250760","chrX","25457336","25457588","29","10206835"
"chr1","15254423","15254720","chr23","80923123","80923418","19","65668700"
"chr1","15265893","15266200","chr20","47021856","47022164","18","31755963"
"chr1","15302679","15302990","chr20","108606354","108606665","13","93303675"
"chr1","15319712","15319974","chr15","35043972","35044234","21","19724260"
"chr1","15351294","15351354","chr16","22566791","22566849","7","7215497"
"chr1","15351364","15351469","chr16","13130865","13130972","15","2220499"
"chr1","15352230","15352520","chr4","83617329","83617621","13","68265099"
"chr1","15355020","15355321","chr9","34395859","34396159","21","19040839"
"chr1","15366364","15366670","chr24","43268552","43268858","21","27902188"
"chr1","15378397","15378711","chr16","73453651","73453948","30","58075254"
"chr1","15382709","15383018","chr6","10875375","10875682","20","4507334"
"chr1","15447355","15447646","chr12","22060943","22061231","31","6613588"
"chr1","15459170","15459475","chr24","43268552","43268858","20","27809382"
"chr1","15485495","15485798","chr1","38296102","38296405","22","22810607"
"chr1","15503807","15504110","chr13","29981996","29982301","19","14478189"
"chr1","15514083","15514404","chr7","111343672","111343970","41","95829589"
"chr1","15522271","15522599","chr16","67203425","67203752","37","51681154"
"chr1","15544562","15544844","chr14","98516811","98517098","19","82972249"
"chr1","15545131","15545423","chr14","34287518","34287815","25","18742387"
"chr1","15578777","15579065","chrUn_KE147586v1","36825","37115","32","15541952"
"chr1","15583161","15583459","chr12","46568788","46569090","39","30985627"
"chr1","15602220","15602527","chr5","17431207","17431512","26","1828987"
"chr1","15610333","15610612","chr9","53442599","53442884","25","37832266"
"chr1","15646573","15646878","chr3","57782632","57782931","32","42136059"
"chr1","15647767","15648066","chr5","59756787","59757085","22","44109020"
"chr1","15666043","15666341","chrX","63529087","63529385","21","47863044"
"chr1","15674464","15674761","chr3","77206290","77206592","23","61531826"
"chr1","15678147","15678465","chr5","27854126","27854435","34","12175979"
"chr1","15717111","15717386","chrX","102159667","102159941","24","86442556"
"chr1","15719143","15719483","chr10","108659632","108659963","38","92940489"
"chr1","15741949","15742244","chr11","4137618","4137913","21","11604331"
"chr1","15748923","15749035","chr21","54110259","54110368","11","38361336"
"chr1","15759229","15759545","chr4","43768773","43769082","28","28009544"
"chr1","15759734","15759936","chrX","22552749","22552945","27","6793015"
"chr1","15760037","15760086","chr9","125344018","125344063","9","109583981"
"chr1","15765491","15765791","chr2","37645304","37645603","22","21879813"
"chr1","15774164","15774461","chr15","76937994","76938292","29","61163830"
"chr1","15779261","15779553","chr11","96213507","96213801","22","80434246"
"chr1","15782124","15782429","chr1","17758540","17758840","42","1976416"
"chr1","15787499","15787808","chr23","10753163","10753472","22","5034336"
"chr1","15801577","15801881","chr22","45965046","45965347","23","30163469"
"chr1","15802784","15803063","chr7","85161977","85162257","27","69359193"
"chr1","15827262","15827561","chr8","51933919","51934219","17","36106657"
"chr1","15830086","15830377","chr7","103829539","103829834","31","87999453"
"chr1","15835753","15836052","chr14","79851905","79852203","16","64016152"
"chr1","15839641","15839946","chr24","67143193","67143495","26","51303552"
"chr1","15847014","15847307","chr14","34287518","34287815","17","18440504"
"chr1","15854634","15854942","chr16","18135638","18135931","27","2281004"
"chr1","15859322","15859655","chr2","70354375","70354685","42","54495053"
"chr1","15944928","15945239","chr19","5950837","5951138","32","9994091"
"chr1","16134288","16134579","chr5","60131168","60131464","28","43996880"
"chr1","16142785","16143091","chr27","30509416","30509723","24","14366631"
"chr1","16210322","16210627","chrX","48457661","48457968","31","32247339"
"chr1","16211799","16212070","chr1","118383955","118384220","38","102172156"
"chr1","16228952","16229261","chr4","43768773","43769082","26","27539821"
"chr1","16252384","16252699","chr20","8171338","8171653","27","8081046"
"chr1","16258648","16258873","chr25","48070986","48071212","30","31812338"
"chr1","16264969","16265263","chr24","69347599","69347896","22","53082630"
"chr1","16266095","16266388","chr22","46238131","46238424","23","29972036"
"chr1","16269868","16270125","chr5","3372787","3373044","22","12897081"
"chr1","16287318","16287616","chr8","100702564","100702859","31","84415246"
"chr1","16290344","16290633","chr1","100045296","100045591","25","83754952"
"chr1","16294151","16294443","chr10","64026072","64026360","23","47731921"
"chr1","16296139","16296366","chr10","36767712","36767934","23","20471573"
"chr1","16301916","16302214","chr11","52111676","52111976","22","35809760"
"chr1","16304078","16304404","chr24","63583303","63583632","47","47279225"
"chr1","16304590","16304907","chr24","11200910","11201221","22","5103680"
"chr1","16317333","16317636","chr11","6402738","6403041","25","9914595"
"chr1","16325110","16325423","chr4","43768773","43769082","20","27443663"
"chr1","16332784","16333077","chr20","95508255","95508549","24","79175471"
"chr1","16364590","16364892","chr24","16426456","16426754","29","61866"
"chr1","16368611","16368910","chr6","41225282","41225583","32","24856671"
"chr1","16439829","16440012","chr20","121929137","121929311","32","105489308"
"chr1","16440177","16440209","chr20","124261761","124261781","15","107821584"
"chr1","16481941","16482251","chr10","34807894","34808195","37","18325953"
"chr1","16592226","16592393","chr2","38547567","38547737","16","21955341"
"chr1","16592394","16592697","chr18","65942641","65942944","27","49350247"
"chr1","16592698","16592746","chr6","7692735","7692780","12","8899963"
"chr1","16631473","16631783","chr1","18706723","18707032","34","2075250"
"chr1","16691245","16691553","chr14","2339009","2339313","35","14352236"
"chr1","16702734","16703051","chr18","48561265","48561577","42","31858531"
"chr1","16767372","16767675","chr12","75526492","75526797","29","58759120"
"chr1","16770359","16770630","chr14","98609359","98609639","35","81839000"
"chr1","16838163","16838464","chr4","35067821","35068122","18","18229658"
"chr1","16839283","16839617","chr20","115581190","115581502","52","98741907"
"chr1","16888336","16888635","chr20","40686269","40686567","28","23797933"
"chr1","16941942","16942258","chr10","69881145","69881464","34","52939203"
"chr1","16964980","16965276","chr16","9081339","9081641","22","7883641"
"chr1","16972219","16972520","chr14","34287518","34287815","23","17315299"
"chr1","16989131","16989444","chr9","89951527","89951831","35","72962396"
"chr1","17010709","17011019","chr24","69802583","69802893","23","52791874"
"chr1","17021630","17021936","chr5","72653231","72653537","26","55631601"
"chr1","17065678","17065956","chr12","12837786","12838073","40","4227892"
"chr1","17086958","17087041","chr20","115339350","115339428","20","98252392"
"chr1","17117579","17117892","chr14","29274671","29274977","24","12157092"
"chr1","17131451","17131752","chr6","8034716","8035019","29","9096735"
"chr1","17137392","17137685","chr7","24428878","24429170","24","7291486"
"chr1","17158963","17159251","chr9","8026350","8026643","27","9132613"
"chr1","17222533","17222905","chr20","95418042","95418402","74","78195509"
"chr1","17230017","17230290","chr24","15514107","15514380","33","1715910"
"chr1","17237099","17237385","chr11","369887","370167","43","16867212"
"chr1","17302685","17302986","chr2","30209183","30209481","28","12906498"
"chr1","17305125","17305424","chr15","85095055","85095353","19","67789930"
"chr1","17311141","17311451","chr9","28484452","28484761","28","11173311"
"chr1","17312133","17312431","chrX","63529087","63529385","18","46216954"
"chr1","17314373","17314675","chr22","25099330","25099631","20","7784957"
"chr1","17342868","17343170","chr18","70474235","70474538","10","53131367"
"chr1","17345064","17345368","chr8","103414295","103414596","27","86069231"
"chr1","17481637","17481938","chr16","1458964","1459263","26","16022673"
"chr1","17548184","17548493","chr11","102925846","102926154","11","85377662"
"chr1","17549970","17550274","chr5","38793796","38794099","27","21243826"
"chr1","17554451","17554698","chr8","131653770","131654019","26","114099319"
"chr1","17593754","17594066","chr26","50026606","50026916","25","32432852"
"chr1","17685377","17685649","chr9","82998835","82999105","25","65313458"
"chr1","17703460","17703766","chr14","15541275","15541581","22","2162185"
"chr1","17769268","17769566","chr14","34287518","34287815","24","16518250"
"chr1","17801260","17801562","chr11","32127605","32127906","28","14326345"
"chr1","17803329","17803624","chr11","4137618","4137913","27","13665711"
"chr1","17866369","17866675","chr15","5877646","5877953","18","11988723"
"chr1","17896801","17897116","chr5","27854126","27854435","30","9957325"
"chr1","18003120","18003422","chr12","13524745","13525046","21","4478375"
"chr1","18028002","18028309","chr12","1746269","1746569","29","16281733"
"chr1","18063449","18063743","chr6","5865902","5866193","27","12197547"
"chr1","18107067","18107367","chr2","74731372","74731668","29","56624305"
"chr1","18150599","18150906","chr7","111187921","111188224","29","93037322"
"chr1","18366083","18366384","chrX","66398648","66398949","23","48032565"
"chr1","18375129","18375394","chr8","34798866","34799131","29","16423737"
"chr1","18379536","18379828","chr11","4137618","4137913","29","14241918"
"chr1","18401327","18401630","chr12","52444612","52444915","18","34043285"
"chr1","18420078","18420299","chr21","68724121","68724339","14","50304043"
"chr1","18446269","18446561","chr5","57563262","57563558","25","39116993"
"chr1","18568000","18568310","chr4","43768773","43769082","18","25200773"
"chr1","18625017","18625285","chr23","2694236","2694503","21","15930781"
"chr1","18639886","18640187","chr20","7395104","7395407","26","11244782"
"chr1","18651570","18651890","chr1","44591702","44592015","30","25940132"
"chr1","18657117","18657440","chr14","60423301","60423629","44","41766184"
"chr1","18753572","18753869","chr22","60884786","60885081","22","42131214"
"chr1","18832031","18832351","chr1","19532738","19533058","29","700707"
"chr1","19042878","19043174","chrX","125309099","125309391","19","106266221"
"chr1","19046781","19047077","chrX","125309099","125309391","19","106262318"
"chr1","19080796","19081087","chr3","73562316","73562601","34","54481520"
"chr1","19093973","19094273","chr1","110354503","110354804","27","91260530"
"chr1","19102485","19102770","chr7","12248798","12249086","52","6853687"
"chr1","19121501","19121813","chrX","50151290","50151597","25","31029789"
"chr1","19147449","19147745","chr20","23819928","23820224","21","4672479"
"chr1","19150853","19151163","chr14","55790748","55791055","28","36639895"
"chr1","19157329","19157633","chr6","42553887","42554192","20","23396558"
"chr1","19173764","19174088","chr27","33485638","33485965","29","14311874"
"chr1","19195081","19195381","chr9","85258504","85258803","24","66063423"
"chr1","19242933","19243262","chr2","32333612","32333914","40","13090679"
"chr1","19269633","19269920","chr7","126801484","126801775","35","107531851"
"chr1","19302680","19302918","chr9","31672417","31672665","32","12369737"
"chr1","19311621","19311959","chr18","62725110","62725440","48","43413489"
"chr1","19321024","19321335","chr18","70198512","70198819","26","50877488"
"chr1","19342366","19342682","chr4","43768773","43769082","21","24426407"
"chr1","19344486","19344766","chr9","9477021","9477298","28","9867465"
"chr1","19351749","19352063","chr26","50026606","50026916","27","30674857"
"chr1","19352863","19353168","chr2","34759419","34759727","24","15406556"
"chr1","19367781","19368070","chr10","27281293","27281584","21","7913512"
"chr1","19369869","19370179","chr20","97157903","97158213","23","77788034"
"chr1","19381284","19381564","chr7","69021466","69021758","35","49640182"
"chr1","19388339","19388643","chr17","56577339","56577643","24","37189000"
"chr1","19393939","19394213","chr6","40599775","40600061","31","21205836"
"chr1","19436304","19436566","chr12","30356766","30357025","24","10920462"
"chr1","19449530","19449839","chr6","46952208","46952514","20","27502678"
"chr1","19495547","19495855","chr9","13642288","13642601","42","5853259"
"chr1","19497995","19498126","chr1","69054290","69054421","7","49556295"
"chr1","19520804","19521114","chr6","29147013","29147319","27","9626209"
"chr1","19536379","19536681","chr18","70474235","70474538","17","50937856"
"chr1","19568249","19568553","chr23","75664965","75665259","40","56096716"
"chr1","19573395","19573689","chr1","52641750","52642041","26","33068355"
"chr1","19585524","19585826","chr9","102584212","102584514","29","82998688"
"chr1","19588548","19588854","chrX","90866976","90867275","25","71278428"
"chr1","19632176","19632476","chr23","37123334","37123633","21","17491158"
"chr1","19637303","19637597","chr5","1770777","1771067","21","17866526"
"chr1","19668700","19669004","chr5","17431207","17431512","17","2237493"
"chr1","19712761","19713052","chr20","105005039","105005330","27","85292278"
"chr1","19723918","19724220","chr11","19003503","19003805","27","720415"
"chr1","19760983","19761243","chr18","1163888","1164148","14","18597095"
"chr1","19771869","19772175","chr18","70198512","70198819","20","50426643"
"chr1","19792605","19792894","chr20","124647905","124648193","22","104855300"
"chr1","19807825","19808133","chr14","5074594","5074902","16","14733231"
"chr1","19809899","19810210","chr20","108606354","108606665","15","88796455"
"chr1","19830515","19830814","chr26","50022930","50023229","49","30192415"
"chr1","19851829","19852140","chr14","87110493","87110797","34","67258664"
"chr1","19876711","19877004","chr16","34669596","34669902","35","14792885"
"chr1","19916865","19917159","chr20","7454682","7454975","23","12462183"
"chr1","19990454","19990742","chr2","1238057","1238344","28","18752397"
"chr1","20001408","20001683","chr8","34878359","34878638","23","14876951"
"chr1","20042689","20042999","chr24","69802583","69802893","17","49759894"
"chr1","20089184","20089250","chr24","40111061","40111120","11","20021877"
"chr1","20102654","20102963","chr2","61059652","61059961","27","40956998"
"chr1","20136483","20136787","chr1","45698516","45698821","29","25562033"
"chr1","20173883","20174186","chr15","89363949","89364249","25","69190066"
"chr1","20360738","20361032","chr22","53394147","53394444","24","33033409"
"chr1","20427347","20427646","chr3","56695931","56696226","23","36268584"
"chr1","20440062","20440375","chr1","110611968","110612276","28","90171906"
"chr1","20449798","20450111","chr2","60920331","60920642","29","40470533"
"chr1","20450295","20450603","chr16","10143053","10143357","23","10307242"
"chr1","20474030","20474340","chr6","24902719","24903028","26","4428689"
"chr1","20483841","20484122","chr3","75758059","75758341","19","55274218"
"chr1","20484705","20484986","chr3","75758059","75758341","19","55273354"
"chr1","20487312","20487613","chr6","46475123","46475422","17","25987811"
"chr1","20494800","20495109","chr8","34671983","34672290","24","14177183"
"chr1","20500936","20501227","chr2","19163859","19164145","41","1337077"
"chr1","20509133","20509420","chr11","4653304","4653594","25","15855829"
"chr1","20514066","20514358","chr21","104069411","104069702","20","83555345"
"chr1","20526841","20527147","chr13","46524823","46525129","26","25997982"
"chr1","20540271","20540582","chr17","29238088","29238399","25","8697817"
"chr1","20551751","20552037","chr3","3780360","3780638","28","16771391"
"chr1","20556539","20556851","chr14","1219401","1219712","34","19337138"
"chr1","20572799","20573105","chr9","109817732","109818034","20","89244933"
"chr1","20574038","20574319","chr20","111884298","111884580","21","91310260"
"chr1","20585579","20585895","chrX","28106900","28107210","30","7521321"
"chr1","20592753","20593067","chr28","1568929","1569243","27","19023824"
"chr1","20595402","20595697","chr10","1528654","1528948","18","19066748"
"chr1","20617396","20617691","chr11","16272912","16273208","22","4344484"
"chr1","20653027","20653340","chr3","622768","623070","42","20030259"
"chr1","20675254","20675316","chr1","117425896","117425962","14","96750642"
"chr1","20679511","20679805","chr20","97040659","97040953","22","76361148"
"chr1","20695824","20696132","chr18","69966885","69967195","19","49271061"
"chr1","20707978","20708292","chr9","28484452","28484761","29","7776474"
"chr1","20719917","20720210","chr1","69634373","69634666","23","48914456"
"chr1","20742618","20742926","chr23","4550286","4550594","29","16192332"
"chr1","20754102","20754410","chr5","25171561","25171867","20","4417459"
"chr1","20788664","20788972","chr10","113755030","113755336","34","92966366"
"chr1","20799225","20799522","chr13","7774899","7775198","20","13024326"
"chr1","20801629","20801904","chr13","18868005","18868275","28","1933624"
"chr1","20865393","20865681","chr20","111579022","111579310","25","90713629"
"chr1","20872060","20872278","chr2","90065445","90065654","25","69193385"
"chr1","20902832","20903138","chr3","27651652","27651958","20","6748820"
"chr1","20969086","20969381","chr4","73521243","73521539","17","52552157"
"chr1","21044795","21045086","chr16","60941414","60941705","28","39896619"
"chr1","21047147","21047444","chr21","27480088","27480383","26","6432941"
"chr1","21049954","21050261","chr11","102925846","102926154","23","81875892"
"chr1","21071680","21071955","chr1","28532987","28533262","29","7461307"
"chr1","21085697","21086006","chr3","4770063","4770365","25","16315634"
"chr1","21086007","21086302","chr16","23234194","23234489","25","2148187"
"chr1","21091769","21092044","chr1","28532987","28533262","29","7441218"
"chr1","21098429","21098753","chr2","17053531","17053848","31","4044898"
"chr1","21110108","21110430","chr14","2916540","2916867","30","18193568"
"chr1","21110494","21110805","chr9","59060190","59060496","24","37949696"
"chr1","21125508","21125607","chr1","14028530","14028631","12","7096978"
"chr1","21127452","21127551","chr1","14028530","14028631","12","7098922"
"chr1","21127827","21128079","chr14","14928923","14929175","27","6198904"
"chr1","21133160","21133437","chr22","59324673","59324950","28","38191513"
"chr1","21133986","21134278","chr11","4137618","4137913","18","16996368"
"chr1","21170389","21170740","chr14","98633210","98633561","45","77462821"
"chr1","21237757","21238056","chr19","29410530","29410829","21","8172773"
"chr1","21243460","21243775","chr5","27854126","27854435","26","6610666"
"chr1","21280985","21281264","chrX","84398242","84398519","26","63117257"
"chr1","21302253","21302543","chr17","36259353","36259638","37","14957100"
"chr1","21303006","21303287","chr3","3780360","3780638","22","17522646"
"chr1","21304849","21305149","chr15","86014629","86014929","28","64709780"
"chr1","21310372","21310660","chr4","57877513","57877802","22","36567141"
"chr1","21312247","21312545","chr6","10934378","10934670","23","10377869"
"chr1","21324231","21324495","chr3","3342213","3342473","30","17982018"
"chr1","21330253","21330562","chr12","80231327","80231637","34","58901074"
"chr1","21330571","21330679","chr16","19369052","19369160","15","1961519"
"chr1","21330716","21330800","chr10","97926349","97926445","17","76595633"
"chr1","21336700","21336970","chr1","24993942","24994224","26","3657242"
"chr1","21345611","21345912","chr9","108457976","108458271","27","87112365"
"chr1","21417947","21418175","chr10","2429051","2429284","29","18988896"
"chr1","21448691","21448990","chr12","7661556","7661856","24","13787135"
"chr1","21485318","21485617","chr16","34445799","34446093","22","12960481"
"chr1","21518842","21519146","chr3","86190510","86190814","25","64671668"
"chr1","21534471","21534780","chr12","17959255","17959566","28","3575216"
"chr1","21543690","21544005","chr12","39209419","39209728","24","17665729"
"chr1","21545763","21546060","chrUn_AQIB01158570v1","1177","1474","18","21544586"
"chr1","21548005","21548136","chr1","7750680","7750811","10","13797325"
"chr1","21660987","21661296","chr29","17274173","17274483","23","4386814"
"chr1","21680419","21680698","chr13","25896701","25896994","30","4216282"
"chr1","21732003","21732303","chr6","13151516","13151815","27","8580487"
"chr1","21736432","21736729","chrX","63529087","63529385","21","41792655"
"chr1","21748896","21749206","chr18","36855771","36856078","25","15106875"
"chr1","21764517","21764816","chrX","90866976","90867275","28","69102459"
"chr1","21768744","21769041","chr5","27013812","27014113","26","5245068"
"chr1","21769216","21769513","chr5","27013812","27014113","26","5244596"
"chr1","21773870","21774179","chr13","46524823","46525129","26","24750953"
"chr1","21776713","21776993","chr7","3341547","3341828","24","18435166"
"chr1","21806809","21807109","chr20","121487917","121488214","32","99681108"
"chr1","21819962","21820276","chr5","27629419","27629730","25","5809457"
"chr1","21826967","21827261","chr10","34293905","34294207","35","12466938"
"chr1","21829560","21829861","chr9","85258504","85258803","25","63428944"
"chr1","21882426","21882740","chr19","18712315","18712626","32","3170111"
"chr1","21902029","21902321","chr28","8238972","8239264","27","13663057"
"chr1","21910287","21910589","chr28","5147181","5147476","30","16763106"
"chr1","21932097","21932411","chr18","36855771","36856078","27","14923674"
"chr1","21936535","21936827","chr4","83617329","83617621","24","61680794"
"chr1","21956532","21956832","chr6","7403635","7403943","54","14552897"
"chr1","21957479","21957727","chr29","2763342","2763586","28","19194137"
"chr1","21983090","21983381","chr25","67147844","67148137","26","45164754"
"chr1","21983693","21984002","chr11","117987119","117987423","28","96003426"
"chr1","21987751","21988055","chr1","1031116","1031418","39","20956635"
"chr1","21997625","21997937","chr6","37887222","37887529","30","15889597"
"chr1","22007556","22007823","chr15","35043972","35044234","31","13036416"
"chr1","22007909","22008192","chr7","86089182","86089465","32","64081273"
"chr1","22015014","22015308","chr24","48105829","48106126","20","26090815"
"chr1","22018423","22018725","chr24","82749658","82749958","26","60731235"
"chr1","22028993","22029293","chr2","37645304","37645603","18","15616311"
"chr1","22048428","22048728","chr11","91256271","91256569","28","69207843"
"chr1","22051167","22051464","chr17","54906580","54906875","26","32855413"
"chr1","22052213","22052507","chr2","32763299","32763594","25","10711086"
"chr1","22072944","22073243","chr9","85258504","85258803","24","63185560"
"chr1","22088458","22088757","chrX","14501983","14502281","23","7586475"
"chr1","22106293","22106602","chr13","46524823","46525129","23","24418530"
"chr1","22137234","22137560","chr24","33582206","33582520","39","11444972"
"chr1","22153893","22154177","chr7","86199564","86199846","27","64045671"
"chr1","22162720","22162806","chr10","97926349","97926445","12","75763629"
"chr1","22175124","22175427","chr1","38296102","38296405","24","16120978"
"chr1","22188280","22188573","chr6","45440262","45440556","23","23251982"
"chr1","22287106","22287404","chrX","117846689","117846990","24","95559583"
"chr1","22327364","22327676","chr2","49078981","49079290","32","26751617"
"chr1","22369981","22370276","chr16","18135638","18135931","24","4234343"
"chr1","22458793","22459090","chr2","37645304","37645603","27","15186511"
"chr1","22464201","22464332","chr1","69054290","69054421","6","46590089"
"chr1","22466456","22466763","chr8","71943221","71943517","28","49476765"
"chr1","22497169","22497433","chr8","124182240","124182497","26","101685071"
"chr1","22506648","22506960","chr9","113500326","113500634","22","90993678"
"chr1","22557077","22557371","chr22","46238131","46238424","19","23681054"
"chr1","22775783","22776089","chr4","28948301","28948603","19","6172518"
"chr1","22832459","22832773","chr17","2616003","2616312","31","20216456"
"chr1","22846874","22847141","chr26","35645175","35645443","24","12798301"
"chr1","22941709","22942005","chrX","20324717","20325019","28","2616992"
"chr1","22946519","22946838","chr3","76981812","76982126","34","54035293"
"chr1","22974326","22974645","chr7","130462353","130462669","29","107488027"
"chr1","22987596","22987729","chr12","64347013","64347144","10","41359417"
"chr1","23003586","23003737","chr5","59880530","59880675","16","36876944"
"chr1","23003738","23004050","chr3","56578781","56579090","23","33575043"
"chr1","23004051","23004215","chr25","55176849","55177011","19","32172798"
"chr1","23014984","23015271","chr24","45875038","45875322","20","22860054"
"chr1","23078765","23079061","chr20","125091358","125091651","25","102012593"
"chr1","23135461","23135748","chr11","711590","711876","12","22423871"
"chr1","23135915","23136222","chr6","42448189","42448497","28","19312274"
"chr1","23145028","23145325","chr11","96213507","96213801","25","73068479"
"chr1","23157215","23157498","chr16","19325894","19326178","21","3831321"
"chr1","23164914","23165203","chr13","55179249","55179524","33","32014335"
"chr1","23169423","23169716","chr1","623400","623692","19","22546023"
"chr1","23172802","23173010","chr23","82368046","82368251","20","59195244"
"chr1","23174583","23174876","chr6","10934378","10934670","20","12240205"
"chr1","23192610","23192905","chr22","46238131","46238424","24","23045521"
"chr1","23217912","23218206","chr20","89037674","89037968","18","65819762"
"chr1","23243927","23244238","chr10","61519067","61519378","19","38275140"
"chr1","23252779","23253091","chr19","1367058","1367371","24","21885721"
"chr1","23269267","23269379","chr11","24362537","24362653","9","1093270"
"chr1","23270095","23270387","chr1","11315149","11315440","25","11954946"
"chr1","23271186","23271502","chr14","14307500","14307814","37","8963686"
"chr1","23272489","23272795","chr10","104778013","104778320","24","81505524"
"chr1","23274236","23274532","chr2","80080716","80081011","23","56806480"
"chr1","23278831","23279143","chr1","55816538","55816848","26","32537707"
"chr1","23282188","23282488","chr11","4137618","4137913","21","19144570"
"chr1","23297643","23297937","chr1","69634373","69634666","22","46336730"
"chr1","23322890","23323193","chr11","52312992","52313295","26","28990102"
"chr1","23337776","23338067","chr15","8778501","8778794","27","14559275"
"chr1","23344875","23345181","chr4","21469572","21469872","27","1875303"
"chr1","23345451","23345748","chr16","73453651","73453948","19","50108200"
"chr1","23354909","23355225","chr20","93556960","93557276","28","70202051"
"chr1","23355606","23355903","chr8","69368992","69369289","19","46013386"
"chr1","23356662","23356969","chr2","49078981","49079290","26","25722319"
"chr1","23357719","23358008","chr19","11587676","11587967","38","11770043"
"chr1","23367007","23367202","chr15","67085079","67085268","27","43718072"
"chr1","23367258","23367375","chr9","99782073","99782190","8","76414815"
"chr1","23367379","23367678","chr9","85258504","85258803","18","61891125"
"chr1","23373265","23373563","chrX","116925634","116925926","31","93552369"
"chr1","23385455","23385766","chr5","62014376","62014684","32","38628921"
"chr1","23395393","23395724","chr7","50215617","50215938","37","26820224"
"chr1","23403462","23403767","chr22","8648269","8648575","24","14755193"
"chr1","23407180","23407472","chr12","5094170","5094465","23","18313010"
"chr1","23447138","23447442","chr19","5950837","5951138","24","17496301"
"chr1","23462200","23462543","chr11","596147","596481","40","22866053"
"chr1","23484504","23484809","chr19","5950837","5951138","19","17533667"
"chr1","23500801","23501110","chr13","53550630","53550940","31","30049829"
"chr1","23515120","23515425","chr5","44310910","44311214","23","20795790"
"chr1","23520055","23520354","chr27","42960882","42961182","16","19440827"
"chr1","23526023","23526338","chr5","39275910","39276210","38","15749887"
"chr1","23564738","23564976","chr2","58592873","58593109","24","35028135"
"chr1","23570630","23570930","chr12","57567542","57567839","27","33996912"
"chr1","23572680","23572994","chr19","29285558","29285866","35","5712878"
"chr1","23577353","23577662","chr4","6941677","6941981","35","16635676"
"chr1","23591287","23591593","chr16","72291634","72291938","28","48700347"
"chr1","23603985","23604280","chr18","58890217","58890510","22","35286232"
"chr1","23606134","23606437","chr9","62102014","62102320","27","38495880"
"chr1","23652266","23652558","chr15","62003943","62004238","32","38351677"
"chr1","23652584","23652687","chr6","17841971","17842075","7","5810613"
"chr1","23655773","23656055","chr13","97611571","97611844","39","73955798"
"chr1","23661037","23661335","chr14","34287518","34287815","21","10626481"
"chr1","23664324","23664608","chr20","72721846","72722126","27","49057522"
"chr1","23669776","23670098","chr10","50928059","50928376","38","27258283"
"chr1","23679843","23680135","chr14","34287518","34287815","27","10607675"
"chr1","23689959","23690257","chrX","14501983","14502281","24","9187976"
"chr1","23693271","23693587","chr13","56364600","56364920","32","32671329"
"chr1","23706870","23707199","chr1","24075457","24075785","32","368587"
"chr1","23714700","23714811","chr13","29498597","29498691","33","5783897"
"chr1","23715026","23715262","chr20_KE148049v1_random","955205","955500","74","22759821"
"chr1","23721789","23722081","chr11","14468652","14468945","31","9253137"
"chr1","23726344","23726646","chr23","71343006","71343304","24","47616662"
"chr1","23731510","23731813","chr11","403454","403751","26","23328056"
"chr1","23733281","23733589","chr10","10367254","10367561","20","13366027"
"chr1","23737307","23737611","chr2","32333612","32333914","23","8596305"
"chr1","23748981","23749133","chr6","39223316","39223463","16","15474335"
"chr1","23759901","23760226","chr5","28445252","28445574","40","4685351"
"chr1","23763938","23764211","chr5","5574730","5575002","23","18189208"
"chr1","23773835","23774149","chr3","7753232","7753537","29","16020603"
"chr1","23781203","23781480","chr18","42659570","42659845","26","18878367"
"chr1","23804606","23804868","chr5","17612826","17613097","33","6191780"
"chr1","23805689","23806005","chr17","36102263","36102580","24","12296574"
"chr1","23830425","23830538","chr11","32726998","32727113","39","8896573"
"chr1","23830796","23830998","chr2","3766602","3766769","70","20064194"
"chr1","23878581","23878873","chr4","88317009","88317297","25","64438428"
"chr1","23880833","23881115","chr6","4452507","4452788","22","19428326"
"chr1","23881216","23881499","chr2","41626434","41626719","19","17745218"
"chr1","23897468","23897783","chr12","103561828","103562137","24","79664360"
"chr1","23903489","23903780","chr7","127331646","127331940","34","103428157"
"chr1","23937043","23937348","chr17","1937117","1937418","32","21999926"
"chr1","23938822","23939119","chr2","37645304","37645603","19","13706482"
"chr1","23945642","23945950","chr6","10875375","10875682","36","13070267"
"chr1","23947295","23947607","chr10","41217291","41217602","22","17269996"
