"chr1","6291420","6291563","chr16","3027867","3028009","36","3263553"
"chr1","47185886","47186182","chr20","86229375","86229685","41","39043489"
"chr1","62914281","62914577","chr12","9899971","9900249","56","53014310"
"chr1","173014926","173015227","chr25","35863083","35863388","52","137151843"
"chr1","174063554","174063626","chr25","34821551","34821622","11","139242003"
"chr1","4587504","4587795","chr28","9356571","9356864","35","4769067"
"chr1","11010040","11010344","chr20","120500736","120501040","28","109490696"
"chr1","11272064","11272365","chr10","57397876","57398180","34","46125812"
"chr1","11665146","11665449","chr1","7303277","7303568","39","4361869"
"chr1","25952167","25952472","chr20","106917283","106917573","46","80965116"
"chr1","27918141","27918433","chr8","84422104","84422388","27","56503963"
"chr1","39583601","39583894","chr20","93668252","93668546","29","54084651"
"chr1","40370058","40370353","chr14","74039242","74039538","34","33669184"
"chr1","53083904","53084204","chr20","80451205","80451505","32","27367301"
"chr1","94633913","94634209","chr10","91995339","91995634","32","2638574"
"chr1","111280111","111280407","chr6","30489681","30489976","34","80790430"
"chr1","114425824","114426142","chr7","67185607","67185916","38","47240217"
"chr1","129761078","129761384","chr9","86282556","86282859","29","43478522"
"chr1","134872892","134873195","chr19","33250679","33250980","39","101622213"
"chr1","157810550","157810859","chr25","50662294","50662615","37","107148256"
"chr1","179568514","179568795","chr25","29455464","29455737","35","150113050"
"chr1","215089150","215089457","chr6","33268405","33268716","40","181820745"
"chr1","67437","67631","chrX","43754438","43754637","24","43687001"
"chr1","85508","85652","chr13","59858737","59858882","23","59773229"
"chr1","220494","220605","chr16","29634059","29634170","19","29413565"
"chr1","338796","338940","chr13","59858737","59858882","23","59519941"
"chr1","465487","465759","chr8","36523507","36523787","45","36058020"
"chr1","491938","492210","chr8","36523507","36523787","44","36031569"
"chr1","621529","621610","chr2","86794849","86794933","19","86173320"
"chr1","628118","628383","chr16","63272153","63272418","31","62644035"
"chr1","640689","640852","chr6","43648929","43649092","23","43008240"
"chr1","641226","641344","chr13","66677743","66677864","20","66036517"
"chr1","645472","645782","chr20","130422480","130422782","30","129777008"
"chr1","780032","780340","chr20","81017821","81018124","39","80237789"
"chr1","800735","801028","chr25","55368727","55369020","34","54567992"
"chr1","814227","814336","chr7","35822052","35822161","11","35007825"
"chr1","814450","814637","chr12","923624","923813","31","109174"
"chr1","820919","821152","chr19","1422056","1422291","30","601137"
"chr1","821178","821261","chr6","46056157","46056242","11","45234979"
"chr1","842404","842459","chr28","6442808","6442860","5","5600404"
"chr1","854906","855198","chr20","64505876","64506162","93","63650970"
"chr1","900300","900594","chr2","24713479","24713772","33","23813179"
"chr1","913406","913541","chr6","43841116","43841251","14","42927710"
"chr1","913542","913808","chr20","130183879","130184142","28","129270337"
"chr1","915175","915404","chr17","1850459","1850693","43","935284"
"chr1","925834","926125","chr20","130167006","130167304","33","129241172"
"chr1","927147","927442","chr20","130165990","130166290","39","129238843"
"chr1","965642","965942","chr12","7411519","7411822","35","6445877"
"chr1","1016435","1016722","chr9","53154242","53154529","35","52137807"
"chr1","1018597","1018898","chrX","8617932","8618230","32","7599335"
"chr1","1027150","1027463","chr20","130072610","130072901","43","129045460"
"chr1","1027980","1028290","chr20","130071532","130071829","45","129043552"
"chr1","1029861","1030142","chr21","18319254","18319546","33","17289393"
"chr1","1035508","1035798","chr3","24214729","24215009","76","23179221"
"chr1","1040491","1040781","chr3","24214729","24215009","76","23174238"
"chr1","1045506","1045797","chr3","1147995","1148288","35","102489"
"chr1","1046125","1046418","chr1","21672665","21672957","33","20626540"
"chr1","1055502","1055799","chr8","138498723","138499017","49","137443221"
"chr1","1075336","1075649","chr14","33498891","33499194","50","32423555"
"chr1","1095012","1095289","chr16","2989524","2989806","41","1894512"
"chr1","1097106","1097248","chr16","49081952","49082094","25","47984846"
"chr1","1120600","1120808","chrUn_KE147739v1","3939","4147","17","1116661"
"chr1","1140581","1140778","chr6","30487390","30487585","32","29346809"
"chr1","1144884","1144993","chr4","44258543","44258654","16","43113659"
"chr1","1149260","1149397","chr11","7861045","7861181","26","6711785"
"chr1","1149698","1149780","chr6","6487838","6487918","26","5338140"
"chr1","1182867","1183170","chr14","81717605","81717914","55","80534738"
"chr1","1185411","1185514","chr20","129986233","129986336","8","128800822"
"chr1","1187543","1187750","chr6","42893575","42893785","45","41706032"
"chr1","1187754","1187951","chr15","76662636","76662838","47","75474882"
"chr1","1218534","1218824","chr11","44642878","44643161","48","43424344"
"chr1","1231590","1231884","chr20","129938387","129938682","18","128706797"
"chr1","1232007","1232303","chr8","36957765","36958072","46","35725758"
"chr1","1233618","1233768","chr20","129936508","129936656","16","128702890"
"chr1","1234074","1234204","chr20","129936084","129936213","10","128702010"
"chr1","1237552","1237840","chr1","87708398","87708680","45","86470846"
"chr1","1242668","1242980","chr9","90939704","90940013","33","89697036"
"chr1","1259230","1259395","chr13","84633135","84633300","27","83373905"
"chr1","1265317","1265616","chr6","18888282","18888580","32","17622965"
"chr1","1266297","1266608","chr16","44712537","44712846","34","43446240"
"chr1","1324676","1324800","chr6","35268283","35268408","17","33943607"
"chr1","1324836","1325008","chr2","16455632","16455805","27","15130796"
"chr1","1325421","1325623","chr28","12506519","12506685","70","11181098"
"chr1","1325931","1326059","chr2","56080110","56080236","21","54754179"
"chr1","1337978","1338273","chr29","21947168","21947463","40","20609190"
"chr1","1352666","1352862","chr3","54442550","54442746","45","53089884"
"chr1","1353176","1353286","chr16","33997447","33997558","20","32644271"
"chr1","1356930","1357099","chr15","3628112","3628276","24","2271182"
"chr1","1357590","1357862","chr5","15234874","15235143","50","13877284"
"chr1","1358381","1358670","chr21_KE148062v1_random","55472","55745","68","1302909"
"chr1","1365641","1365945","chr20","129806935","129807235","47","128441294"
"chr1","1375593","1375893","chr20","129866695","129866990","35","128491102"
"chr1","1387436","1387732","chr25","74493866","74494161","35","73106430"
"chr1","1400429","1400546","chr14","64692087","64692206","14","63291658"
"chr1","1407031","1407153","chr1","10035310","10035431","14","8628279"
"chr1","1409356","1409651","chr20","13396371","13396667","32","11987015"
"chr1","1431332","1431642","chr24","54649581","54649887","33","53218249"
"chr1","1432621","1432907","chr1","48383434","48383722","34","46950813"
"chr1","1448576","1448855","chr22","2413456","2413741","40","964880"
"chr1","1451166","1451331","chr2","18057194","18057363","22","16606028"
"chr1","1468070","1468362","chr20","129746146","129746449","35","128278076"
"chr1","1471894","1472190","chr20","129742246","129742540","28","128270352"
"chr1","1473705","1473986","chr12","100361919","100362200","34","98888214"
"chr1","1485568","1485881","chr20","129727426","129727737","27","128241858"
"chr1","1486214","1486507","chr20","129726788","129727085","26","128240574"
"chr1","1491745","1492050","chr23","45732522","45732821","46","44240777"
"chr1","1498187","1498500","chr20","129727426","129727737","29","128229239"
"chr1","1498833","1499125","chr20","129726788","129727085","34","128227955"
"chr1","1500660","1500950","chr20","129715362","129715652","22","128214702"
"chr1","1506335","1506603","chr14","58562058","58562326","47","57055723"
"chr1","1509346","1509650","chr20","129706124","129706447","47","128196778"
"chr1","1510990","1511268","chr19","12415675","12415954","41","10904685"
"chr1","1511815","1511938","chr6","1210535","1210659","20","301280"
"chr1","1513636","1513758","chr3","9395795","9395914","17","7882159"
"chr1","1514068","1514258","chr6","15599161","15599359","36","14085093"
"chr1","1540162","1540345","chr17","38709301","38709479","32","37169139"
"chr1","1540935","1541032","chr1","17672385","17672484","15","16131450"
"chr1","1543282","1543416","chr6","17749803","17749932","20","16206521"
"chr1","1543918","1544216","chr20","129670684","129670984","32","128126766"
"chr1","1573805","1574089","chr16","2064803","2065086","43","490998"
"chr1","1574520","1574814","chr11","46407865","46408161","35","44833345"
"chr1","1574898","1575193","chrX","49302443","49302736","39","47727545"
"chr1","1606512","1606578","chr1","30900589","30900655","6","29294077"
"chr1","1646558","1646858","chr28","8484213","8484506","31","6837655"
"chr1","1650533","1650835","chr11","52522378","52522676","35","50871845"
"chr1","1663246","1663550","chr11","117814351","117814650","43","116151105"
"chr1","1675382","1675687","chr20","129561138","129561446","40","127885756"
"chr1","1677532","1677667","chr14","75150832","75150967","12","73473300"
"chr1","1684684","1684961","chr20","129552959","129553238","22","127868275"
"chr1","1691857","1692006","chr11","106888790","106888933","17","105196933"
"chr1","1719100","1719316","chr27","48195937","48196153","26","46476837"
"chr1","1736652","1736810","chr20","129504360","129504525","23","127767708"
"chr1","1737105","1737240","chr20","106300454","106300588","12","104563349"
"chr1","1745252","1745501","chr20","129493588","129493837","32","127748336"
"chr1","1755654","1755956","chr11","47707174","47707474","34","45951520"
"chr1","1796141","1796449","chr20","129441517","129441823","28","127645376"
"chr1","1799041","1799251","chr16","65439718","65439931","32","63640677"
"chr1","1806941","1807078","chr7","25640805","25640935","22","23833864"
"chr1","1827155","1827450","chr20","129404479","129404788","34","127577324"
"chr1","1842867","1843173","chr20","129386064","129386374","27","127543197"
"chr1","1846490","1846787","chr2","55973439","55973735","38","54126949"
"chr1","1865851","1866143","chr6","38650444","38650741","33","36784593"
"chr1","1875823","1876116","chr5","26644254","26644541","40","24768431"
"chr1","1891794","1892101","chr20","129334754","129335064","31","127442960"
"chr1","1893115","1893230","chr9","4059315","4059433","21","2166200"
"chr1","1893589","1893889","chr20","129333563","129333863","32","127439974"
"chr1","1898773","1899078","chr4","11142054","11142362","39","9243281"
"chr1","1920861","1921166","chr20","129306132","129306427","33","127385271"
"chr1","1926078","1926324","chrX","60561167","60561414","37","58635089"
"chr1","1927047","1927220","chr9","27852644","27852816","25","25925597"
"chr1","1936147","1936438","chr29","23982725","23983026","45","22046578"
"chr1","1940112","1940408","chr4","11332671","11332973","43","9392559"
"chr1","1960877","1961177","chr1","15497736","15498043","46","13536859"
"chr1","2037538","2037850","chr20","85500988","85501295","46","83463450"
"chr1","2039204","2039515","chr9","86282556","86282859","39","84243352"
"chr1","2064473","2064785","chr20","129174480","129174791","34","127110007"
"chr1","2068808","2069087","chrX","41476211","41476497","39","39407403"
"chr1","2088456","2088744","chr11","11967928","11968222","38","9879472"
"chr1","2089192","2089493","chr20","129141891","129142201","36","127052699"
"chr1","2237253","2237555","chr2","58579519","58579821","37","56342266"
"chr1","2246333","2246636","chr14","41847686","41847993","38","39601353"
"chr1","2248066","2248366","chr16","46446062","46446373","44","44197996"
"chr1","2264971","2265273","chr20","100063594","100063889","41","97798623"
"chr1","2317615","2317819","chr5","17087645","17087844","52","14770030"
"chr1","2574973","2575268","chr20","128807618","128807913","25","126232645"
"chr1","2659605","2659892","chr20","128721811","128722107","31","126062206"
"chr1","2717278","2717415","chr1","6722744","6722877","12","4005466"
"chr1","2717714","2717886","chr1","65053133","65053301","26","62335419"
"chr1","2799368","2799654","chr4","89227447","89227739","36","86428079"
"chr1","2854137","2854423","chr20","128537028","128537321","29","125682891"
"chr1","3063711","3064012","chr10","81011058","81011358","30","77947347"
"chr1","3090347","3090645","chr20","128305243","128305533","29","125214896"
"chr1","3152716","3153015","chr20","128241677","128241981","34","125088961"
"chr1","3195739","3196039","chrX","89547009","89547305","54","86351270"
"chr1","3370737","3371049","chr1","56627814","56628117","58","53257077"
"chr1","3381472","3381780","chrX","94752272","94752579","37","91370800"
"chr1","3409709","3409974","chr6","27878814","27879080","45","24469105"
"chr1","3505473","3505778","chr20_KE148049v1_random","1387598","1387908","38","2117875"
"chr1","3508210","3508493","chr4","65214832","65215128","50","61706622"
"chr1","3524480","3524840","chrX","43454232","43454633","106","39929752"
"chr1","3528338","3528642","chr16","30323155","30323445","46","26794817"
"chr1","3585391","3585691","chr20","127788940","127789239","17","124203549"
"chr1","3591973","3592268","chr24","80068760","80069049","40","76476787"
"chr1","3598578","3598878","chr20","127788940","127789239","19","124190362"
"chr1","3604917","3605214","chr26","24493458","24493759","28","20888541"
"chr1","3648210","3648520","chr20","127745205","127745515","25","124096995"
"chr1","3670140","3670447","chr20","127723064","127723365","28","124052924"
"chr1","3673671","3673973","chr20","127719524","127719830","28","124045853"
"chr1","3710382","3710687","chr20","127682030","127682338","34","123971648"
"chr1","3710952","3711053","chrX","85848738","85848839","11","82137786"
"chr1","3782999","3783303","chr20","127600437","127600728","47","123817438"
"chr1","3788066","3788377","chr23","62678533","62678843","38","58890467"
"chr1","3819249","3819468","chr9","25470650","25470868","35","21651401"
"chr1","3913710","3913969","chr15","6421582","6421840","33","2507872"
"chr1","3930853","3931169","chr2","27982858","27983167","42","24052005"
"chr1","3963932","3964234","chr5","53617149","53617454","41","49653217"
"chr1","4016045","4016337","chr20","100063594","100063889","33","96047549"
"chr1","4107099","4107390","chr20","127301841","127302133","27","123194742"
"chr1","4154991","4155305","chr26","21179705","21180016","36","17024714"
"chr1","4220271","4220594","chr12","32002985","32003300","51","27782714"
"chr1","4312017","4312297","chr11","93536881","93537165","45","89224864"
"chr1","4312991","4313281","chr20","127091783","127092066","40","122778792"
"chr1","4335976","4336269","chr20","100063594","100063889","29","95727618"
"chr1","4342457","4342737","chrX","116091461","116091743","36","111749004"
"chr1","4367558","4367851","chr19","2856971","2857260","32","1510587"
"chr1","4379079","4379387","chr20","127024638","127024948","27","122645559"
"chr1","4422431","4422740","chr20","126982689","126982998","35","122560258"
"chr1","4439277","4439592","chr21","124789221","124789530","40","120349944"
"chr1","4440048","4440350","chr20","126964992","126965299","28","122524944"
"chr1","4471457","4471740","chr2","33946390","33946679","38","29474933"
"chr1","4472198","4472424","chr22","33532972","33533197","43","29060774"
"chr1","4524689","4524976","chr20","126880126","126880409","21","122355437"
"chr1","4763790","4764085","chr16","52582178","52582470","36","47818388"
"chr1","4773659","4773957","chr11","115263258","115263555","35","110489599"
"chr1","4797981","4798198","chr5","58695026","58695238","27","53897045"
"chr1","4827077","4827337","chr20","126606736","126606996","22","121779659"
"chr1","4898960","4899270","chr20","126536672","126536982","22","121637712"
"chr1","4986142","4986449","chr20","126457393","126457704","35","121471251"
"chr1","5013912","5014223","chr16","73751877","73752184","38","68737965"
"chr1","5015375","5015679","chr10","83213273","83213578","41","78197898"
"chr1","5058111","5058261","chr16","917232","917382","32","4140879"
"chr1","5124913","5125208","chr14","104034166","104034463","37","98909253"
"chr1","5129350","5129643","chr20","126315469","126315764","23","121186119"
"chr1","5138440","5138791","chr5","25689155","25689476","75","20550715"
"chr1","5310344","5310647","chr7","50458395","50458700","32","45148051"
"chr1","5331522","5331768","chr19","8108549","8108801","32","2777027"
"chr1","5338378","5338668","chr16","2406812","2407099","43","2931566"
"chr1","5347429","5347739","chr20","126117396","126117701","36","120769967"
"chr1","5354362","5354608","chr19","8108549","8108801","31","2754187"
"chr1","5373206","5373514","chr20","126088113","126088418","33","120714907"
"chr1","5396673","5396974","chr20","126065608","126065914","26","120668935"
"chr1","5397806","5397962","chr5","4487389","4487562","39","910417"
"chr1","5428014","5428176","chr9","14018802","14018959","28","8590788"
"chr1","5428327","5428447","chr1","10035310","10035431","18","4606983"
"chr1","5431419","5431594","chr11","50596776","50596945","29","45165357"
"chr1","5452599","5452738","chrX","1748744","1748874","17","3703855"
"chr1","5483125","5483434","chr1","6918683","6918989","33","1435558"
"chr1","5505643","5505946","chr12","70688206","70688501","40","65182563"
"chr1","5510835","5510941","chrX","102722763","102722862","20","97211928"
"chr1","5511555","5511740","chr6","30487390","30487585","37","24975835"
"chr1","5517408","5517704","chr12","7330365","7330662","43","1812957"
"chr1","5552971","5553282","chr20","125907869","125908171","36","120354898"
"chr1","5636885","5637100","chr15","91706551","91706766","31","86069666"
"chr1","5640637","5640763","chr7","15587173","15587300","16","9946536"
"chr1","5656371","5656655","chr20","125807619","125807904","25","120151248"
"chr1","5706233","5706527","chr20_KE148049v1_random","1144728","1145024","40","4561505"
"chr1","5711772","5712044","chr20","125774024","125774305","33","120062252"
"chr1","5717386","5717430","chr5","44024235","44024272","14","38306849"
"chr1","5717669","5717736","chr27","43967240","43967298","29","38249571"
"chr1","5732871","5733168","chr20","125751926","125752224","19","120019055"
"chr1","5758259","5758559","chr20","125729094","125729391","42","119970835"
"chr1","5800983","5801298","chr26","16000939","16001249","45","10199956"
"chr1","5804645","5804935","chr20","125682500","125682800","32","119877855"
"chr1","5836350","5836648","chr20","125613696","125613992","25","119777346"
"chr1","5840020","5840321","chr20","125610008","125610307","24","119769988"
"chr1","5848592","5848880","chr20","125600744","125601037","24","119752152"
"chr1","5853858","5854145","chr20","125595988","125596271","30","119742130"
"chr1","5866378","5866676","chr20","125582874","125583170","25","119716496"
"chr1","5871588","5871780","chr12","97087017","97087206","28","91215429"
"chr1","5902834","5902970","chr26","8072202","8072336","15","2169368"
"chr1","5903384","5903684","chr20","125547171","125547463","33","119643787"
"chr1","5905601","5905885","chr7","130407378","130407662","42","124501777"
"chr1","5907127","5907438","chr20","125543410","125543721","28","119636283"
"chr1","5914187","5914324","chr20","125536113","125536251","6","119621926"
"chr1","5914631","5914766","chr5","4276770","4276905","9","1637861"
"chr1","5924792","5925039","chr8","96288795","96289042","44","90364003"
"chr1","5927228","5927383","chr1","18069229","18069387","28","12142001"
"chr1","5937717","5937988","chr26","40356702","40356972","48","34418985"
"chr1","5940305","5940621","chr20","125511505","125511813","30","119571200"
"chr1","5947810","5947874","chr5","53496405","53496468","8","47548595"
"chr1","6008836","6009129","chr20","125440351","125440646","24","119431515"
"chr1","6035514","6035626","chr15","4119535","4119647","16","1915979"
"chr1","6057399","6057675","chr20","125327106","125327379","15","119269707"
"chr1","6071127","6071455","chr20","125313139","125313471","27","119242012"
"chr1","6099597","6099841","chr16","22033489","22033729","37","15933892"
"chr1","6099853","6100009","chr12","106512467","106512609","27","100412614"
"chr1","6100010","6100212","chr10","122586153","122586366","34","116486143"
"chr1","6100213","6100331","chr13","65928601","65928712","31","59828388"
"chr1","6119683","6120015","chr20","125263925","125264237","55","119144242"
"chr1","6123753","6124053","chr20","125259287","125259592","39","119135534"
"chr1","6155510","6155803","chr1","112521928","112522230","51","106366418"
"chr1","6157570","6157740","chr14","990805","990977","28","5166765"
"chr1","6157910","6158042","chr6","43228285","43228418","13","37070375"
"chr1","6161612","6161898","chr2","13233778","13234074","39","7072166"
"chr1","6179430","6179720","chrX","40371677","40371966","48","34192247"
"chr1","6181277","6181572","chr20","125200999","125201302","36","119019722"
"chr1","6181903","6182192","chr13","24337387","24337680","46","18155484"
"chr1","6184560","6184849","chr4","70635529","70635820","40","64450969"
"chr1","6189488","6189793","chr9","61827448","61827752","37","55637960"
"chr1","6194235","6194477","chr1","20425097","20425341","34","14230862"
"chr1","6194527","6194811","chr11","44642878","44643161","40","38448351"
"chr1","6194853","6195154","chr5","19844799","19845098","37","13649946"
"chr1","6198438","6198728","chr11","47037625","47037914","39","40839187"
"chr1","6238304","6238643","chr20","125150002","125150303","64","118911698"
"chr1","6247097","6247315","chr20","125140976","125141193","24","118893879"
"chr1","6248222","6248514","chrX","66655347","66655638","33","60407125"
"chr1","6248849","6249063","chr22","14679702","14679925","45","8430853"
"chr1","6249234","6249524","chr20","125136709","125136996","32","118887475"
"chr1","6251115","6251251","chr8","62915498","62915632","11","56664383"
"chr1","6251589","6251758","chr5","48595941","48596108","25","42344352"
"chr1","6253507","6253596","chr20","125135269","125135359","7","118881762"
"chr1","6253601","6253702","chrX","85848738","85848839","7","79595137"
"chr1","6259509","6259783","chr20","125129356","125129629","21","118869847"
"chr1","6261767","6262055","chr19","21509387","21509685","44","15247620"
"chr1","6268990","6269291","chr20","125119283","125119583","32","118850293"
"chr1","6269799","6270089","chr20","125118490","125118777","17","118848691"
"chr1","6273953","6274020","chr16","12087340","12087408","7","5813387"
"chr1","6274460","6274621","chr16","57603299","57603463","23","51328839"
"chr1","6281718","6282020","chr17","30352972","30353268","39","24071254"
"chr1","6282948","6283197","chrX","8389540","8389788","42","2106592"
"chr1","6286526","6286831","chr20","125102026","125102315","37","118815500"
"chr1","6292137","6292362","chr12","46837122","46837349","43","40544985"
"chr1","6292432","6292712","chr19","25662117","25662400","55","19369685"
"chr1","6293033","6293337","chrX","44434009","44434313","36","38140976"
"chr1","6297971","6298248","chr20","125977809","125978085","40","119679838"
"chr1","6302568","6302854","chr20","7599416","7599704","34","1296848"
"chr1","6306710","6307041","chr20","125078260","125078587","39","118771550"
"chr1","6314346","6314646","chr20","93652080","93652382","35","87337734"
"chr1","6324118","6324422","chr7","93093774","93094082","36","86769656"
"chr1","6333035","6333344","chr28","14046782","14047084","47","7713747"
"chr1","6342425","6342536","chr23","63197331","63197444","15","56854906"
"chr1","6346544","6346742","chr28","11970574","11970765","46","5624030"
"chr1","6348618","6348894","chr20","125036721","125037000","21","118688103"
"chr1","6350406","6350714","chr20","125034917","125035220","29","118684511"
"chr1","6361513","6361806","chr16","2545345","2545639","38","3816168"
"chr1","6364741","6365049","chr24","55565437","55565744","35","49200696"
"chr1","6374064","6374372","chr20","125014972","125015277","31","118640908"
"chr1","6376124","6376422","chr20","125012949","125013256","30","118636825"
"chr1","6376601","6376834","chr20","125012278","125012499","27","118635677"
"chr1","6381658","6381931","chr20","125007544","125007829","41","118625886"
"chr1","6393882","6394193","chr14","59672408","59672715","39","53278526"
"chr1","6398355","6398643","chr8","120219210","120219505","51","113820855"
"chr1","6398929","6399233","chr11","38259266","38259564","32","31860337"
"chr1","6405360","6405492","chr8","41153220","41153355","20","34747860"
"chr1","6407176","6407472","chr16","4563506","4563800","34","1843670"
"chr1","6415055","6415183","chr6","7028047","7028181","18","612992"
"chr1","6415499","6415672","chr10","10596143","10596312","25","4180644"
"chr1","6442695","6443010","chr21","4380456","4380767","45","2062239"
"chr1","6490336","6490541","chr1","83481527","83481701","49","76991191"
"chr1","6490854","6490979","chr1","7881809","7881944","27","1390955"
"chr1","6548044","6548337","chr16","30323155","30323445","38","23775111"
"chr1","6618945","6619208","chr21","74251559","74251822","43","67632614"
"chr1","6642105","6642371","chr20","74359509","74359772","37","67717404"
"chr1","6652936","6653180","chr20","124740154","124740411","20","118087218"
"chr1","6729317","6729621","chr9","29576299","29576604","38","22846982"
"chr1","6783275","6783542","chr9","97974047","97974317","36","91190772"
"chr1","6785220","6785301","chr24","69834977","69835061","11","63049757"
"chr1","6788253","6788520","chr9","97974047","97974317","36","91185794"
"chr1","6831159","6831467","chr6","42116020","42116326","42","35284861"
"chr1","6834142","6834451","chr20","124556860","124557163","32","117722718"
"chr1","6861545","6861837","chr20","85526482","85526776","26","78664937"
"chr1","6880872","6881169","chr2","12212686","12212991","36","5331814"
"chr1","6904616","6904910","chr20","124499674","124499967","27","117595058"
"chr1","6988983","6989129","chr16","48847379","48847530","26","41858396"
"chr1","7132879","7133166","chr20","124286832","124287121","27","117153953"
"chr1","7161410","7161703","chr20","92419033","92419327","30","85257623"
"chr1","7246587","7246879","chr20","124177131","124177426","26","116930544"
"chr1","7266968","7267239","chr20","124156179","124156439","31","116889211"
"chr1","7294101","7294303","chr20","124133019","124133221","10","116838918"
"chr1","7386188","7386480","chr20","124040816","124041108","23","116654628"
"chr1","7390233","7390519","chr20","124036849","124037138","31","116646616"
"chr1","7393463","7393589","chrX","20548961","20549087","15","13155498"
"chr1","7406088","7406384","chr17","30352972","30353268","35","22946884"
"chr1","7415070","7415394","chr20","124011999","124012319","24","116596929"
"chr1","7418498","7418757","chr16","30669820","30670074","42","23251322"
"chr1","7471152","7471464","chr16","45094640","45094948","36","37623488"
"chr1","7476069","7476353","chr10","127909451","127909739","42","120433382"
"chr1","7477144","7477432","chr3","70111379","70111669","35","62634235"
"chr1","7505192","7505390","chr11","2842111","2842312","30","4663081"
"chr1","7505391","7505681","chr20","123922269","123922547","28","116416878"
"chr1","7565294","7565586","chr11","46809971","46810260","34","39244677"
"chr1","7569121","7569426","chr13","78367201","78367500","44","70798080"
"chr1","7575309","7575595","chr1","7497974","7498251","52","77335"
"chr1","7576197","7576337","chr1","64790731","64790864","17","57214534"
"chr1","7576338","7576633","chr27","11884491","11884790","35","4308153"
"chr1","7576634","7576802","chr7","131641205","131641379","25","124064571"
"chr1","7577597","7577875","chr1","17258715","17258994","38","9681118"
"chr1","7584882","7585071","chr28","10113084","10113277","24","2528202"
"chr1","7586318","7586617","chr20","123844077","123844376","29","116257759"
"chr1","7588581","7588883","chr20","81031844","81032154","38","73443263"
"chr1","7593330","7593629","chr20","123837303","123837603","29","116243973"
"chr1","7595110","7595386","chr27","34063923","34064203","36","26468813"
"chr1","7596691","7596968","chr20","123833919","123834196","27","116237228"
"chr1","7599897","7600226","chr6","42116020","42116326","44","34516123"
"chr1","7609817","7610121","chr21","2583522","2583813","67","5026295"
"chr1","7617319","7617612","chr20","123813557","123813855","25","116196238"
"chr1","7619197","7619480","chr1","8984671","8984953","38","1365474"
"chr1","7637214","7637515","chr20","123792084","123792376","39","116154870"
"chr1","7641318","7641453","chr16","56919696","56919834","18","49278378"
"chr1","7642441","7642622","chr10","104365364","104365540","28","96722923"
"chr1","7647076","7647233","chr2","32532188","32532348","21","24885112"
"chr1","7666754","7667060","chr20","123673562","123673870","32","116006808"
"chr1","7669230","7669524","chr19","11972262","11972542","45","4303032"
"chr1","7712991","7713257","chr20","123717797","123718058","47","116004806"
"chr1","7718455","7718759","chr20","123712437","123712741","29","115993982"
"chr1","7721220","7721512","chr10","127909451","127909739","42","120188231"
"chr1","7724502","7724802","chr20","123706327","123706627","31","115981825"
"chr1","7728888","7729169","chr12","9899971","9900249","31","2171083"
"chr1","7734768","7734941","chr1","65053133","65053301","22","57318365"
"chr1","7734942","7735266","chr16","22495447","22495770","45","14760505"
"chr1","7736305","7736585","chrX","116091461","116091743","33","108355156"
"chr1","7739318","7739624","chr20","123691347","123691645","43","115952029"
"chr1","7742630","7742946","chr9","88621995","88622305","44","80879365"
"chr1","7743333","7743632","chr20","123687427","123687723","22","115944094"
"chr1","7744517","7744806","chr20","123686245","123686541","29","115941728"
"chr1","7747342","7747611","chr1","7497974","7498251","46","249368"
"chr1","7749652","7749958","chr2","12029388","12029696","36","4279736"
"chr1","7756573","7756873","chr8","1790122","1790423","36","5966451"
"chr1","7771978","7772276","chr20","123657949","123658249","28","115885971"
"chr1","7775517","7775682","chr16","63663613","63663779","22","55888096"
"chr1","7779479","7779777","chr2","32047797","32048099","38","24268318"
"chr1","7782595","7782903","chr21","121960105","121960405","43","114177510"
"chr1","7786883","7787190","chr20","123641376","123641675","35","115854493"
"chr1","7793211","7793513","chrX","22608768","22609070","32","14815557"
"chr1","7796791","7797088","chr9","113499698","113499996","32","105702907"
"chr1","7797700","7797999","chrX","22608768","22609070","33","14811068"
"chr1","7799767","7800059","chr9","111332886","111333179","31","103533119"
"chr1","7838055","7838154","chr1","30902430","30902516","28","23064375"
"chr1","7842145","7842457","chr10","37663008","37663319","55","29820863"
"chr1","7844457","7844702","chr20","123584398","123584650","25","115739941"
"chr1","7850516","7850843","chr12","9903085","9903387","55","2052569"
"chr1","7856572","7856749","chr6","7220015","7220191","24","636557"
"chr1","7857264","7857485","chr20","123572426","123572653","25","115715162"
"chr1","7860377","7860676","chr20","123534846","123535157","38","115674469"
"chr1","7861480","7861767","chr10","116012084","116012385","41","108150604"
"chr1","7862002","7862312","chr3","73452466","73452769","35","65590464"
"chr1","7864010","7864298","chr20","123565996","123566294","39","115701986"
"chr1","7872564","7872875","chr20","123558320","123558630","36","115685756"
"chr1","7874052","7874351","chr1","28605070","28605362","51","20731018"
"chr1","7877845","7878135","chr20","123553008","123553299","27","115675163"
"chr1","7882672","7882983","chr20","123548136","123548443","30","115665464"
"chr1","7889556","7889851","chr20","123541379","123541677","28","115651823"
"chr1","7899868","7900166","chr27","14079975","14080276","32","6180107"
"chr1","7902495","7902793","chr27","14079975","14080276","32","6177480"
"chr1","7919208","7919522","chr20","123520742","123521053","31","115601534"
"chr1","7920848","7920979","chr6","42983554","42983688","12","35062706"
"chr1","7922672","7922960","chr11","95940414","95940694","47","88017742"
"chr1","7924703","7925003","chr9","51721583","51721878","46","43796880"
"chr1","7926216","7926532","chr16","24902584","24902895","45","16976368"
"chr1","7927885","7928185","chr9","86282556","86282859","35","78354671"
"chr1","7931323","7931606","chr20","123510363","123510664","39","115579040"
"chr1","7933422","7933688","chr26","18496486","18496752","34","10563064"
"chr1","7945307","7945480","chr20","123496949","123497121","22","115551642"
"chr1","7952059","7952332","chr14","15176595","15176876","41","7224536"
"chr1","7967817","7968124","chr28","1790346","1790655","51","6177471"
"chr1","7968880","7969187","chr20","123472536","123472847","31","115503656"
"chr1","7984506","7984675","chr6","17217115","17217285","25","9232609"
"chr1","7985328","7985621","chr6","13167063","13167356","32","5181735"
"chr1","7989251","7989449","chr16","19371547","19371737","31","11382296"
"chr1","7999283","7999574","chr21","107046168","107046461","33","99046885"
"chr1","8172248","8172542","chr19","25150985","25151284","40","16978737"
"chr1","8175352","8175654","chr21","113467191","113467494","32","105291839"
"chr1","8176738","8177024","chr20","123264275","123264560","28","115087537"
"chr1","8181552","8181844","chr20","123259283","123259575","24","115077731"
"chr1","8204656","8204943","chr20","123235803","123236099","44","115031147"
"chr1","8253102","8253402","chr20","123185715","123186009","39","114932613"
"chr1","8262619","8262917","chr20","123175779","123176069","27","114913160"
"chr1","8278814","8279112","chr20","123160139","123160436","44","114881325"
"chr1","8282270","8282573","chr6","7040488","7040794","34","1241782"
"chr1","8301935","8302194","chr24","70461579","70461841","42","62159644"
"chr1","8315044","8315218","chr2","16455632","16455805","33","8140588"
"chr1","8325482","8325609","chr20","123114874","123115001","11","114789392"
"chr1","8325919","8326104","chr20","123114409","123114574","28","114788490"
"chr1","8332060","8332351","chr15","3827722","3828015","42","4504338"
"chr1","8341882","8342181","chr16","45914158","45914452","41","37572276"
"chr1","8354308","8354609","chr6","42116020","42116326","34","33761712"
"chr1","8365436","8365728","chr20","123077036","123077301","43","114711600"
"chr1","8401728","8402026","chr19","26383904","26384203","37","17982176"
"chr1","8405280","8405561","chr17","54619607","54619888","33","46214327"
"chr1","8413292","8413505","chr27","10588411","10588628","43","2175119"
"chr1","8440713","8440847","chr6","43841116","43841251","14","35400403"
"chr1","8441138","8441314","chr6","12936617","12936793","28","4495479"
"chr1","8444967","8445267","chr20","122994683","122994984","21","114549716"
"chr1","8476299","8476600","chr3","52285174","52285474","32","43808875"
"chr1","8487632","8487912","chr16","42141094","42141373","33","33653462"
"chr1","8498121","8498367","chr9","79785529","79785759","49","71287408"
"chr1","8506845","8507151","chr3","85099404","85099710","44","76592559"
"chr1","8511497","8511676","chr20","121801335","121801518","39","113289838"
"chr1","8512063","8512373","chr20","122932236","122932541","33","114420173"
"chr1","8513682","8513967","chr15","66018758","66019043","36","57505076"
"chr1","8520365","8520652","chr1","7681732","7682025","41","838633"
"chr1","8522126","8522289","chr6","16594738","16594901","22","8072612"
"chr1","8522597","8522732","chr5","4276770","4276905","13","4245827"
"chr1","8523066","8523376","chr6","41123788","41124096","40","32600722"
"chr1","8529321","8529641","chr11","46096255","46096559","40","37566934"
"chr1","8531440","8531741","chr4","11332671","11332973","33","2801231"
"chr1","8535480","8535792","chr9","86282556","86282859","41","77747076"
"chr1","8537355","8537649","chr20","122906102","122906405","27","114368747"
"chr1","8538538","8538830","chr20","122904915","122905208","34","114366377"
"chr1","8551771","8552060","chr6","12636647","12636942","37","4084876"
"chr1","8556217","8556364","chr16","1376966","1377112","36","7179251"
"chr1","8556613","8556752","chr15","77256282","77256416","18","68699669"
"chr1","8561400","8561700","chr14","104034166","104034463","37","95472766"
"chr1","8563874","8564180","chr20","122879372","122879678","23","114315498"
"chr1","8569768","8569881","chr24","41605186","41605301","17","33035418"
"chr1","8570411","8570550","chr14","21873519","21873657","21","13303108"
"chr1","8579581","8579877","chr20","122859254","122859548","23","114279673"
"chr1","8582573","8582848","chr20","122856358","122856627","33","114273785"
"chr1","8587610","8587771","chr11","105242015","105242175","27","96654405"
"chr1","8590935","8591247","chr11","60309576","60309884","35","51718641"
"chr1","8594785","8595097","chr20","122837393","122837697","32","114242608"
"chr1","8608966","8609267","chr2","56749780","56750079","43","48140814"
"chr1","8611533","8611831","chr5","55076289","55076586","37","46464756"
"chr1","8613499","8613799","chr20","122819785","122820088","29","114206286"
"chr1","8618294","8618489","chr20","122814797","122814998","26","114196503"
"chr1","8618853","8619162","chr6","32587880","32588187","38","23969027"
"chr1","8625447","8625740","chrX","37659352","37659644","30","29033905"
"chr1","8631486","8631617","chr16","74863449","74863580","21","66231963"
"chr1","8641746","8642048","chr2","83490672","83490967","43","74848926"
"chr1","8642889","8643192","chr12","83383753","83384064","42","74740864"
"chr1","8649082","8649370","chr2","7375258","7375541","37","1273824"
"chr1","8651617","8651909","chr20","122777167","122777459","23","114125550"
"chr1","8653936","8654230","chr4","62785922","62786210","38","54131986"
"chr1","8660798","8661093","chr20","122768365","122768656","21","114107567"
"chr1","8663392","8663700","chr20","122765796","122766094","43","114102404"
"chr1","8670830","8671141","chr2","56950665","56950973","39","48279835"
"chr1","8676392","8676703","chr20","122751532","122751843","19","114075140"
"chr1","8677470","8677764","chr10","75515719","75516021","48","66838249"
"chr1","8679625","8679928","chr20","122748323","122748622","33","114068698"
"chr1","8687793","8688082","chr16","58910735","58911024","37","50222942"
"chr1","8693131","8693359","chr20","122734021","122734249","30","114040890"
"chr1","8693386","8693404","chr8","4583856","4583873","1","4109530"
"chr1","8696746","8696832","chr20","122730610","122730700","9","114033864"
"chr1","8697166","8697383","chr20","122730029","122730246","18","114032863"
"chr1","8703144","8703302","chr8","139095797","139095961","27","130392653"
"chr1","8705116","8705295","chr14","80335559","80335741","30","71630443"
"chr1","8725833","8726119","chr20","122702123","122702404","29","113976290"
"chr1","8726380","8726700","chr5","4169274","4169582","48","4557106"
"chr1","8733466","8733772","chr20","122695712","122696016","23","113962246"
"chr1","8740796","8741106","chrX","89414682","89414992","36","80673886"
"chr1","8752264","8752578","chr20","122674153","122674465","26","113921889"
"chr1","8769395","8769705","chr2","13717712","13718023","42","4948317"
"chr1","8773873","8774186","chr20","122652167","122652473","36","113878294"
"chr1","8774952","8775244","chr1","48383434","48383722","42","39608482"
"chr1","8775270","8775281","chr3","17380185","17380196","2","8604915"
"chr1","8782389","8782695","chr20","122643986","122644292","29","113861597"
"chr1","8784761","8784984","chr10","57274493","57274709","39","48489732"
"chr1","8785938","8786250","chr20","122640457","122640761","29","113854519"
"chr1","8786673","8786853","chr12","362321","362499","23","8424352"
"chr1","8803849","8804153","chr2","36698217","36698520","34","27894368"
"chr1","8813453","8813750","chr15","41588783","41589074","37","32775330"
"chr1","8814199","8814499","chr26","16970099","16970397","32","8155900"
"chr1","8819276","8819575","chr20","122623679","122623982","26","113804403"
"chr1","8820142","8820288","chr20","122622961","122623105","17","113802819"
"chr1","8842037","8842239","chr7","61444766","61444968","22","52602729"
"chr1","8844455","8844767","chr9","90939704","90940013","34","82095249"
"chr1","8851626","8851927","chr20","122601163","122601465","23","113749537"
"chr1","8852802","8853110","chr24","81507550","81507861","40","72654748"
"chr1","8855070","8855379","chr1","55505956","55506260","37","46650886"
"chr1","8858528","8858821","chr19","29195311","29195607","33","20336783"
"chr1","8874277","8874586","chr9","86282556","86282859","39","77408279"
"chr1","8902193","8902503","chrX","15227793","15228095","43","6325600"
"chr1","8902788","8903096","chr19","16697303","16697607","39","7794515"
"chr1","8903641","8903931","chr20","122546269","122546553","40","113642628"
"chr1","8906184","8906464","chr20","122544348","122544639","38","113638164"
"chr1","8908269","8908519","chr5","26758183","26758433","38","17849914"
"chr1","8929561","8929866","chr20","122532842","122533133","45","113603281"
"chr1","8950296","8950604","chr2","56950665","56950973","39","48000369"
"chr1","8967526","8967807","chr20","38140509","38140800","33","29172983"
"chr1","8988316","8988536","chr13","21912369","21912586","38","12924053"
"chr1","8988840","8988926","chr12","105258908","105258990","13","96270068"
"chr1","9004139","9004450","chr5","40626264","40626570","42","31622125"
"chr1","9006757","9007044","chr20","122457526","122457812","35","113450769"
"chr1","9016117","9016434","chr20","103596656","103596967","44","94580539"
"chr1","9026673","9026892","chr9","25470650","25470868","45","16443977"
"chr1","9030524","9030823","chr12","10571385","10571688","42","1540861"
"chr1","9062351","9062642","chr20","122402548","122402851","37","113340197"
"chr1","9063509","9063803","chr20","122401310","122401608","37","113337801"
"chr1","9085201","9085499","chr20","122378620","122378897","42","113293419"
"chr1","9101085","9101381","chr20","122363891","122364189","26","113262806"
"chr1","9105385","9105686","chr1","112521928","112522230","36","103416543"
"chr1","9107983","9108228","chr9","60945247","60945494","42","51837264"
"chr1","9108613","9108895","chr20","122356633","122356918","23","113248020"
"chr1","9113105","9113279","chr9","58645733","58645906","36","49532628"
"chr1","9117957","9118235","chr10","93658134","93658413","35","84540177"
"chr1","9118763","9119052","chr9","111644472","111644756","43","102525709"
"chr1","9123393","9123676","chr20","122340084","122340374","31","113216691"
"chr1","9125646","9125941","chr17","30352972","30353268","29","21227326"
"chr1","9130928","9131232","chr20","122332528","122332824","31","113201600"
"chr1","9144564","9144870","chr13","97746500","97746800","42","88601936"
"chr1","9145640","9145939","chr20","122317372","122317672","23","113171732"
"chr1","9163466","9163763","chr11","99287413","99287710","35","90123947"
"chr1","9163902","9164199","chr16","72956214","72956511","36","63792312"
"chr1","9169049","9169344","chr21","2583522","2583813","111","6585527"
"chr1","9173543","9173838","chr20","122291444","122291737","32","113117901"
"chr1","9182946","9183251","chr20","123673562","123673870","40","114490616"
"chr1","9186015","9186329","chr20","122277826","122278122","48","113091811"
"chr1","9190989","9191124","chr12","7991158","7991289","20","1199831"
"chr1","9191126","9191220","chr5","32824119","32824224","27","23632993"
"chr1","9199292","9199491","chr8","52048722","52048922","32","42849430"
"chr1","9202047","9202342","chr20","122262076","122262370","38","113060029"
"chr1","9203162","9203460","chr20","122260972","122261274","33","113057810"
"chr1","9211718","9211999","chr20","122250937","122251220","39","113039219"
"chr1","9222006","9222141","chr4","12998882","12999015","18","3776876"
"chr1","9222442","9222615","chr12","4806920","4807087","29","4415522"
"chr1","9224000","9224244","chr5","8869299","8869529","39","354701"
"chr1","9228694","9228846","chr11","41641417","41641570","27","32412723"
"chr1","9230219","9230500","chr20","122221331","122221626","34","112991112"
"chr1","9232466","9232748","chr5","27551863","27552142","34","18319397"
"chr1","9236272","9236407","chr5","4276770","4276905","9","4959502"
"chr1","9237313","9237531","chr10","56860403","56860620","30","47623090"
"chr1","9241257","9241563","chr20","122225654","122225966","35","112984397"
"chr1","9245866","9246113","chr10","59129395","59129640","30","49883529"
"chr1","9248628","9248936","chr20","122212476","122212772","32","112963848"
"chr1","9252939","9253249","chr20","122207829","122208133","32","112954890"
"chr1","9255063","9255348","chr19","24330024","24330314","34","15074961"
"chr1","9275862","9276152","chr10","84975121","84975419","37","75699259"
"chr1","9277652","9277954","chr20","122185448","122185740","26","112907796"
"chr1","9280978","9281280","chr9","57546044","57546351","42","48265066"
"chr1","9312229","9312534","chr20","122150891","122151201","28","112838662"
"chr1","9313342","9313643","chr9","86282556","86282859","37","76969214"
"chr1","9314364","9314655","chr1","45911929","45912217","30","36597565"
"chr1","9315111","9315408","chr13","15032175","15032469","38","5717064"
"chr1","9319853","9320166","chr20","122140247","122140554","35","112820394"
"chr1","9321099","9321398","chr20","64505876","64506162","57","55184777"
"chr1","9322518","9322799","chr20","122137674","122137957","26","112815156"
"chr1","9334936","9335228","chr20","122120964","122121261","25","112786028"
"chr1","9339387","9339671","chr16","1589887","1590173","36","7749500"
"chr1","9341514","9341821","chr5","7045721","7046034","41","2295793"
"chr1","9343144","9343328","chrX","41905978","41906163","29","32562834"
"chr1","9348605","9348915","chr20","122107122","122107429","26","112758517"
"chr1","9349580","9349878","chrX","18594106","18594406","31","9244526"
"chr1","9351435","9351714","chr22","32842443","32842726","38","23491008"
"chr1","9352668","9352832","chr19","12450977","12451136","22","3098309"
"chr1","9354156","9354300","chr17","38923428","38923574","16","29569272"
"chr1","9355599","9355907","chr9","5494245","5494548","44","3861354"
"chr1","9356953","9357263","chrX","38648026","38648337","32","29291073"
"chr1","9359595","9359767","chr15","65657697","65657871","31","56298102"
"chr1","9371977","9372288","chr20","38287201","38287505","30","28915224"
"chr1","9374333","9374644","chrX","49573460","49573779","48","40199127"
"chr1","9375479","9375776","chr16","64119810","64120093","42","54744331"
"chr1","9378261","9378577","chr20","122082724","122083024","33","112704463"
"chr1","9394991","9395274","chr20","122068804","122069084","25","112673813"
"chr1","9407910","9408210","chr20","122052756","122053056","15","112644846"
"chr1","9418944","9419238","chr23","73028236","73028531","36","63609292"
"chr1","9420819","9421108","chr2","33389074","33389363","31","23968255"
"chr1","9429797","9430096","chr10","55375140","55375434","35","45945343"
"chr1","9435084","9435302","chr24","51232796","51233012","33","41797712"
"chr1","9440855","9441145","chr10","117400026","117400313","44","107959171"
"chr1","9446285","9446562","chr17","54619607","54619888","37","45173322"
"chr1","9446597","9446612","chr4","6332688","6332703","1","3113909"
"chr1","9473281","9473386","chr5","2997031","2997136","15","6476250"
"chr1","9476347","9476640","chr20","121993924","121994218","28","112517577"
"chr1","9482010","9482106","chr1","30902430","30902516","22","21420420"
"chr1","9482107","9482258","chr5","17945626","17945774","22","8463519"
"chr1","9484823","9485116","chr20","121981334","121981635","32","112496511"
"chr1","9485536","9485747","chr16","35448909","35449121","25","25963373"
"chr1","9490570","9490859","chr15","17611034","17611324","40","8120464"
"chr1","9495296","9495593","chr20","121979056","121979353","25","112483760"
"chr1","9507834","9508136","chr20","121964138","121964431","26","112456304"
"chr1","9515475","9515662","chr1","9856604","9856790","31","341129"
"chr1","9543539","9543634","chr10","109731322","109731415","16","100187783"
"chr1","9561077","9561387","chr12","7411519","7411822","42","2149558"
"chr1","9563854","9564191","chr20","121909324","121909632","48","112345470"
"chr1","9568542","9568835","chr20","121904773","121905075","30","112336231"
"chr1","9591873","9592145","chrX","45594965","45595236","41","36003092"
"chr1","9595356","9595665","chr20","121876709","121877019","26","112281353"
"chr1","9599988","9600186","chr20","121872143","121872333","24","112272155"
"chr1","9600189","9600256","chr5","70111835","70111901","10","60511646"
"chr1","9600569","9600741","chr16","71960955","71961122","26","62360386"
"chr1","9602747","9603048","chr1","62842542","62842845","34","53239795"
"chr1","9603358","9603652","chr20","121871046","121871338","24","112267688"
"chr1","9619290","9619596","chr13","23376602","23376904","34","13757312"
"chr1","9623503","9623801","chr20","94124915","94125211","35","84501412"
"chr1","9624784","9624993","chr24","79970716","79970932","42","70345932"
"chr1","9625385","9625686","chr12","14853745","14854041","39","5228360"
"chr1","9627313","9627620","chr26","14089512","14089822","36","4462199"
"chr1","9627625","9627756","chr6","38271142","38271274","14","28643517"
"chr1","9631921","9632207","chr20","121841215","121841511","28","112209294"
"chr1","9633207","9633275","chr11","5638637","5638708","10","3994570"
"chr1","9633445","9633644","chr3","19117299","19117498","44","9483854"
"chr1","9640018","9640327","chr25","24047630","24047941","38","14407612"
"chr1","9640719","9641018","chr16","3687251","3687548","33","5953468"
"chr1","9641913","9641986","chr25","16314706","16314782","13","6672793"
"chr1","9642289","9642451","chr6","35221732","35221896","24","25579443"
"chr1","9646896","9647195","chrX","15225955","15226252","35","5579059"
"chr1","9652523","9652567","chr14","82238971","82239011","15","72586448"
"chr1","9653925","9654028","chr14","70225909","70226013","16","60571984"
"chr1","9657739","9658031","chr6","46235583","46235880","31","36577844"
"chr1","9658544","9658680","chr19","23857853","23857990","30","14199309"
"chr1","9658681","9658979","chr8","40857847","40858144","32","31199166"
"chr1","9658980","9658994","chr21","25540827","25540839","3","15881847"
"chr1","9659037","9659348","chrX","57912496","57912806","31","48253459"
"chr1","9661880","9662179","chr20","121814263","121814562","36","112152383"
"chr1","9679383","9679498","chr20","121802635","121802753","11","112123252"
"chr1","9681647","9681956","chr14","59672408","59672715","28","49990761"
"chr1","9683237","9683535","chr20","121794467","121794755","27","112111230"
"chr1","9683728","9684022","chr20","121793979","121794273","23","112110251"
"chr1","9697581","9697734","chr5","59150368","59150541","39","49452787"
"chr1","9698865","9699168","chr4","50829245","50829547","42","41130380"
"chr1","9699799","9700077","chr20","121777465","121777758","36","112077666"
"chr1","9703729","9703965","chr20","121773363","121773593","25","112069634"
"chr1","9705910","9706225","chr20","121771453","121771771","30","112065543"
"chr1","9707492","9707774","chr20","121769935","121770220","23","112062443"
"chr1","9711216","9711507","chrX","37780827","37781120","32","28069611"
"chr1","9712192","9712366","chr2","16455632","16455805","27","6743440"
"chr1","9712587","9712896","chr20","121764370","121764677","24","112051783"
"chr1","9715771","9716074","chr20","121760752","121761067","38","112044981"
"chr1","9720038","9720344","chr20","121756565","121756871","38","112036527"
"chr1","9721930","9722241","chr20","121750757","121751068","24","112028827"
"chr1","9730853","9731104","chr15","70334868","70335119","36","60604015"
"chr1","9731850","9732016","chr12","4806920","4807087","22","4924930"
"chr1","9732300","9732328","chr2","42425121","42425147","4","32692821"
"chr1","9732632","9732671","chr3","19118919","19118955","11","9386287"
"chr1","9747761","9748072","chr20","121734958","121735263","27","111987197"
"chr1","9765261","9765552","chr14","36861525","36861824","51","27096264"
"chr1","9766308","9766608","chr20","121715693","121715993","31","111949385"
"chr1","9767022","9767288","chr20","121714997","121715261","35","111947975"
"chr1","9780835","9781140","chr20","121699461","121699759","29","111918626"
"chr1","9797650","9797931","chr9","88535042","88535317","42","78737392"
"chr1","9805218","9805515","chr6","5225683","5225983","41","4579535"
"chr1","9812428","9812737","chr21","124789221","124789530","36","114976793"
"chr1","9822824","9823138","chr20","121661732","121662046","37","111838908"
"chr1","9823157","9823430","chr6","39338860","39339142","39","29515703"
"chr1","9832262","9832565","chr20","121652134","121652415","40","111819872"
"chr1","9832695","9833007","chr20","121651695","121652002","27","111819000"
"chr1","9833823","9834123","chr20","121650578","121650880","27","111816755"
"chr1","9837364","9837433","chr20","121647307","121647378","7","111809943"
"chr1","9837434","9837556","chr20","121647199","121647308","18","111809765"
"chr1","9841727","9842032","chr20","121642427","121642730","29","111800700"
"chr1","9845008","9845298","chr6","12636647","12636942","37","2791639"
"chr1","9856139","9856335","chr22","43469786","43469994","30","33613647"
"chr1","9856337","9856405","chr14","80502597","80502666","9","70646260"
"chr1","9856874","9856976","chr20","121611024","121611127","14","111754150"
"chr1","9869317","9869616","chr1","10964953","10965253","40","1095636"
"chr1","9872460","9872744","chr20","121621660","121621948","31","111749200"
"chr1","9885650","9885820","chr22","33806587","33806755","24","23920937"
"chr1","9885846","9885961","chr6","17333266","17333360","65","7447420"
"chr1","9887694","9887990","chrX","38691482","38691776","28","28803788"
"chr1","9897053","9897286","chr19","1422056","1422291","28","8474997"
"chr1","9901268","9901560","chr11","46809971","46810260","34","36908703"
"chr1","9909087","9909305","chr23","51481641","51481856","42","41572554"
"chr1","9914214","9914343","chr17","40190182","40190301","16","30275968"
"chr1","9915197","9915292","chr10","9116646","9116735","25","798551"
"chr1","9927912","9928210","chr5","7579036","7579335","31","2348876"
"chr1","9963511","9963824","chr10","127169072","127169368","49","117205561"
"chr1","9967983","9968118","chr5","4276770","4276905","12","5691213"
"chr1","9988601","9988878","chr8","10478775","10479043","43","490174"
"chr1","9996942","9997078","chr2","17903191","17903328","15","7906249"
"chr1","9997387","9997535","chr17","54104627","54104773","26","44107240"
"chr1","9998736","9999028","chr20","121491316","121491610","23","111492580"
"chr1","10000001","10000110","chr1","15187342","15187460","34","5187341"
"chr1","10002615","10002936","chr8","18312740","18313061","50","8310125"
"chr1","10020633","10020942","chr11","41390976","41391281","34","31370343"
"chr1","10024545","10024848","chr20","121463854","121464162","22","111439309"
"chr1","10033667","10033966","chr20","121454159","121454451","23","111420492"
"chr1","10043533","10043661","chr28","3564263","3564390","14","6479270"
"chr1","10058945","10059255","chr20","121429796","121430101","28","111370851"
"chr1","10076105","10076415","chr20","121412002","121412311","23","111335897"
"chr1","10077073","10077379","chr6","39686147","39686454","39","29609074"
"chr1","10080756","10081034","chr20","121407674","121407951","33","111326918"
"chr1","10081165","10081368","chr23","52324195","52324389","38","42243030"
"chr1","10083307","10083604","chr6","38650444","38650741","40","28567137"
"chr1","10087134","10087354","chr5","74502745","74502974","47","64415611"
"chr1","10090900","10091014","chr24","22341629","22341742","12","12250729"
"chr1","10095305","10095598","chr20","121394367","121394656","24","111299062"
"chr1","10096784","10096970","chr16","19371547","19371737","24","9274763"
"chr1","10105989","10106291","chr14","82663370","82663671","33","72557381"
"chr1","10108926","10109229","chr6","15298956","15299259","38","5190030"
"chr1","10110884","10111155","chr5","12596551","12596823","45","2485667"
"chr1","10111250","10111467","chr16","54091407","54091625","33","43980157"
"chr1","10115927","10116147","chr5","74502745","74502974","47","64386818"
"chr1","10125039","10125336","chr20","121370056","121370357","29","111245017"
"chr1","10128803","10128942","chrX","192761","192902","25","9936042"
"chr1","10129256","10129552","chr2","24713479","24713772","35","14584223"
"chr1","10142590","10142886","chr15","77409636","77409936","34","67267046"
"chr1","10154142","10154454","chr15","9891204","9891515","46","262938"
"chr1","10155466","10155768","chr20","121346232","121346528","28","111190766"
"chr1","10161740","10162037","chr2","38016407","38016705","32","27854667"
"chr1","10171078","10171369","chr16","10003600","10003889","33","167478"
"chr1","10173783","10174091","chr20","121329091","121329410","37","111155308"
"chr1","10176807","10177103","chr20","121325668","121325972","29","111148861"
"chr1","10177912","10178210","chr20","121324573","121324871","24","111146661"
"chr1","10190997","10191307","chr20","121311146","121311459","26","111120149"
"chr1","10195506","10195812","chr20","90209239","90209539","39","80013733"
"chr1","10204234","10204368","chr19","4943378","4943513","19","5260856"
"chr1","10210948","10211059","chr19","14801237","14801351","17","4590289"
"chr1","10219993","10220144","chr13","86137974","86138122","20","75917981"
"chr1","10267837","10268150","chr23","11245568","11245875","34","977731"
"chr1","10280549","10280793","chr5","14110841","14111089","51","3830292"
"chr1","10298085","10298209","chrX","39113732","39113857","20","28815647"
"chr1","10298220","10298392","chr26","32923908","32924081","31","22625688"
"chr1","10303426","10303704","chr13","44954014","44954296","40","34650588"
"chr1","10308806","10309084","chr20","121196510","121196788","27","110887704"
"chr1","10354023","10354322","chr20","121163495","121163791","34","110809472"
"chr1","10445106","10445405","chr5","4585183","4585484","39","5859923"
"chr1","10448290","10448599","chr2","12212686","12212991","36","1764396"
"chr1","10466647","10466942","chr20","121050807","121051088","32","110584160"
"chr1","10475608","10475890","chr26","55059289","55059582","39","44583681"
"chr1","10484874","10485181","chr20","121032791","121033098","33","110547917"
"chr1","10498179","10498478","chr6","18888282","18888580","36","8390103"
"chr1","10539486","10539796","chr20","120982070","120982376","29","110442584"
"chr1","10540086","10540384","chr16","34494292","34494589","31","23954206"
"chr1","10586164","10586466","chr20","120936308","120936609","34","110350144"
"chr1","10609667","10609979","chr20","120912604","120912916","27","110302937"
"chr1","10623079","10623388","chr20","21303223","21303534","43","10680144"
"chr1","10631402","10631714","chr20","120890853","120891161","30","110259451"
"chr1","10650636","10650936","chr1","109541345","109541647","39","98890709"
"chr1","10658036","10658247","chrX","50219777","50219989","30","39561741"
"chr1","10660730","10661025","chr20","120861397","120861695","20","110200667"
"chr1","10674852","10675151","chr20","120847467","120847765","28","110172615"
"chr1","10682570","10682835","chr6","3112223","3112484","39","7570347"
"chr1","10723852","10724132","chr16","2406812","2407099","36","8317040"
"chr1","10724437","10724496","chrX","49606915","49606972","15","38882478"
"chr1","10728596","10728824","chrX","44630021","44630251","26","33901425"
"chr1","10733535","10733840","chr12","27448867","27449169","36","16715332"
"chr1","10735434","10735743","chr9","86282556","86282859","38","75547122"
"chr1","10736484","10736788","chr20","120781864","120782164","27","110045380"
"chr1","10739742","10739882","chr19","20393314","20393456","16","9653572"
"chr1","10741847","10741943","chr6","9044028","9044124","17","1697819"
"chr1","10746482","10746611","chrX","1748744","1748874","18","8997738"
"chr1","10760048","10760319","chr20","120744385","120744662","30","109984337"
"chr1","10774303","10774480","chr21","109567749","109567934","38","98793446"
"chr1","10776696","10776794","chr24","79354231","79354332","19","68577535"
"chr1","10777475","10777682","chr20","120726113","120726326","39","109948638"
"chr1","10783309","10783612","chr8","8500481","8500780","46","2282828"
"chr1","10788006","10788315","chr20","120713981","120714288","32","109925975"
"chr1","10800719","10800995","chr5","69357360","69357651","44","58556641"
"chr1","10804531","10804820","chr21","74393575","74393866","34","63589044"
"chr1","10815564","10815878","chr20","120690722","120691036","27","109875158"
"chr1","10820182","10820476","chr6","38650444","38650741","38","27830262"
"chr1","10826039","10826324","chr20","129866695","129866990","43","119040656"
"chr1","10829761","10830049","chr20","7681465","7681760","40","3148296"
"chr1","10834158","10834467","chr20","120676803","120677103","25","109842645"
"chr1","10851757","10852056","chr20","120653635","120653913","45","109801878"
"chr1","10861894","10862201","chr6","32587880","32588187","33","21725986"
"chr1","10899679","10899899","chr20","12115465","12115696","41","1215786"
"chr1","10952657","10952961","chr20","120558899","120559194","31","109606242"
"chr1","10954248","10954549","chr19","11626450","11626750","37","672202"
"chr1","10955422","10955711","chr21","120905233","120905521","32","109949811"
"chr1","10959815","10960117","chr20","120551528","120551830","25","109591713"
"chr1","10962551","10962717","chr4","57145130","57145289","35","46182579"
"chr1","10968906","10969041","chr4","57111497","57111632","11","46142591"
"chr1","10971170","10971475","chr16","69961787","69962096","39","58990617"
"chr1","10982167","10982460","chr2","38016407","38016705","41","27034240"
"chr1","10983856","10984181","chr14","44730607","44730922","46","33746751"
"chr1","10986281","10986485","chr20","120525039","120525243","18","109538758"
"chr1","10987370","10987661","chr25","72576977","72577277","40","61589607"
"chr1","10989762","10990057","chr17","54619607","54619888","55","43629845"
"chr1","10992770","10993069","chr20","120518942","120519233","30","109526172"
"chr1","10999752","10999997","chr16","69651720","69651962","37","58651968"
"chr1","11002418","11002716","chr20","120508302","120508610","38","109505884"
"chr1","11008159","11008198","chr9","61778455","61778491","8","50770296"
"chr1","11016129","11016332","chr20","120494718","120494920","23","109478589"
"chr1","11016604","11016739","chr20","120494313","120494446","10","109477709"
"chr1","11024871","11025152","chr20","120485776","120486059","33","109460905"
"chr1","11026377","11026674","chr20","120483917","120484210","36","109457540"
"chr1","11049744","11050023","chr20","120466534","120466811","27","109416790"
"chr1","11067113","11067415","chr4","74456362","74456663","41","63389249"
"chr1","11075918","11076226","chr20","120439966","120440274","33","109364048"
"chr1","11078995","11079289","chr20","120436874","120437176","33","109357879"
"chr1","11088621","11088928","chr18","45693279","45693581","42","34604658"
"chr1","11090799","11091093","chr2","24713479","24713772","34","13622680"
"chr1","11091533","11091860","chr20","123673562","123673870","56","112582029"
"chr1","11094229","11094547","chr20","120421398","120421710","45","109327169"
"chr1","11096876","11097057","chr10","116184073","116184259","32","105087197"
"chr1","11102412","11102548","chr20","120408575","120408711","11","109306163"
"chr1","11102852","11103064","chr20","120408027","120408273","49","109305175"
"chr1","11109640","11109772","chr9","87624332","87624464","12","76514692"
"chr1","11110608","11110857","chr20","120401111","120401383","39","109290503"
"chr1","11112559","11112847","chr20","120398695","120398987","26","109286136"
"chr1","11113421","11113729","chr20","120397720","120398027","41","109284299"
"chr1","11116997","11117310","chr20","120394259","120394560","28","109277262"
"chr1","11123649","11123930","chr11","115158476","115158760","54","104034827"
"chr1","11125173","11125461","chr20","38140509","38140800","32","27015336"
"chr1","11144270","11144573","chr12","80287902","80288207","37","69143632"
"chr1","11250668","11250954","chr20","120261441","120261728","32","109010773"
"chr1","11256901","11257202","chr26","17807971","17808270","31","6551070"
"chr1","11274346","11274633","chr20","120236355","120236643","24","108962009"
"chr1","11286764","11287061","chr20","120223707","120224014","43","108936943"
"chr1","11320358","11320696","chr2","12137583","12137914","57","817225"
"chr1","11328966","11329284","chr9","26162354","26162665","42","14833388"
"chr1","11331747","11332048","chr10","57397876","57398180","34","46066129"
"chr1","11346892","11346959","chr1","30900589","30900655","6","19553697"
"chr1","11356025","11356329","chr20","120170964","120171271","34","108814939"
"chr1","11369816","11369921","chr4","35061447","35061550","10","23691631"
"chr1","11382597","11382740","chr1","11892079","11892220","18","509482"
"chr1","11389237","11389532","chr26","17748264","17748561","51","6359027"
"chr1","11393847","11394002","chr9","68161958","68162106","36","56768111"
"chr1","11394298","11394313","chr17","6950979","6950990","4","4443319"
"chr1","11394993","11395296","chr6","5225683","5225983","40","6169310"
"chr1","11397754","11398061","chrX","61292766","61293069","34","49895012"
"chr1","11417082","11417380","chr7","33435468","33435765","37","22018386"
"chr1","11417845","11418140","chr28","10016736","10017025","35","1401109"
"chr1","11427913","11428217","chr20","120102547","120102839","32","108674634"
"chr1","11428218","11428511","chr20","120102246","120102540","31","108674028"
"chr1","11435853","11436024","chr6","12936617","12936793","29","1500764"
"chr1","11438614","11438893","chrX","20511798","20512079","38","9073184"
"chr1","11441709","11442008","chr20","120088497","120088786","37","108646788"
"chr1","11447437","11447571","chr2","32183454","32183587","14","20736017"
"chr1","11449104","11449200","chr19","10642762","10642857","16","806342"
"chr1","11462621","11462756","chr20","105333605","105333740","14","93870984"
"chr1","11463731","11464034","chr20","120069182","120069492","28","108605451"
"chr1","11473218","11473437","chr22","14679702","14679925","42","3206484"
"chr1","11474704","11474976","chr6","3637627","3637900","38","7837077"
"chr1","11475095","11475397","chr20","23882934","23883233","35","12407839"
"chr1","11476061","11476370","chr20","120057386","120057689","31","108581325"
"chr1","11485897","11486198","chr2","38847701","38848002","32","27361804"
"chr1","11496570","11496858","chr12","108245153","108245441","42","96748583"
"chr1","11499788","11500000","chr8","62838980","62839188","27","51339192"
"chr1","11504270","11504571","chr20","120031048","120031352","36","108526778"
"chr1","11514103","11514379","chr19","16884846","16885123","38","5370743"
"chr1","11518556","11518852","chr5","55122484","55122784","40","43603928"
"chr1","11519332","11519502","chr29","11423397","11423568","20","95935"
"chr1","11540800","11541095","chr20","119993694","119993991","33","108452894"
"chr1","11550591","11550901","chr4","73277492","73277794","44","61726901"
"chr1","11556535","11556838","chr20","119975556","119975851","33","108419021"
"chr1","11566728","11567021","chr19","11972262","11972542","38","405534"
"chr1","11568544","11568853","chr2","56950665","56950973","36","45382121"
"chr1","11605293","11605598","chr14","45439475","45439777","33","33834182"
"chr1","11630834","11631142","chr20","119908469","119908784","29","108277635"
"chr1","11642356","11642646","chr11","63400820","63401102","49","51758464"
"chr1","11646359","11646522","chr4","70629338","70629503","24","58982979"
"chr1","11647836","11648107","chrUn_AQIB01158469v1","1042","1312","21","11646794"
"chr1","11651729","11651852","chr1","32679523","32679650","25","21027794"
"chr1","11654511","11654814","chr4","51536877","51537177","39","39882366"
"chr1","11657228","11657530","chr15","77409636","77409936","32","65752408"
"chr1","11658302","11658596","chr9","112305053","112305347","26","100646751"
"chr1","11669542","11669828","chr6","33535347","33535634","28","21865805"
"chr1","11671836","11671997","chr20","119872130","119872278","24","108200294"
"chr1","11672210","11672348","chr20","119871768","119871906","9","108199558"
"chr1","11676304","11676605","chr9","38946339","38946647","49","27270035"
"chr1","11683780","11683889","chr2","13841415","13841519","24","2157635"
"chr1","11684186","11684391","chr20","119864168","119864372","20","108179982"
"chr1","11689524","11689663","chr19","3531580","3531719","22","8157944"
"chr1","11689976","11690179","chr16","34180020","34180194","48","22490044"
"chr1","11695445","11695735","chr20","119850229","119850518","30","108154784"
"chr1","11696606","11696911","chr16","590208","590511","42","11106398"
"chr1","11697565","11697869","chr20","119847796","119848096","30","108150231"
"chr1","11701193","11701486","chr2","55973439","55973735","41","44272246"
"chr1","11711120","11711427","chr20","119841400","119841696","29","108130280"
"chr1","11718096","11718407","chr20","119829649","119829959","32","108111553"
"chr1","11723019","11723034","chr5","70211415","70211428","2","58488396"
"chr1","11723253","11723550","chr7","35218197","35218495","40","23494944"
"chr1","11725288","11725609","chr12","39175349","39175654","47","27450061"
"chr1","11729489","11729772","chr20","119824697","119824983","31","108095208"
"chr1","11731252","11731431","chr16","2515975","2516154","34","9215277"
"chr1","11731459","11731759","chr20","119822724","119823024","35","108091265"
"chr1","11733361","11733660","chr20","119820839","119821131","23","108087478"
"chr1","11736480","11736725","chr20","119817224","119817470","24","108080744"
"chr1","11744030","11744325","chr20","119809945","119810229","36","108065915"
"chr1","11772522","11772733","chr2","57604114","57604324","22","45831592"
"chr1","11775575","11775878","chr15","40204202","40204500","44","28428627"
"chr1","11798197","11798215","chr2","4686318","4686333","3","7111879"
"chr1","11799794","11799998","chr15","88232563","88232767","30","76432769"
"chr1","11800141","11800453","chr7","25345545","25345860","43","13545404"
"chr1","11801934","11802243","chr20","119753462","119753770","27","107951528"
"chr1","11805959","11806265","chr20","81031844","81032154","38","69225885"
"chr1","11836289","11836596","chr20","119718955","119719261","36","107882666"
"chr1","11849240","11849528","chr20","119706071","119706367","28","107856831"
"chr1","11856391","11856678","chr27","43237087","43237378","32","31380696"
"chr1","11858163","11858459","chr20","119697991","119698290","25","107839828"
"chr1","11859006","11859311","chr5","52372732","52373033","40","40513726"
"chr1","11859603","11859887","chrX","37306401","37306682","38","25446798"
"chr1","11860293","11860563","chr6","29150826","29151108","32","17290533"
"chr1","11880433","11880724","chr5","56124005","56124297","32","44243572"
"chr1","11893442","11893743","chr2","67185193","67185493","37","55291751"
"chr1","11894813","11895108","chr20","119667170","119667465","21","107772357"
"chr1","11898355","11898649","chr10","122553174","122553460","48","110654819"
"chr1","11965540","11965846","chr20","119596134","119596447","25","107630594"
"chr1","11973574","11973932","chr6","6729500","6729848","59","5244074"
"chr1","11974821","11975121","chr20","119586593","119586896","26","107611772"
"chr1","11990632","11990924","chr20","97385643","97385937","37","85395011"
"chr1","12004713","12005020","chr20","119559084","119559397","27","107554371"
"chr1","12009475","12009651","chr27","46257832","46258008","28","34248357"
"chr1","12013999","12014309","chr5","27139098","27139405","38","15125099"
"chr1","12016467","12016774","chr20","119547680","119547985","25","107531213"
"chr1","12035805","12035872","chr14","46602715","46602784","10","34566910"
"chr1","12036260","12036396","chr6","41059241","41059375","13","29022981"
"chr1","12036708","12036885","chr20","119526917","119527094","14","107490209"
"chr1","12070141","12070443","chr20","119492193","119492486","34","107422052"
"chr1","12085806","12085903","chr5","2190912","2191011","16","9894894"
"chr1","12088602","12088716","chr10","82228549","82228662","17","70139947"
"chr1","12189378","12189680","chr20","119374661","119374958","35","107185283"
"chr1","12235165","12235461","chr20","119330424","119330733","37","107095259"
"chr1","12260018","12260323","chr12","8275530","8275842","36","3984488"
"chr1","12290749","12291047","chr16","10003600","10003889","36","2287149"
"chr1","12293744","12293972","chr3","19117299","19117498","65","6823555"
"chr1","12301447","12301761","chr26","3172015","3172326","40","9129432"
"chr1","12313679","12313963","chr22","32842443","32842726","46","20528764"
"chr1","12335832","12336149","chr8","26756386","26756696","39","14420554"
"chr1","12341198","12341507","chr20","119226717","119227024","31","106885519"
"chr1","12352697","12352918","chr1","10277942","10278150","46","2074755"
"chr1","12384380","12384678","chr20","119180892","119181187","34","106796512"
"chr1","12388190","12388488","chr9","93355051","93355353","37","80966861"
"chr1","12481117","12481395","chr3","25590006","25590301","63","13108889"
"chr1","12490523","12490819","chrX","38691482","38691776","40","26200959"
"chr1","12518330","12518642","chr20","119041760","119042071","29","106523430"
"chr1","12529698","12530002","chr20","119030313","119030618","34","106500615"
"chr1","12570983","12571151","chr2","35913236","35913400","39","23342253"
"chr1","12583026","12583196","chr7","35691409","35691580","37","23108383"
"chr1","12609496","12609671","chr2","12121617","12121771","54","487879"
"chr1","12621870","12622007","chr1","11892079","11892220","24","729791"
"chr1","12628604","12628878","chr20","118978833","118979107","41","106350229"
"chr1","12634019","12634228","chr24","79970716","79970932","37","67336697"
"chr1","12635581","12635683","chrX","58327106","58327209","13","45691525"
"chr1","12649716","12649888","chr2","35913236","35913400","44","23263520"
"chr1","12669017","12669236","chr23","80823076","80823294","45","68154059"
"chr1","12679641","12679932","chr5","14162905","14163193","47","1483264"
"chr1","12682992","12683251","chr20","118956477","118956736","36","106273485"
"chr1","12695044","12695348","chr20","118997598","118997899","36","106302554"
"chr1","12703343","12703630","chr23","37046032","37046323","48","24342689"
"chr1","12742401","12742693","chr5","14162905","14163193","49","1420504"
"chr1","12746613","12746872","chr20","118956477","118956736","34","106209864"
"chr1","12765014","12765310","chr4","69242436","69242738","44","56477422"
"chr1","12765854","12765991","chr6","50749966","50750102","20","37984112"
"chr1","12766035","12766095","chr7","115275899","115275956","14","102509864"
"chr1","12766101","12766164","chr21","88611177","88611245","19","75845076"
"chr1","12769960","12770258","chr5","28013616","28013909","49","15243656"
"chr1","12771930","12772135","chr28","16824806","16825019","36","4052876"
"chr1","12780040","12780322","chr11","95940414","95940694","45","83160374"
"chr1","12781469","12781778","chr8","124488620","124488927","43","111707151"
"chr1","12790309","12790602","chr5","69357360","69357651","51","56567051"
"chr1","12802710","12802969","chr20","118956477","118956736","34","106153767"
"chr1","12803493","12803752","chr20","118956477","118956736","34","106152984"
"chr1","12805605","12805911","chr20","118997598","118997899","43","106191993"
"chr1","12807984","12808290","chr20","118997598","118997899","44","106189614"
"chr1","12816002","12816138","chr23","79761985","79762120","21","66945983"
"chr1","12821161","12821458","chr4","69242436","69242738","43","56421275"
"chr1","12821887","12822043","chr19","20393749","20393903","35","7571862"
"chr1","12822138","12822436","chr4","69242436","69242738","44","56420298"
"chr1","12822973","12823270","chr4","69242436","69242738","44","56419463"
"chr1","12823338","12823377","chr14","68575780","68575823","10","55752442"
"chr1","12823484","12823498","chr3","84201788","84201798","6","71378304"
"chr1","12830471","12830753","chr11","95940414","95940694","45","83109943"
"chr1","12832370","12832690","chr16","53653398","53653704","52","40821028"
"chr1","12838355","12838662","chr20","118866124","118866418","42","106027769"
"chr1","12839772","12840101","chr11","104423346","104423677","45","91583574"
"chr1","12840403","12840712","chr8","124488620","124488927","44","111648217"
"chr1","12864705","12864875","chr17","38565599","38565761","37","25700894"
"chr1","12876612","12876867","chr20","118956477","118956736","37","106079865"
"chr1","12932689","12932912","chr9","40693787","40694018","58","27761098"
"chr1","12946781","12947085","chr12","24408438","24408742","45","11461657"
"chr1","12948445","12948463","chrX","111082974","111082992","3","98134529"
"chr1","12949779","12950096","chr10","37482678","37482974","54","24532899"
"chr1","12951275","12951578","chrX","110569766","110570065","49","97618491"
"chr1","12955424","12955718","chr5","14162905","14163193","47","1207481"
"chr1","12958738","12958997","chr20","118956477","118956736","35","105997739"
"chr1","12960862","12961163","chr20","118997598","118997899","44","106036736"
"chr1","12969600","12969909","chr8","124488620","124488927","43","111519020"
"chr1","12973424","12973729","chr6","30749858","30750154","50","17776434"
"chr1","12982414","12982619","chr28","16824806","16825019","36","3842392"
"chr1","12984346","12984644","chr20","118854713","118854998","47","105870367"
"chr1","12987063","12987245","chr21","45732302","45732479","35","32745239"
"chr1","12991293","12991430","chr19","21671793","21671927","18","8680500"
"chr1","12991747","12991907","chr20","97820970","97821099","61","84829223"
"chr1","13003837","13004110","chr20","118978833","118979107","36","105974996"
"chr1","13007197","13007490","chr5","69357360","69357651","51","56350163"
"chr1","13007974","13008308","chr11","90040355","90040673","69","77032381"
"chr1","13110886","13111054","chr11","105242015","105242175","39","92131129"
"chr1","13111132","13111354","chr21","4131350","4131571","56","8979782"
"chr1","13133342","13133480","chr14","68214386","68214516","26","55081044"
"chr1","13133775","13133934","chr9","21351791","21351954","28","8218016"
"chr1","13154955","13155270","chr11","11745190","11745498","54","1409765"
"chr1","13171696","13171996","chrUn_AQIB01159010v1","13665","13962","36","13158031"
"chr1","13173857","13174160","chr26","32821984","32822291","32","19648127"
"chr1","13183769","13183898","chr6","41059241","41059375","15","27875472"
"chr1","13192889","13193175","chr19","2856971","2857260","39","10335918"
"chr1","13197475","13197799","chr20","119004079","119004403","49","105806604"
"chr1","13200901","13201075","chr2","16455632","16455805","28","3254731"
"chr1","13205333","13205467","chr20","104360607","104360742","18","91155274"
"chr1","13205771","13205851","chr6","6487838","6487918","15","6717933"
"chr1","13208457","13208533","chr15","649092","649168","11","12559365"
"chr1","13210012","13210123","chr23","60097690","60097798","32","46887678"
"chr1","13212249","13212551","chr19","8078409","8078719","40","5133840"
"chr1","13212567","13212886","chr19","8817347","8817658","42","4395220"
"chr1","13286338","13286427","chr14","99492666","99492760","27","86206328"
"chr1","13286869","13287037","chr11","105242015","105242175","40","91955146"
"chr1","13308555","13308690","chr28","13619704","13619826","26","311149"
"chr1","13322005","13322140","chr2","86814455","86814587","20","73492450"
"chr1","13322893","13323077","chr27","9841854","9842033","31","3481039"
"chr1","13323078","13323258","chr4","61984899","61985068","48","48661821"
"chr1","13324839","13325160","chr16","53653398","53653704","48","40328559"
"chr1","13331211","13331526","chr11","11745190","11745498","54","1586021"
"chr1","13334828","13334988","chr28","14757436","14757580","61","1422608"
"chr1","13335056","13335352","chr4","69242436","69242738","41","55907380"
"chr1","13335448","13335730","chr5","4852547","4852828","63","8482901"
"chr1","13338589","13338847","chr20","118956477","118956736","30","105617888"
"chr1","13348858","13349034","chr16","25308441","25308621","34","11959583"
"chr1","13362969","13363266","chr11","1130960","1131257","51","12232009"
"chr1","13363320","13363520","chr14","3390505","3390705","38","9972815"
"chr1","13365394","13365525","chr1","100381068","100381200","14","87015674"
"chr1","13367812","13368098","chr19","2856971","2857260","39","10510841"
"chr1","13372216","13372540","chr20","119004079","119004403","49","105631863"
"chr1","13375643","13375817","chr2","16455632","16455805","28","3079989"
"chr1","13398891","13399186","chr6","12636647","12636942","35","762244"
"chr1","13409086","13409263","chr21","45732302","45732479","29","32323216"
"chr1","13420649","13420956","chr5","57592564","57592866","41","44171915"
"chr1","13440085","13440399","chrX","90317012","90317319","40","76876927"
"chr1","13440931","13441250","chr9","51598346","51598669","44","38157415"
"chr1","13449490","13449801","chr5","40626264","40626570","34","27176774"
"chr1","13457803","13458134","chr21","50612611","50612919","54","37154808"
"chr1","13460907","13461217","chr1","15497736","15498043","36","2036829"
"chr1","13464099","13464406","chr9","86282556","86282859","34","72818457"
"chr1","13465197","13465503","chr20","118755760","118756061","29","105290563"
"chr1","13486199","13486480","chr20","75222258","75222541","35","61736059"
"chr1","13491740","13492042","chr20","118727739","118728044","23","105235999"
"chr1","13493830","13494116","chr20","118725645","118725911","34","105231815"
"chr1","13524074","13524277","chr6","5504126","5504322","38","8019948"
"chr1","13533212","13533522","chr20","118687348","118687651","31","105154136"
