"chr1","186061","186108","chr20","1719102","1719155","13","1533041"
"chr1","335355","335658","chr14","365751","366053","12","30396"
"chr1","449611","449665","chr14","475827","475879","4","26216"
"chr1","477959","478266","chr14","511474","511777","20","33515"
"chr1","609311","609594","chr14","651621","651920","24","42310"
"chr1","677235","677538","chr14","721155","721445","24","43920"
"chr1","744549","744843","chr15","98217794","98218095","41","97473245"
"chr1","1614248","1614549","chr14","1631619","1631927","25","17371"
"chr1","2272506","2272749","chr4","162908118","162908351","50","160635612"
"chr1","2837320","2837613","chr14","2858451","2858748","16","21131"
"chr1","2858071","2858382","chr14","2878595","2878898","19","20524"
"chr1","3056484","3056789","chr14","3073969","3074264","21","17485"
"chr1","3229303","3229603","chr14","3266233","3266540","18","36930"
"chr1","3490115","3490413","chr14","3589972","3590263","19","99857"
"chr1","3707481","3707762","chr14","11431230","11431509","37","7723749"
"chr1","3989695","3989768","chr19","18290466","18290529","17","14300771"
"chr1","4334927","4335105","chr8","117190765","117190919","56","112855838"
"chr1","4366395","4366679","chr9","17711103","17711386","29","13344708"
"chr1","4595848","4596152","chr14","4650433","4650737","14","54585"
"chr1","4893725","4894019","chr14","4954409","4954707","16","60684"
"chr1","5224241","5224483","chr14","5283908","5284147","16","59667"
"chr1","5427338","5427631","chr14","5472689","5472968","42","45351"
"chr1","5552622","5552912","chr14","5592943","5593249","28","40321"
"chr1","5552986","5553001","chr2","90577539","90577554","3","85024553"
"chr1","5587451","5587576","chr16","52500001","52500127","22","46912550"
"chr1","5638729","5639007","chr11","78419372","78419647","55","72780643"
"chr1","6419013","6419323","chr1","130583719","130584027","37","124164706"
"chr1","6672443","6672757","chr14","6784617","6784928","21","112174"
"chr1","6699501","6699787","chr9","11818781","11819068","34","5119280"
"chr1","6987555","6987855","chr14","7115771","7116077","20","128216"
"chr1","7025973","7026277","chr14","7155194","7155502","20","129221"
"chr1","7047997","7048113","chr3","3263884","3263994","18","3784113"
"chr1","7060986","7061285","chr14","7192220","7192513","13","131234"
"chr1","7266169","7266537","chr13","20032499","20032838","96","12766330"
"chr1","7308588","7308867","chr14","7448979","7449258","9","140391"
"chr1","7322568","7322865","chr14","7464945","7465240","17","142377"
"chr1","7613399","7613709","chr14","7762920","7763225","12","149521"
"chr1","7718282","7718558","chr14","7867231","7867507","5","148949"
"chr1","7743906","7744215","chr14","7894571","7894878","15","150665"
"chr1","7748670","7748967","chr11","20760742","20761042","38","13012072"
"chr1","7765384","7765518","chr8","96348475","96348609","12","88583091"
"chr1","7881259","7881572","chr14","8029964","8030281","12","148705"
"chr1","8006090","8006394","chr14","8162466","8162771","6","156376"
"chr1","8012608","8012872","chr14","8168748","8169014","9","156140"
"chr1","8086501","8086784","chr14","8245618","8245901","3","159117"
"chr1","8192862","8192993","chr9","67195457","67195593","24","59002595"
"chr1","8274775","8274983","chr7","136387261","136387469","34","128112486"
"chr1","8643052","8643358","chr6","133967466","133967775","38","125324414"
"chr1","8696866","8697165","chr14","8859887","8860184","10","163021"
"chr1","8731653","8731900","chr7","90915153","90915395","35","82183500"
"chr1","8790492","8790780","chr14","8971703","8971988","8","181211"
"chr1","8926569","8926682","chr3","86955374","86955493","15","78028805"
"chr1","9062745","9063044","chr14","9266594","9266898","19","203849"
"chr1","9142653","9142941","chr6","75103462","75103752","31","65960809"
"chr1","9185341","9185424","chr14","9392717","9392800","1","207376"
"chr1","9328689","9328993","chr14","9553047","9553351","10","224358"
"chr1","9360845","9361141","chr14","9585348","9585647","17","224503"
"chr1","9431377","9431502","chr20","72711758","72711888","21","63280381"
"chr1","9839303","9839433","chr4","167609020","167609148","24","157769717"
"chr1","9886544","9886740","chr18","12383618","12383809","39","2497074"
"chr1","9923402","9923684","chr14","10215035","10215318","9","291633"
"chr1","10049442","10049732","chr14","10342839","10343135","23","293397"
"chr1","10049733","10049863","chr1","211967970","211968100","13","201918237"
"chr1","10318162","10318458","chr14","10622150","10622445","7","303988"
"chr1","10415859","10416187","chr7","127065534","127065841","57","116649675"
"chr1","10521098","10521406","chr14","10903137","10903445","10","382039"
"chr1","10575351","10575643","chr14","10960283","10960567","38","384932"
"chr1","10737262","10737562","chr14","11155790","11156093","14","418528"
"chr1","10885665","10885964","chr14","11284298","11284603","15","398633"
"chr1","10964645","10964948","chr14","32879313","32879618","33","21914668"
"chr1","11038030","11038180","chr7","42239882","42240023","35","31201852"
"chr1","11078438","11078735","chr1","52317396","52317682","52","41238958"
"chr1","11098683","11098970","chr14","11501444","11501741","17","402761"
"chr1","11195470","11195768","chr14","11594782","11595085","20","399312"
"chr1","11268259","11268544","chr10","28931587","28931866","99","17663328"
"chr1","11405147","11405439","chr14","11823154","11823447","7","418007"
"chr1","11449541","11449843","chr7","154859950","154860245","36","143410409"
"chr1","11509705","11509992","chr14","11935076","11935364","10","425371"
"chr1","12214032","12214369","chr3","79268073","79268382","71","67054041"
"chr1","12438139","12438436","chr14","12974756","12975042","25","536617"
"chr1","12586729","12587026","chr14","12822921","12823214","21","236192"
"chr1","13421153","13421461","chr14","13889613","13889928","15","468460"
"chr1","14034706","14035003","chr19","40239184","40239491","57","26204478"
"chr1","14043292","14043520","chr14","14505803","14506031","7","462511"
"chr1","14058753","14059032","chr14","14520740","14521021","14","461987"
"chr1","14059072","14059086","chr3","17611228","17611239","4","3552156"
"chr1","14340703","14341012","chr14","14799014","14799323","12","458311"
"chr1","14536369","14536671","chr11","20760742","20761042","45","6224373"
"chr1","14591159","14591426","chr14","15014293","15014567","18","423134"
"chr1","14808370","14808664","chr14","15223681","15223973","16","415311"
"chr1","15543077","15543374","chr14","15952545","15952839","17","409468"
"chr1","15609288","15609586","chr14","16018557","16018852","7","409269"
"chr1","15692486","15692585","chr6","176672308","176672411","14","160979822"
"chr1","15791159","15791466","chr14","16203141","16203450","13","411982"
"chr1","15800958","15801262","chr14","16212837","16213138","12","411879"
"chr1","15862065","15862374","chr14","16270160","16270467","23","408095"
"chr1","16370675","16370978","chr14","16765725","16766033","19","395050"
"chr1","16536871","16537143","chr6","140552009","140552286","44","124015138"
"chr1","16838288","16838572","chr14","17378313","17378597","4","540025"
"chr1","17105200","17105498","chr14","17800379","17800686","28","695179"
"chr1","17283164","17283472","chr14","17978197","17978501","21","695033"
"chr1","17423123","17423430","chr14","18121598","18121888","40","698475"
"chr1","17663927","17664181","chr1","140165397","140165649","45","122501470"
"chr1","17768407","17768750","chr14","18459461","18459751","57","691054"
"chr1","17951011","17951309","chr5","147545329","147545626","37","129594318"
"chr1","18300604","18300863","chr14","19018848","19019107","6","718244"
"chr1","18375911","18376144","chr1","209915967","209916206","35","191540056"
"chr1","18422941","18422987","chr5","40421550","40421599","9","21998609"
"chr1","18525048","18525193","chr14","19226917","19227062","1","701869"
"chr1","18569784","18570097","chr14","19273918","19274208","29","704134"
"chr1","18628504","18628807","chr14","19335017","19335312","17","706513"
"chr1","18675946","18676242","chr14","19388175","19388472","14","712229"
"chr1","19144468","19144609","chr7","165922958","165923090","41","146778490"
"chr1","19144850","19144895","chr2","89577657","89577701","19","70432807"
"chr1","19184037","19184145","chr14","19895065","19895175","4","711028"
"chr1","19362596","19362906","chr14","20075452","20075761","6","712856"
"chr1","20271829","20272128","chr14","20973505","20973805","11","701676"
"chr1","20346354","20346557","chr7","17062501","17062707","36","3283853"
"chr1","20836893","20837193","chr14","21520945","21521238","15","684052"
"chr1","21312868","21313163","chr14","21985855","21986143","21","672987"
"chr1","21484113","21484426","chr14","22149240","22149533","27","665127"
"chr1","21512792","21512987","chr14","22175808","22176003","6","663016"
"chr1","21805992","21806296","chr14","22464473","22464778","18","658481"
"chr1","21908644","21908788","chr8","143538246","143538390","19","121629602"
"chr1","21908799","21908872","chr10","70574523","70574593","20","48665724"
"chr1","21908885","21909148","chr9","63360318","63360587","37","41451433"
"chr1","22014129","22014427","chr14","22722217","22722510","13","708088"
"chr1","23339210","23339516","chr14","24032031","24032335","9","692821"
"chr1","23837818","23838095","chr7","83893347","83893626","36","60055529"
"chr1","24159641","24159900","chr14","24902945","24903202","16","743304"
"chr1","25333745","25334052","chr14","26027794","26028100","11","694049"
"chr1","25788556","25788851","chr10","21197264","21197563","48","4591292"
"chr1","25850304","25850598","chr14","26534004","26534295","14","683700"
"chr1","25876974","25877264","chr14","26561088","26561367","19","684114"
"chr1","25970067","25970095","chr5","64080799","64080835","11","38110732"
"chr1","25970139","25970266","chr3","52067202","52067320","29","26097063"
"chr1","26009573","26009876","chr11","20760742","20761042","43","5248831"
"chr1","26009898","26010068","chr9","110577065","110577236","30","84567167"
"chr1","26110143","26110449","chr6","133967466","133967775","35","107857323"
"chr1","27400169","27400450","chr14","28095780","28096076","23","695611"
"chr1","27402816","27403106","chr14","28098442","28098736","13","695626"
"chr1","27745206","27745486","chr14","28443563","28443845","12","698357"
"chr1","29294849","29295125","chr3","168015280","168015557","33","138720431"
"chr1","29387010","29387289","chr14","30044685","30044955","19","657675"
"chr1","29400915","29401120","chr14","30058222","30058436","12","657307"
"chr1","29620105","29620414","chr14","30272004","30272301","18","651899"
"chr1","29621888","29622188","chr14","30273512","30273820","17","651624"
"chr1","29712863","29713163","chr15","66821848","66822147","29","37108985"
"chr1","29918251","29918559","chr14","30566742","30567049","14","648491"
"chr1","29954875","29955174","chr14","30602505","30602797","23","647630"
"chr1","30466769","30467065","chr14","31119060","31119365","18","652291"
"chr1","30968724","30968989","chr6","39412643","39412908","43","8443919"
"chr1","31094940","31095265","chr14","31730320","31730643","26","635380"
"chr1","31172513","31172803","chr14","31804171","31804465","9","631658"
"chr1","31207787","31208094","chr14","31840118","31840425","11","632331"
"chr1","31259486","31259780","chr14","31883912","31884211","7","624426"
"chr1","32028693","32028980","chr14","32697764","32698064","21","669071"
"chr1","32042837","32043070","chr14","32708190","32708423","10","665353"
"chr1","32046279","32046567","chr14","32711584","32711882","19","665305"
"chr1","32051188","32051490","chr14","32716489","32716782","17","665301"
"chr1","32078310","32078620","chr14","32743854","32744161","12","665544"
"chr1","32185350","32185644","chr14","32879313","32879618","20","693963"
"chr1","32220138","32220445","chr10","72436562","72436871","29","40216424"
"chr1","32292104","32292395","chr5","111584857","111585158","40","79292753"
"chr1","32351687","32351986","chr14","33038975","33039282","18","687288"
"chr1","32665386","32665665","chr14","33355575","33355864","23","690189"
"chr1","32854681","32854917","chr15","108376132","108376358","54","75521451"
"chr1","32855214","32855299","chr1","27569944","27570028","19","5285270"
"chr1","33322646","33322945","chr14","34022293","34022592","10","699647"
"chr1","33477981","33478289","chr14","34179088","34179397","14","701107"
"chr1","33616874","33617163","chr14","34360460","34360750","8","743586"
"chr1","33735181","33735329","chr1","61366889","61367029","33","27631708"
"chr1","34830370","34830659","chr1","34944335","34944626","41","113965"
"chr1","35298023","35298312","chr14","36061909","36062198","7","763886"
"chr1","36079803","36080100","chr14","36889510","36889828","27","809707"
"chr1","36656708","36657018","chr14","37476759","37477069","8","820051"
"chr1","37357851","37358154","chr14","38211326","38211629","14","853475"
"chr1","37625094","37625393","chr14","38481857","38482155","10","856763"
"chr1","38609642","38609938","chr14","39489287","39489584","12","879645"
"chr1","39303248","39303448","chr1","94600073","94600253","53","55296825"
"chr1","39576787","39576899","chr14","40530180","40530292","1","953393"
"chr1","39957000","39957281","chr15","108738813","108739094","38","68781813"
"chr1","40186193","40186501","chr14","41197815","41198115","14","1011622"
"chr1","40645791","40646085","chr15","87775402","87775695","46","47129611"
"chr1","40789827","40790128","chr14","42314733","42315025","17","1524906"
"chr1","41056319","41056617","chr14","42037979","42038274","13","981660"
"chr1","41721050","41721340","chr14","42868264","42868554","9","1147214"
"chr1","41979357","41979596","chr14","43139687","43139914","20","1160330"
"chr1","42089594","42089908","chr14","43260611","43260912","17","1171017"
"chr1","42767254","42767406","chr8","129196243","129196395","8","86428989"
"chr1","42919860","42920102","chr14","44093027","44093265","24","1173167"
"chr1","43486737","43487042","chr1","35064440","35064741","36","8422297"
"chr1","43793964","43794268","chr14","45028708","45029008","18","1234744"
"chr1","44309687","44309985","chr14","45554555","45554854","9","1244868"
"chr1","44310511","44310819","chr14","45555380","45555675","26","1244869"
"chr1","44461610","44461904","chr14","45706859","45707152","13","1245249"
"chr1","44914161","44914452","chr14","46238561","46238865","21","1324400"
"chr1","44962256","44962555","chr14","46287679","46287981","15","1325423"
"chr1","45751661","45751954","chr14","47078596","47078892","8","1326935"
"chr1","45859746","45859907","chr14","47186678","47186840","11","1326932"
"chr1","46268949","46269013","chr3","166861017","166861080","17","120592068"
"chr1","46491849","46492150","chr14","47896536","47896835","4","1404687"
"chr1","47529841","47530117","chr14","48963308","48963601","33","1433467"
"chr1","47703990","47704286","chr14","49144206","49144512","22","1440216"
"chr1","48247145","48247405","chr7","125704858","125705128","61","77457713"
"chr1","50364882","50365169","chr14","51907637","51907925","3","1542755"
"chr1","50489230","50489525","chr14","52036590","52036878","15","1547360"
"chr1","50529774","50530054","chr14","52076922","52077173","38","1547148"
"chr1","50673810","50674113","chr20","3524454","3524757","46","47149356"
"chr1","50678867","50679117","chr14","52223950","52224214","21","1545083"
"chr1","51035370","51035662","chr14","52588961","52589239","25","1553591"
"chr1","51164773","51165080","chr14","52717638","52717945","11","1552865"
"chr1","52499822","52500000","chr1","118339977","118340163","34","65840155"
"chr1","52791819","52792090","chr14","54381483","54381784","33","1589664"
"chr1","53337568","53337863","chr14","54950585","54950895","24","1613017"
"chr1","53767711","53767998","chr17","20328991","20329279","36","33438720"
"chr1","54184359","54184664","chr9","29917982","29918288","43","24266377"
"chr1","54806147","54806254","chr14","19895065","19895175","19","34911082"
"chr1","54907567","54907700","chr2","100939608","100939742","21","46032041"
"chr1","55208231","55208438","chr14","56873275","56873482","6","1665044"
"chr1","55236878","55237165","chr14","56902346","56902633","13","1665468"
"chr1","55338811","55339115","chr12","84551177","84551483","46","29212366"
"chr1","55404389","55404686","chr14","57071174","57071479","16","1666785"
"chr1","55462685","55462982","chr14","57129711","57130008","10","1667026"
"chr1","55474087","55474393","chr14","57141885","57142194","18","1667798"
"chr1","55479193","55479488","chr14","57146422","57146717","6","1667229"
"chr1","55513701","55514011","chr14","57191989","57192299","8","1678288"
"chr1","55554572","55554867","chr14","57232308","57232608","10","1677736"
"chr1","55601903","55602194","chr14","57281363","57281636","21","1679460"
"chr1","56961737","56962012","chr14","58631791","58632086","25","1670054"
"chr1","57280474","57280765","chr14","59014347","59014644","17","1733873"
"chr1","57899913","57900199","chr14","59679497","59679781","9","1779584"
"chr1","57993153","57993457","chr14","59785884","59786193","18","1792731"
"chr1","58165735","58166033","chr14","60120829","60121119","14","1955094"
"chr1","60789638","60789947","chr2","172871630","172871939","44","112081992"
"chr1","60987539","60987752","chr12","72166368","72166584","43","11178829"
"chr1","61048676","61048974","chr14","61459020","61459322","18","410344"
"chr1","61085007","61085301","chr14","61497342","61497638","12","412335"
"chr1","61657675","61657969","chr14","62259032","62259322","11","601357"
"chr1","62605399","62605682","chr14","63298039","63298318","10","692640"
"chr1","62973229","62973484","chr14","63674254","63674507","5","701025"
"chr1","63117384","63117672","chr14","63826230","63826533","20","708846"
"chr1","63188406","63188712","chr14","63899317","63899626","12","710911"
"chr1","63674757","63674878","chrX","82789709","82789831","22","19114952"
"chr1","63711064","63711362","chr14","64433342","64433650","16","722278"
"chr1","63915738","63916013","chr14","64639856","64640131","11","724118"
"chr1","64217354","64217661","chr14","64943165","64943458","18","725811"
"chr1","64406402","64406682","chr5","37261556","37261839","14","27144846"
"chr1","64682907","64683033","chr14","65430769","65430903","14","747862"
"chr1","64816119","64816429","chr14","65564170","65564482","15","748051"
"chr1","64865119","64865416","chr14","65614405","65614701","8","749286"
"chr1","64953626","64953920","chr3","109998255","109998550","33","45044629"
"chr1","64982479","64982761","chr14","65734202","65734489","11","751723"
"chr1","65042237","65042542","chr14","65802623","65802929","9","760386"
"chr1","65102131","65102418","chr14","65864309","65864596","4","762178"
"chr1","65146619","65146931","chr14","65909700","65910014","9","763081"
"chr1","65166959","65167258","chr14","65930840","65931139","8","763881"
"chr1","65667573","65667874","chr14","66497398","66497704","15","829825"
"chr1","65713054","65713343","chr14","66555231","66555518","7","842177"
"chr1","65810600","65810904","chr14","66699146","66699453","30","888546"
"chr1","65811390","65811700","chr20","56003346","56003653","35","9808044"
"chr1","65812549","65812863","chr10","72436562","72436871","46","6624013"
"chr1","66543995","66544268","chr14","67442781","67443049","42","898786"
"chr1","66559431","66559714","chr14","67460454","67460748","16","901023"
"chr1","66607389","66607682","chr14","67519626","67519919","7","912237"
"chr1","66763889","66764138","chr20","16368723","16368975","37","50395166"
"chr1","66770178","66770346","chr14","67726695","67726867","7","956517"
"chr1","66802088","66802400","chr14","67759893","67760214","14","957805"
"chr1","66926212","66926503","chr14","67884484","67884776","7","958272"
"chr1","67566937","67567228","chr1","34944335","34944626","31","32622602"
"chr1","68394201","68394508","chrX","50907005","50907307","37","17487196"
"chr1","68504497","68504793","chr14","69481457","69481755","7","976960"
"chr1","68581324","68581621","chr14","69563720","69564016","8","982396"
"chr1","68860714","68860974","chr14","69854095","69854358","21","993381"
"chr1","68970266","68970543","chr14","69966094","69966371","9","995828"
"chr1","68990574","68990859","chr14","69986421","69986704","8","995847"
"chr1","69066009","69066297","chr14","70064761","70065064","26","998752"
"chr1","69523603","69523888","chr5","58871437","58871718","33","10652166"
"chr1","69987806","69987963","chr14","71007754","71007907","5","1019948"
"chr1","70897757","70898029","chr14","71932492","71932784","30","1034735"
"chr1","71131341","71131637","chr14","72170774","72171072","8","1039433"
"chr1","71429644","71429947","chr14","72460341","72460630","32","1030697"
"chr1","71596274","71596584","chr14","72634158","72634465","12","1037884"
"chr1","72701898","72702181","chr14","73810280","73810560","13","1108382"
"chr1","73623928","73624197","chr14","74796859","74797128","3","1172931"
"chr1","74176948","74177248","chr14","75346864","75347165","6","1169916"
"chr1","74396070","74396346","chr14","75569312","75569584","15","1173242"
"chr1","74575739","74576035","chr14","75763518","75763808","15","1187779"
"chr1","74924300","74924595","chr1","34107750","34108040","45","40816550"
"chr1","74938780","74939084","chr14","76178503","76178804","29","1239723"
"chr1","75066446","75066748","chr14","76306355","76306661","11","1239909"
"chr1","75070017","75070323","chr6","149620525","149620832","37","74550508"
"chr1","75349818","75350108","chr14","76589169","76589460","7","1239351"
"chr1","75433981","75434284","chr14","76674091","76674396","14","1240110"
"chr1","76828086","76828358","chr14","78169573","78169845","12","1341487"
"chr1","76971015","76971314","chr14","78314134","78314434","9","1343119"
"chr1","77058753","77059041","chr14","78397872","78398160","8","1339119"
"chr1","77159136","77159266","chr14","78491007","78491137","1","1331871"
"chr1","77272974","77273269","chr14","78607114","78607406","13","1334140"
"chr1","77580958","77581251","chr14","78915164","78915457","3","1334206"
"chr1","77624095","77624399","chr14","78938823","78939127","9","1314728"
"chr1","78313905","78314211","chr14","79632815","79633116","16","1318910"
"chr1","79252124","79252431","chr14","80581116","80581425","7","1328992"
"chr1","79460359","79460616","chr4","36173365","36173609","65","43286994"
"chr1","79707021","79707313","chr14","81072639","81072931","8","1365618"
"chr1","80493355","80493645","chr14","81871038","81871328","9","1377683"
"chr1","80644072","80644378","chr14","82021703","82021995","21","1377631"
"chr1","80729590","80729904","chr14","82097818","82098104","35","1368228"
"chr1","81475649","81475939","chr1","110424913","110425201","60","28949264"
"chr1","81771309","81771421","chr14","83082031","83082157","16","1310722"
"chr1","82406258","82406566","chr14","83704402","83704708","25","1298144"
"chr1","82778210","82778474","chr12","90087634","90087914","64","7309424"
"chr1","82778475","82778604","chr20","228073","228202","17","82550402"
"chr1","83212418","83212718","chr14","84603076","84603356","44","1390658"
"chr1","83241401","83241681","chr14","84631037","84631314","8","1389636"
"chr1","84078127","84078396","chr14","85475187","85475445","21","1397060"
"chr1","84581325","84581595","chr7","67078587","67078856","43","17502738"
"chr1","84642400","84642694","chr14","86033888","86034188","20","1391488"
"chr1","84644303","84644440","chr14","86035674","86035846","39","1391371"
"chr1","84961868","84962156","chr14","86353003","86353291","6","1391135"
"chr1","84971033","84971323","chr14","86362341","86362636","13","1391308"
"chr1","85324611","85324884","chr14","86718849","86719146","31","1394238"
"chr1","85717191","85717455","chr10","84952360","84952623","63","764831"
"chr1","86467570","86467849","chr14","87841512","87841794","10","1373942"
"chr1","86920138","86920446","chr14","88289418","88289747","33","1369280"
"chr1","87321652","87321963","chr14","88678392","88678703","5","1356740"
"chr1","89061601","89061890","chr14","90519638","90519925","23","1458037"
"chr1","89781597","89781911","chr14","91280867","91281181","7","1499270"
"chr1","89981933","89982205","chr14","91476963","91477241","11","1495030"
"chr1","90666375","90666673","chr14","92202484","92202770","23","1536109"
"chr1","93017942","93018239","chr17","63476357","63476657","47","29541585"
"chr1","93207858","93208126","chr14","94732906","94733172","11","1525048"
"chr1","93636747","93637027","chr7","57561536","57561814","41","36075211"
"chr1","93684906","93685203","chr14","95207887","95208184","14","1522981"
"chr1","93797372","93797669","chr14","95319738","95320028","19","1522366"
"chr1","94293794","94293836","chr4","125473296","125473336","9","31179502"
"chr1","94449783","94450074","chr14","95971917","95972208","13","1522134"
"chr1","94481618","94481900","chr14","96003538","96003824","13","1521920"
"chr1","94563215","94563485","chr14","96082662","96082964","39","1519447"
"chr1","97251820","97252124","chr14","98751534","98751831","12","1499714"
"chr1","98693974","98694233","chr7","68050523","68050798","48","30643451"
"chr1","98859957","98860273","chr14","100351554","100351868","16","1491597"
"chr1","98960303","98960603","chr14","100451130","100451427","13","1490827"
"chr1","99010740","99011053","chr14","100502499","100502804","21","1491759"
"chr1","99121590","99121880","chr14","100609612","100609903","21","1488022"
"chr1","99215117","99215253","chr14","100708207","100708343","8","1493090"
"chr1","99228374","99228543","chr16","49740245","49740408","24","49488129"
"chr1","99995650","99995808","chr8","41792103","41792268","26","58203547"
"chr1","100637811","100638119","chr14","102114913","102115221","6","1477102"
"chr1","101377877","101378171","chr14","102921286","102921577","8","1543409"
"chr1","101516444","101516734","chr14","103059713","103060004","9","1543269"
"chr1","101573986","101574156","chr14","103116215","103116385","9","1542229"
"chr1","101591751","101591871","chr3","3263884","3263994","29","98327867"
"chr1","102600458","102600751","chr14","104139962","104140258","12","1539504"
"chr1","102867195","102867490","chr14","104402035","104402326","13","1534840"
"chr1","103001759","103002077","chr8","142897998","142898314","41","39896239"
"chr1","103446520","103446822","chr14","104982982","104983285","12","1536462"
"chr1","103457985","103458293","chr14","104992765","104993071","10","1534780"
"chr1","104470958","104471266","chr2","180222681","180222995","38","75751723"
"chr1","104562716","104563010","chr14","106066119","106066413","9","1503403"
"chr1","104868341","104868632","chr14","106361933","106362224","7","1493592"
"chr1","105084599","105084898","chr14","106576430","106576726","4","1491831"
"chr1","105107738","105107949","chr20","27940838","27941048","36","77166900"
"chr1","106079163","106079424","chr14","107536937","107537198","8","1457774"
"chr1","106185361","106185647","chr14","107645536","107645822","11","1460175"
"chr1","106576923","106577226","chr14","108055191","108055496","13","1478268"
"chr1","106771173","106771469","chr14","108248219","108248513","9","1477046"
"chr1","106862023","106862331","chr14","108339071","108339373","27","1477048"
"chr1","106959839","106960069","chr14","108435433","108435667","6","1475594"
"chr1","107134266","107134447","chr14","108608033","108608208","22","1473767"
"chr1","107553578","107553909","chr14","109026454","109026772","19","1472876"
"chr1","108232344","108232644","chr14","109693693","109693997","9","1461349"
"chr1","108300659","108300949","chr14","109761640","109761939","18","1460981"
"chr1","108391842","108392049","chr14","109851816","109852021","10","1459974"
"chr1","108478581","108478891","chr1","162842240","162842549","39","54363659"
"chr1","108497843","108498144","chr14","109955030","109955324","16","1457187"
"chr1","108537320","108537632","chr14","109995787","109996092","19","1458467"
"chr1","108598109","108598405","chr14","110059817","110060113","4","1461708"
"chr1","108655903","108656196","chr14","110120478","110120772","10","1464575"
"chr1","108685785","108686085","chr14","110150445","110150751","19","1464660"
"chr1","109790831","109791123","chr14","111247560","111247860","18","1456729"
"chr1","109836504","109836802","chr14","111294905","111295203","10","1458401"
"chr1","109924260","109924555","chr14","111383332","111383627","5","1459072"
"chr1","109936724","109937027","chr14","111397576","111397874","11","1460852"
"chr1","110010130","110010435","chr14","111472695","111473000","7","1462565"
"chr1","110069942","110070217","chr14","111544285","111544582","26","1474343"
"chr1","110070240","110070388","chr2","28534257","28534406","18","81535983"
"chr1","110114606","110114888","chr6","100423643","100423925","38","9690963"
"chr1","110201575","110201864","chr2","165602352","165602636","39","55400777"
"chr1","110215983","110216163","chr14","111686552","111686732","14","1470569"
"chr1","110317100","110317399","chr14","111790464","111790775","19","1473364"
"chr1","110377684","110377975","chr14","111861081","111861373","8","1483397"
"chr1","110773079","110773145","chr16","23280957","23281021","11","87492122"
"chr1","111061341","111061624","chr14","112532696","112532979","8","1471355"
"chr1","111196741","111196824","chr11","121513358","121513445","35","10316617"
"chr1","111196822","111196945","chr5","429813","429942","34","110767009"
"chr1","111610052","111610341","chr14","113063483","113063774","24","1453431"
"chr1","111740704","111741003","chr14","113192690","113192987","11","1451986"
"chr1","112155935","112156212","chr14","113593457","113593764","35","1437522"
"chr1","112610540","112610791","chr14","114071638","114071890","13","1461098"
"chr1","112862393","112862695","chr14","114308996","114309297","10","1446603"
"chr1","112885529","112885826","chr14","114332900","114333219","35","1447371"
"chr1","112893855","112893969","chr5","1895426","1895542","21","110998429"
"chr1","112929344","112929645","chr14","114375681","114375975","15","1446337"
"chr1","113156150","113156398","chr14","114597913","114598157","13","1441763"
"chr1","113325394","113325698","chr14","114761220","114761505","28","1435826"
"chr1","113504457","113504743","chr14","114938974","114939258","3","1434517"
"chr1","113701331","113701623","chr14","115128750","115129035","11","1427419"
"chr1","113921523","113921820","chr14","115341074","115341368","15","1419551"
"chr1","114033894","114034193","chr14","115454571","115454867","14","1420677"
"chr1","114383689","114383989","chr2","56858801","56859099","36","57524888"
"chr1","114482348","114482630","chr14","115928251","115928538","9","1445903"
"chr1","114482634","114482933","chr14","115928542","115928836","14","1445908"
"chr1","114796555","114796864","chr14","116250204","116250504","18","1453649"
"chr1","114835639","114835962","chr14","116286584","116286902","36","1450945"
"chr1","114922378","114922500","chrX","52874535","52874653","16","62047843"
"chr1","115101604","115101892","chr14","116546630","116546921","32","1445026"
"chr1","115936272","115936491","chr14","117522571","117522791","5","1586299"
"chr1","116702652","116702933","chr10","8046127","8046411","34","108656525"
"chr1","117026263","117026426","chr14","118724774","118724935","7","1698511"
"chr1","117411082","117411394","chr14","119113116","119113427","9","1702034"
"chr1","117467462","117467775","chr14","119170131","119170452","20","1702669"
"chr1","117515422","117515718","chr15","77908467","77908764","73","39606955"
"chr1","117571736","117572044","chr14","119271074","119271385","11","1699338"
"chr1","117659829","117660135","chr14","119359430","119359733","14","1699601"
"chr1","117954305","117954603","chr14","119653166","119653461","8","1698861"
"chr1","119205630","119205915","chr14","120865813","120866121","28","1660183"
"chr1","119206012","119206024","chr3","17611228","17611239","2","101594784"
"chr1","119397052","119397342","chr14","121054422","121054685","34","1657370"
"chr1","120017858","120018145","chr2","89129177","89129473","44","30888681"
"chr1","120476004","120476295","chr14","122115112","122115411","24","1639108"
"chr1","120558770","120559064","chrX","63823726","63824026","40","56735044"
"chr1","120796869","120797167","chr14","122445832","122446124","15","1648963"
"chr1","120828578","120828903","chr14","122475016","122475343","11","1646438"
"chr1","121229121","121229428","chr14","122865292","122865591","18","1636171"
"chr1","121387173","121387472","chr8","77758483","77758793","37","43628690"
"chr1","122078820","122079044","chr14","123761107","123761319","16","1682287"
"chr1","122227386","122227685","chr14","123910415","123910720","17","1683029"
"chr1","122551837","122552126","chr14","124236854","124237137","10","1685017"
"chr1","122586994","122587271","chr14","124272137","124272414","8","1685143"
"chr1","122670348","122670644","chr14","124357611","124357906","8","1687263"
"chr1","122978514","122978847","chr2","56858801","56859099","74","66119713"
"chr1","123688344","123688484","chr6","109711621","109711763","33","13976723"
"chr1","123915771","123915811","chr11","52502430","52502469","9","71413341"
"chr1","123952715","123953023","chr14","125608951","125609255","11","1656236"
"chr1","124050303","124050454","chr14","125744939","125745091","8","1694636"
"chr1","124050496","124050647","chr14","125745125","125745296","25","1694629"
"chr1","124153480","124153811","chr14","125854564","125854844","62","1701084"
"chr1","124161627","124161932","chr14","125862660","125862958","17","1701033"
"chr1","124889574","124889841","chr14","126702343","126702612","8","1812769"
"chr1","125024996","125025302","chr14","126886848","126887146","12","1861852"
"chr1","125539185","125539461","chr14","127471985","127472264","15","1932800"
"chr1","125540644","125540920","chr14","127471985","127472264","15","1931341"
"chr2","201326","201639","chr10","241644","241954","14","40318"
"chr2","313678","313866","chr1","122813395","122813590","37","122499717"
"chr2","499327","499617","chr7","33106179","33106472","37","32606852"
"chr2","1066142","1066417","chr10","1179027","1179302","11","112885"
"chr2","1356667","1356900","chr15","14303761","14303995","33","12947094"
"chr2","1554332","1554443","chr10","1680319","1680438","9","125987"
"chr2","1991028","1991334","chr12","45548893","45549202","40","43557865"
"chr2","2127280","2127583","chr15","25299735","25300039","39","23172455"
"chr2","2422785","2423088","chr10","2586650","2586959","22","163865"
"chr2","3129696","3130003","chr10","3390591","3390894","17","260895"
"chr2","3799077","3799394","chr10","4023888","4024201","21","224811"
"chr2","4550329","4550583","chr10","4782408","4782662","8","232079"
"chr2","4709136","4709412","chr7","83893347","83893626","41","79184211"
"chr2","4976621","4976741","chr3","52067202","52067320","12","47090581"
"chr2","5238241","5238519","chr10","5501784","5502062","3","263543"
"chr2","5560803","5561086","chr10","5829006","5829280","17","268203"
"chr2","5724032","5724228","chr10","71948389","71948587","36","66224357"
"chr2","6238770","6239073","chr10","6524234","6524537","11","285464"
"chr2","6749911","6750206","chr10","7042991","7043290","8","293080"
"chr2","6803049","6803335","chr1","33771872","33772158","31","26968823"
"chr2","7233653","7233960","chr10","7532556","7532855","25","298903"
"chr2","7363281","7363456","chr10","7666075","7666243","14","302794"
"chr2","7504886","7505196","chr8","77758483","77758793","22","70253597"
"chr2","7577214","7577318","chr2","90794203","90794315","30","83216989"
"chr2","7577624","7577697","chr4","133032510","133032583","17","125454886"
"chr2","7593632","7593755","chr10","7916681","7916804","3","323049"
"chr2","7687079","7687401","chr10","8012164","8012480","18","325085"
"chr2","7721210","7721494","chr10","8046127","8046411","9","324917"
"chr2","7727690","7727993","chr10","8052920","8053224","6","325230"
"chr2","8823834","8824133","chr6","155826436","155826718","73","147002602"
"chr2","9139853","9140140","chrX","63823726","63824026","50","54683873"
"chr2","9615696","9615984","chr10","9992224","9992529","30","376528"
"chr2","10270080","10270351","chr10","10642583","10642854","8","372503"
"chr2","10339052","10339336","chr4","120928275","120928557","34","110589223"
"chr2","10369127","10369438","chr10","10711467","10711753","32","342340"
"chr2","10557335","10557628","chr10","10902070","10902361","10","344735"
"chr2","10875291","10875598","chr10","11221952","11222232","35","346661"
"chr2","11078883","11079185","chr10","11429848","11430145","8","350965"
"chr2","11271756","11272045","chr10","11621405","11621694","9","349649"
"chr2","11465611","11465929","chr10","11819602","11819923","20","353991"
"chr2","11892453","11892737","chr10","12246899","12247199","31","354446"
"chr2","11941673","11941971","chr10","12334405","12334706","31","392732"
"chr2","11956421","11956671","chr10","12347841","12348089","6","391420"
"chr2","12016761","12017041","chr10","12413154","12413462","33","396393"
"chr2","12031294","12031409","chr5","1895426","1895542","21","10135868"
"chr2","12062172","12062451","chr10","12461602","12461880","14","399430"
"chr2","12068141","12068435","chr10","12467724","12468024","24","399583"
"chr2","12094825","12095113","chr11","98241517","98241806","41","86146692"
"chr2","12099007","12099299","chr10","12499589","12499874","21","400582"
"chr2","12229035","12229246","chr10","12637857","12638068","4","408822"
"chr2","12277309","12277609","chr10","12689013","12689313","12","411704"
"chr2","12327184","12327443","chr10","12741722","12741964","29","414538"
"chr2","12745355","12745631","chr10","13165362","13165644","17","420007"
"chr2","13048439","13048721","chr10","13469920","13470200","11","421481"
"chr2","13154797","13154910","chr19","30422061","30422176","19","17267264"
"chr2","13316902","13317112","chr2","197340219","197340429","35","184023317"
"chr2","13376263","13376578","chr10","13804948","13805259","16","428685"
"chr2","13470021","13470309","chr15","18046898","18047193","39","4576877"
"chr2","13869990","13870296","chr10","14305749","14306050","13","435759"
"chr2","13964815","13965120","chr10","14399544","14399849","25","434729"
"chr2","14061215","14061443","chr3","150154894","150155121","44","136093679"
"chr2","14267810","14267928","chr10","14690884","14691002","3","423074"
"chr2","14656862","14657036","chr11","111738422","111738572","53","97081560"
"chr2","14763961","14764264","chr10","15201336","15201636","13","437375"
"chr2","14829712","14830008","chr10","15284790","15285069","28","455078"
"chr2","14848640","14848936","chr10","15303633","15303932","15","454993"
"chr2","14953819","14954119","chr10","15421592","15421894","7","467773"
"chr2","15018674","15018965","chr10","15489134","15489425","6","470460"
"chr2","15099785","15100094","chr10","15568021","15568320","23","468236"
"chr2","15866953","15867257","chr10","16355185","16355483","24","488232"
"chr2","16303035","16303338","chr10","16857323","16857629","12","554288"
"chr2","16354446","16354549","chr10","16908123","16908232","8","553677"
"chr2","16420377","16420670","chr10","16976565","16976858","3","556188"
"chr2","16490472","16490777","chr10","17061891","17062197","9","571419"
"chr2","16628919","16629201","chr10","17213027","17213332","24","584108"
"chr2","17423179","17423489","chr9","29917982","29918288","38","12494803"
"chr2","17881225","17881532","chr10","18498968","18499275","3","617743"
"chr2","17964279","17964583","chr10","18587416","18587714","13","623137"
"chr2","18115940","18116064","chr13","94814905","94815038","24","76698965"
"chr2","18228939","18229246","chr3","55837749","55838058","35","37608810"
"chr2","18516475","18516643","chr10","32388531","32388697","28","13872056"
"chr2","18738978","18739284","chr10","19386026","19386316","25","647048"
"chr2","19330470","19330726","chr18","64023992","64024252","48","44693522"
"chr2","19488342","19488513","chr10","20150043","20150214","2","661701"
"chr2","19488516","19488687","chr10","20150217","20150395","10","661701"
"chr2","20173547","20173802","chr10","74520076","74520304","54","54346529"
"chr2","20205590","20205884","chr10","20911383","20911669","25","705793"
"chr2","20258865","20259070","chr10","20964371","20964609","36","705506"
"chr2","20475768","20476080","chr4","157227106","157227418","44","136751338"
"chr2","20863548","20863834","chr1","64853429","64853714","38","43989881"
"chr2","20882482","20882766","chr12","83754049","83754337","39","62871567"
"chr2","21148444","21148739","chr10","21197264","21197563","18","48820"
"chr2","21232084","21232379","chr10","21283792","21284087","18","51708"
"chr2","21653453","21653734","chr10","21761680","21761963","15","108227"
"chr2","21913107","21913421","chr10","22021114","22021404","35","108007"
"chr2","22096502","22096602","chr10","22207324","22207436","13","110822"
"chr2","22498222","22498473","chr1","90111884","90112143","44","67613662"
"chr2","22686656","22686932","chr10","22799589","22799865","3","112933"
"chr2","22763066","22763371","chr10","22875469","22875755","22","112403"
"chr2","22860155","22860456","chr10","23020195","23020495","15","160040"
"chr2","23207246","23207530","chr10","23421922","23422206","7","214676"
"chr2","23799581","23799880","chr10","24007272","24007570","7","207691"
"chr2","24016767","24017061","chr10","24228489","24228775","21","211722"
"chr2","25020464","25020568","chr9","59551785","59551872","32","34531321"
"chr2","25020841","25020984","chr17","24544767","24544910","16","476074"
"chr2","25267364","25267665","chr10","25571094","25571389","16","303730"
"chr2","25341460","25341756","chr3","68823370","68823670","40","43481910"
"chr2","25395451","25395747","chr10","25701326","25701618","13","305875"
"chr2","25629978","25630164","chr1","122813395","122813590","34","97183417"
"chr2","25630213","25630417","chr3","165567278","165567477","29","139937065"
"chr2","26081597","26081888","chrX","45038235","45038525","47","18956638"
"chr2","26376276","26376553","chr10","26693938","26694224","19","317662"
"chr2","26528623","26528910","chr10","26854714","26855000","7","326091"
"chr2","27301273","27301513","chr10","43783679","43783919","7","16482406"
"chr2","27449856","27450162","chr10","43634366","43634676","20","16184510"
"chr2","28886041","28886224","chr10","42198094","42198276","11","13312053"
"chr2","28924967","28925242","chr14","64639856","64640131","42","35714889"
"chr2","29171160","29171476","chr10","41913611","41913892","39","12742451"
"chr2","29575503","29575809","chr10","41511627","41511928","22","11936124"
"chr2","30454897","30455000","chr2","55886580","55886679","30","25431683"
"chr2","30859594","30859892","chr10","40139327","40139602","28","9279733"
"chr2","31673396","31673700","chr10","39323506","39323806","19","7650110"
"chr2","31762511","31762800","chr10","39234346","39234636","15","7471835"
"chr2","32023937","32024233","chr10","38971701","38971997","3","6947764"
"chr2","32184528","32184666","chr10","38807958","38808089","11","6623430"
"chr2","32385695","32385901","chr10","38600520","38600713","17","6214825"
"chr2","32487196","32487486","chr3","166806334","166806622","36","134319138"
"chr2","32652390","32652683","chr10","38316236","38316540","26","5663846"
"chr2","32956895","32957194","chr10","38005946","38006255","27","5049051"
"chr2","33016289","33016582","chr10","37943454","37943747","7","4927165"
"chr2","33070354","33070635","chr10","37880960","37881240","21","4810606"
"chr2","33075526","33075826","chr10","37875492","37875797","13","4799966"
"chr2","33108990","33109245","chrX","118527088","118527350","39","85418098"
"chr2","33183923","33184074","chr13","101966992","101967139","27","68783069"
"chr2","33362197","33362503","chr6","133967466","133967775","30","100605269"
"chr2","33541511","33541824","chr5","109540388","109540693","49","75998877"
"chr2","33707250","33707543","chr2","116124006","116124293","14","82416756"
"chr2","33804259","33804558","chr1","161982564","161982867","43","128178305"
"chr2","34482356","34482663","chr10","36655856","36656158","14","2173500"
"chr2","34494066","34494356","chr10","36667224","36667516","13","2173158"
"chr2","34532527","34532825","chr10","36708892","36709191","11","2176365"
"chr2","34676186","34676487","chr2","200446125","200446421","42","165769939"
"chr2","34764440","34764750","chr10","36961648","36961958","10","2197208"
"chr2","34831793","34832095","chr10","37081082","37081383","11","2249289"
"chr2","34904629","34904927","chr10","37152932","37153231","17","2248303"
"chr2","35606219","35606479","chr5","36412284","36412552","41","806065"
"chr2","35628252","35628546","chr10","32868615","32868908","8","2759637"
"chr2","35981314","35981608","chr10","32503933","32504228","5","3477381"
"chr2","35995833","35996141","chr10","32485056","32485364","10","3510777"
"chr2","36005066","36005257","chrX","95272093","95272265","38","59267027"
"chr2","36039113","36039395","chr10","32442380","32442669","15","3596733"
"chr2","36086667","36086826","chr10","32388531","32388697","10","3698136"
"chr2","36155382","36155672","chr3","10531622","10531917","41","25623760"
"chr2","36642349","36642638","chr10","31825834","31826118","15","4816515"
"chr2","36659699","36659910","chr10","31803936","31804145","8","4855763"
"chr2","37089057","37089357","chr10","31411135","31411439","5","5677922"
"chr2","37265929","37266230","chr10","31227983","31228289","24","6037946"
"chr2","37372792","37373072","chr10","31115690","31115968","10","6257102"
"chr2","37474857","37475158","chr10","31015083","31015391","14","6459774"
"chr2","37531355","37531649","chr10","30963324","30963614","16","6568031"
"chr2","37710707","37710833","chr10","30775888","30776015","3","6934819"
"chr2","37782743","37782903","chr10","30685056","30685218","5","7097687"
"chr2","37861699","37861799","chr10","30601278","30601378","2","7260421"
"chr2","37889377","37889595","chr10","30574502","30574720","4","7314875"
"chr2","37911703","37911992","chr10","30549868","30550166","19","7361835"
"chr2","38014360","38014507","chr3","136524750","136524895","22","98510390"
"chr2","38442624","38442927","chr2","157744141","157744444","39","119301517"
"chr2","38500160","38500459","chr14","126886848","126887146","37","88386688"
"chr2","38540030","38540323","chr10","29913845","29914146","16","8626185"
"chr2","38673458","38673740","chr5","58871437","58871718","34","20197979"
"chr2","38677111","38677407","chr11","7043652","7043945","37","31633459"
"chr2","38816251","38816554","chr10","29628708","29629015","18","9187543"
"chr2","38886585","38886848","chr10","29555364","29555627","5","9331221"
"chr2","38953517","38953810","chr10","29485262","29485554","7","9468255"
"chr2","38962090","38962387","chr10","29476232","29476529","20","9485858"
"chr2","40676301","40676592","chr10","44791576","44791876","15","4115275"
"chr2","41618586","41618908","chr10","45747032","45747364","16","4128446"
"chr2","42406046","42406352","chr10","46539864","46540174","11","4133818"
"chr2","42519286","42519394","chr10","46668100","46668196","15","4148814"
"chr2","42758401","42758709","chr10","46909967","46910273","10","4151566"
"chr2","42862488","42862793","chr10","47079858","47080149","17","4217370"
"chr2","43159394","43159686","chr10","47381303","47381595","8","4221909"
"chr2","43165239","43165543","chr10","47387145","47387438","18","4221906"
"chr2","43519972","43520283","chr10","47743446","47743749","15","4223474"
"chr2","43916943","43917252","chr10","48147354","48147671","20","4230411"
"chr2","44451176","44451458","chr10","48682946","48683231","16","4231770"
"chr2","45141571","45141868","chr10","49385581","49385895","24","4244010"
"chr2","45153479","45153780","chr10","49397553","49397862","18","4244074"
"chr2","46730058","46730278","chr10","50837361","50837584","17","4107303"
"chr2","47166434","47166744","chr15","16262449","16262753","43","30903985"
"chr2","47277038","47277305","chr2","94465890","94466166","44","47188852"
"chr2","47485248","47485546","chr10","51597867","51598164","10","4112619"
"chr2","47509921","47510201","chr10","51623106","51623409","28","4113185"
"chr2","47624112","47624409","chr6","75745710","75746001","22","28121598"
"chr2","48284907","48285200","chr10","52406574","52406864","9","4121667"
"chr2","48470866","48471168","chr10","52593215","52593517","8","4122349"
"chr2","48815725","48815824","chr2","150254309","150254409","26","101438584"
"chr2","49133313","49133623","chr10","53275386","53275685","21","4142073"
"chr2","50460100","50460401","chr10","54609322","54609618","7","4149222"
"chr2","51179671","51179972","chr10","55325702","55326005","12","4146031"
"chr2","51353946","51354056","chr10","55498193","55498303","2","4144247"
"chr2","51487811","51488079","chr10","55631238","55631511","20","4143427"
"chr2","51926965","51927264","chr10","56072911","56073193","35","4145946"
"chr2","52457627","52457845","chr1","19594694","19594912","6","32862933"
"chr2","53896143","53896442","chr10","35471824","35472123","4","18424319"
"chr2","54312462","54312771","chr10","35043478","35043786","13","19268984"
"chr2","55098978","55099287","chr10","34249398","34249697","18","20849580"
"chr2","55278122","55278418","chr10","34057294","34057585","33","21220828"
"chr2","55776820","55777113","chr10","33513027","33513331","20","22263793"
"chr2","56072846","56073138","chr10","33201917","33202209","14","22870929"
"chr2","56304243","56304415","chr12","63397280","63397447","28","7093037"
"chr2","56321978","56322246","chr10","28710929","28711213","25","27611049"
"chr2","56439278","56439567","chr10","28592510","28592806","10","27846768"
"chr2","56535195","56535481","chr7","40810294","40810580","40","15724901"
"chr2","56682841","56683139","chr10","28318188","28318486","7","28364653"
"chr2","56770497","56770741","chr10","28182335","28182575","9","28588162"
"chr2","57090491","57090774","chr10","27858099","27858382","6","29232392"
"chr2","57178242","57178539","chr10","43634366","43634676","39","13543876"
"chr2","57179081","57179370","chr10","27763054","27763334","28","29416027"
"chr2","57300310","57300610","chr10","86644973","86645276","35","29344663"
"chr2","57324560","57324855","chr10","27621807","27622101","6","29702753"
"chr2","57442491","57442792","chr10","27500790","27501095","11","29941701"
"chr2","58132919","58133197","chr3","12632143","12632423","8","45500776"
"chr2","58880536","58880834","chr3","13393750","13394049","13","45486786"
"chr2","59602741","59603032","chr7","126007908","126008201","36","66405167"
"chr2","59673149","59673450","chr3","14202406","14202709","18","45470743"
"chr2","60035684","60035992","chr3","14563652","14563960","19","45472032"
"chr2","60044452","60044731","chr3","14572403","14572709","30","45472049"
"chr2","60076736","60077043","chr3","14605017","14605327","15","45471719"
"chr2","60377784","60378082","chr3","14907863","14908161","9","45469921"
"chr2","60482424","60482723","chr6","153279161","153279459","44","92796737"
"chr2","60488088","60488342","chr3","15016674","15016933","9","45471414"
"chr2","60596700","60596797","chr20","2222609","2222710","14","58374091"
"chr2","60614842","60615123","chr3","15147955","15148236","6","45466887"
"chr2","60917282","60917576","chr3","15448207","15448505","21","45469075"
"chr2","61035797","61036096","chr3","15568525","15568823","12","45467272"
"chr2","61077485","61077788","chr7","16983582","16983881","38","44093903"
"chr2","61082854","61083126","chr3","15618498","15618794","40","45464356"
"chr2","61248634","61248935","chr3","40098214","40098513","41","21150420"
"chr2","61587057","61587366","chr3","16141161","16141467","13","45445896"
"chr2","62123204","62123503","chr4","909499","909795","38","61213705"
"chr2","62455607","62455904","chr17","5029411","5029714","46","57426196"
"chr2","62653856","62654177","chr6","49681030","49681348","46","12972826"
"chr2","62763587","62763877","chr3","17402670","17402960","8","45360917"
"chr2","62954520","62954811","chr2","108135295","108135590","35","45180775"
"chr2","63072225","63072522","chr3","17725462","17725760","6","45346763"
"chr2","63172174","63172281","chr3","17827127","17827234","1","45345047"
"chr2","63201658","63201876","chr11","1604330","1604547","5","61597328"
"chr2","63398108","63398331","chr16","8962950","8963174","41","54435158"
"chr2","63761420","63761716","chr3","18463201","18463496","6","45298219"
"chr2","63906412","63906704","chr3","18615991","18616286","17","45290421"
"chr2","64407922","64408226","chr3","19110816","19111120","11","45297106"
"chr2","64489411","64489719","chr3","19190737","19191045","6","45298674"
"chr2","64905517","64905799","chr3","19612437","19612738","26","45293080"
"chr2","65450198","65450327","chr3","20163832","20163955","17","45286366"
"chr2","65988272","65988503","chr9","88730840","88731074","26","22742568"
"chr2","66145819","66146129","chr3","20916556","20916863","10","45229263"
"chr2","66197208","66197368","chr1","142339112","142339273","40","76141904"
"chr2","66275098","66275390","chr3","21047345","21047637","10","45227753"
"chr2","66559968","66560273","chr3","21273514","21273819","9","45286454"
"chr2","66937766","66938027","chr3","21655376","21655637","9","45282390"
"chr2","67590959","67591254","chr10","59640594","59640889","53","7950365"
"chr2","68536270","68536565","chr3","23343295","23343592","16","45192975"
"chr2","68587842","68588180","chr3","23448045","23448354","35","45139797"
"chr2","68873500","68873683","chr3","69162577","69162766","33","289077"
"chr2","68949142","68949439","chr8","79535823","79536115","38","10586681"
"chr2","69175527","69175812","chr3","24120325","24120610","6","45055202"
"chr2","70699454","70699583","chr3","25430922","25431060","11","45268532"
"chr2","71291805","71292108","chr3","26032085","26032390","15","45259720"
"chr2","71625140","71625445","chr3","26392619","26392924","5","45232521"
"chr2","71646286","71646551","chr3","26414221","26414481","17","45232065"
"chr2","72053518","72053810","chr3","26824547","26824838","7","45228971"
"chr2","72075917","72076212","chrX","90996843","90997147","36","18920926"
"chr2","72579806","72580084","chr3","27345079","27345356","15","45234727"
"chr2","73174593","73174882","chr3","28069166","28069457","18","45105427"
"chr2","73702314","73702622","chr3","28583647","28583956","13","45118667"
"chr2","74004467","74004653","chr3","28902098","28902306","33","45102369"
"chr2","74710313","74710618","chr3","29708090","29708395","12","45002223"
"chr2","75072072","75072198","chr2","100939608","100939742","38","25867536"
"chr2","75079791","75080041","chr3","30085434","30085677","16","44994357"
"chr2","75560964","75561267","chr3","30621191","30621482","18","44939773"
"chr2","75600430","75600728","chr3","30660955","30661253","3","44939475"
"chr2","77531718","77532009","chr3","32611664","32611962","16","44920054"
"chr2","78310154","78310445","chr3","33462434","33462730","14","44847720"
"chr2","78874579","78874878","chr3","11869372","11869671","9","67005207"
"chr2","80207037","80207332","chr3","10531622","10531917","10","69675415"
"chr2","80207342","80207643","chr3","10531320","10531612","22","69676022"
"chr2","80227980","80228270","chr16","15267314","15267606","32","64960666"
"chr2","80287194","80287488","chr3","10450311","10450605","14","69836883"
"chr2","80337518","80337819","chr3","10385992","10386298","12","69951526"
"chr2","80347966","80348251","chr3","10375538","10375824","8","69972428"
"chr2","80417312","80417598","chr19","34975589","34975880","38","45441723"
"chr2","80503770","80504077","chr3","10213510","10213817","13","70290260"
"chr2","80562522","80562815","chr3","10156566","10156851","27","70405956"
"chr2","81109541","81109824","chr3","9602212","9602523","36","71507329"
"chr2","81887439","81887738","chr12","84773899","84774204","43","2886460"
"chr2","82901304","82901603","chr3","7737086","7737383","10","75164218"
"chr2","83534299","83534610","chr3","7095778","7096076","20","76438521"
"chr2","83680043","83680349","chr3","6949502","6949795","23","76730541"
"chr2","84188640","84188920","chr3","6397872","6398152","6","77790768"
"chr2","84330949","84331232","chr3","6254005","6254285","23","78076944"
"chr2","84407708","84407986","chr3","6172083","6172362","12","78235625"
"chr2","84532991","84533282","chr3","6046885","6047171","17","78486106"
"chr2","84553599","84553896","chr3","6025900","6026206","19","78527699"
"chr2","84708126","84708397","chr3","5868978","5869249","14","78839148"
"chr2","84758685","84758786","chr3","5817884","5817985","4","78940801"
"chr2","85363437","85363750","chr3","5226278","5226591","8","80137159"
"chr2","85366952","85367170","chr3","5222837","5223056","6","80144115"
"chr2","86153898","86154193","chr11","6409637","6409934","35","79744261"
"chr2","86184084","86184387","chr3","4388750","4389050","17","81795334"
"chr2","86745912","86746147","chr3","3814451","3814684","6","82931461"
"chr2","86879795","86880085","chr3","3664754","3665046","9","83215041"
"chr2","87262500","87262610","chr3","3263884","3263994","2","83998616"
"chr2","87596117","87596251","chr3","2899514","2899658","17","84696603"
"chr2","87793122","87793434","chr3","2684309","2684610","15","85108813"
"chr2","87954053","87954315","chr3","2514268","2514530","9","85439785"
"chr2","88281672","88281971","chr3","2167730","2168031","13","86113942"
"chr2","88587431","88587729","chr3","1831049","1831347","20","86756382"
"chr2","88624954","88625246","chr3","1793385","1793683","16","86831569"
"chr2","89657258","89657531","chr3","78674841","78675121","55","10982417"
"chr2","89875723","89876040","chr3","514822","515140","6","89360901"
"chr2","89878041","89878342","chr3","512023","512323","11","89366018"
"chr2","89933012","89933180","chr3","450153","450321","5","89482859"
"chr2","89947260","89947394","chr3","436906","437040","2","89510354"
"chr2","90007462","90007528","chr7","65600209","65600269","12","24407253"
"chr3","83514","83868","chr12","100851230","100851573","62","100767716"
"chr3","160895","161193","chr17","1465117","1465423","31","1304222"
"chr3","187105","187248","chr17","1436819","1436962","4","1249714"
"chr3","236200","236464","chr17","1375069","1375364","46","1138869"
"chr3","465439","465676","chr17","1159721","1159975","21","694282"
"chr3","550166","550467","chr17","1065267","1065562","20","515101"
"chr3","955871","956176","chr17","599988","600293","9","355883"
"chr3","1027313","1027609","chr17","469321","469621","19","557992"
"chr3","1042702","1042991","chr17","482674","482964","13","560028"
"chr3","1140844","1141149","chr8","126876138","126876440","41","125735294"
"chr3","1157862","1158136","chr7","112959948","112960222","47","111802086"
"chr3","1161792","1161901","chr17","406091","406223","24","755701"
"chr3","1167554","1167585","chr1","62877876","62877914","12","61710322"
"chr3","1524101","1524380","chr17","1664606","1664886","13","140505"
"chr3","2750641","2750933","chr7","126007908","126008201","42","123257267"
"chr3","2756529","2756821","chr7","126007908","126008201","41","123251379"
"chr3","3394481","3394641","chr5","55235476","55235637","26","51840995"
"chr3","3986658","3986959","chr17","4262162","4262463","16","275504"
"chr3","4134949","4135250","chr17","4414120","4414417","14","279171"
"chr3","4293091","4293398","chr17","4584685","4584982","16","291594"
"chr3","4648816","4649103","chr17","4953941","4954234","14","305125"
"chr3","4720558","4720866","chr17","5029411","5029714","15","308853"
"chr3","4974321","4974606","chr17","5293828","5294121","20","319507"
"chr3","5382081","5382368","chr17","5713438","5713729","11","331357"
"chr3","6022508","6022797","chr9","18579835","18580124","31","12557327"
"chr3","6259071","6259348","chr1","128569688","128569965","37","122310617"
"chr3","6398027","6398319","chr10","83920836","83921124","38","77522809"
"chr3","6414985","6415283","chr17","6791688","6791987","6","376703"
"chr3","6781605","6781888","chr17","7175223","7175507","11","393618"
"chr3","6847417","6847692","chr17","7240095","7240370","9","392678"
"chr3","6891184","6891493","chr12","45548893","45549202","38","38657709"
"chr3","7053245","7053532","chr6","50457764","50458043","46","43404519"
"chr3","7123986","7124280","chr2","91070283","91070585","41","83946297"
"chr3","7226127","7226416","chr17","7602328","7602617","9","376201"
"chr3","7473141","7473445","chr5","14596742","14597048","38","7123601"
"chr3","8083700","8084007","chr17","8496886","8497190","10","413186"
"chr3","8300700","8301001","chr14","32697764","32698064","39","24397064"
"chr3","9361719","9361992","chr17","10049360","10049633","7","687641"
"chr3","9362033","9362299","chr17","10049639","10049928","27","687606"
"chr3","9624297","9624590","chr17","10311025","10311320","12","686728"
"chr3","10130706","10131016","chr17","10818971","10819281","23","688265"
"chr3","10572108","10572251","chr16","66543626","66543776","31","55971518"
"chr3","10616517","10616797","chr17","11358022","11358306","19","741505"
"chr3","10998901","10999200","chrX","50907005","50907307","32","39908104"
"chr3","11063125","11063453","chr11","119878918","119879228","35","108815793"
"chr3","11234332","11234470","chr4","41735298","41735436","31","30500966"
"chr3","11271071","11271367","chr17","12047319","12047615","9","776248"
"chr3","12445792","12446101","chr17","13293255","13293564","7","847463"
"chr3","12589664","12589959","chr17","13436605","13436903","6","846941"
"chr3","13246592","13246827","chr17","14107752","14108002","28","861160"
"chr3","13740829","13741130","chr17","14662561","14662862","11","921732"
"chr3","14193434","14193735","chr17","15115899","15116194","15","922465"
"chr3","14236526","14236826","chr17","15158890","15159188","14","922364"
"chr3","14454094","14454349","chr17","15387412","15387662","14","933318"
"chr3","15238031","15238325","chr17","16167416","16167719","21","929385"
"chr3","15377296","15377589","chr17","16302685","16302981","14","925389"
"chr3","15858937","15859245","chr17","16795906","16796211","11","936969"
"chr3","16012013","16012288","chr17","16951289","16951563","9","939276"
"chr3","16130634","16130935","chr17","17068968","17069265","17","938334"
"chr3","16226997","16227277","chr17","17163233","17163514","6","936236"
"chr3","18155545","18155834","chr17","19096839","19097128","6","941294"
"chr3","18369063","18369363","chr17","19307103","19307408","19","938040"
"chr3","18442914","18443095","chr17","19383001","19383182","8","940087"
"chr3","18929139","18929429","chr17","19878050","19878339","9","948911"
"chr3","19022983","19023279","chr17","19972883","19973179","11","949900"
"chr3","19065739","19066007","chr4","140130585","140130857","46","121064846"
"chr3","19120606","19120895","chr17","20084236","20084525","6","963630"
"chr3","19142444","19142731","chr17","20110748","20111035","15","968304"
"chr3","19281727","19282020","chr17","20288343","20288634","10","1006616"
"chr3","19312325","19312633","chr17","20320061","20320369","7","1007736"
"chr3","19321332","19321620","chr17","20328991","20329279","7","1007659"
"chr3","19357254","19357547","chr17","20366743","20367035","10","1009489"
"chr3","19360395","19360634","chr1","24363295","24363527","38","5002900"
"chr3","19362946","19363243","chr17","20372270","20372578","21","1009324"
"chr3","19377596","19377889","chr17","20387294","20387587","7","1009698"
"chr3","19427213","19427505","chr17","20438264","20438554","17","1011051"
"chr3","19437037","19437326","chr17","20448005","20448295","16","1010968"
"chr3","19446908","19447193","chr17","20464630","20464921","15","1017722"
"chr3","19502017","19502316","chr17","20521209","20521519","23","1019192"
"chr3","19656225","19656523","chr17","20675770","20676057","42","1019545"
"chr3","19781093","19781390","chr14","126886848","126887146","31","107105755"
"chr3","19980447","19980715","chr17","20994383","20994650","17","1013936"
"chr3","20127544","20127848","chr17","24301465","24301766","37","4173921"
"chr3","20182377","20182673","chr17","21196539","21196838","8","1014162"
"chr3","20463117","20463410","chr15","46617168","46617459","34","26154051"
"chr3","20934298","20934579","chr17","21991188","21991470","10","1056890"
"chr3","21173446","21173746","chr6","153279161","153279459","44","132105715"
"chr3","21415578","21415909","chr17","22492851","22493147","45","1077273"
"chr3","21549412","21549664","chr6","37632369","37632620","38","16082957"
"chr3","21737714","21737910","chr7","16913353","16913547","37","4824361"
"chr3","22696639","22696942","chr17","23789341","23789646","19","1092702"
"chr3","22829609","22829907","chr14","126886848","126887146","36","104057239"
"chr3","23136316","23136470","chr17","24259912","24260075","21","1123596"
"chr3","23181629","23181925","chr17","24301465","24301766","19","1119836"
"chr3","23197224","23197451","chr15","108376132","108376358","34","85178908"
"chr3","23214628","23214930","chr17","24337082","24337382","11","1122454"
"chr3","23328017","23328315","chr17","24453199","24453471","31","1125182"
"chr3","23455201","23455479","chr9","87842142","87842423","29","64386941"
"chr3","23465495","23465773","chr9","87842142","87842423","29","64376647"
"chr3","23477064","23477343","chr15","40389168","40389447","38","16912104"
"chr3","23495387","23495693","chr17","24608285","24608579","23","1112898"
"chr3","23590467","23590757","chr17","24701514","24701804","18","1111047"
"chr3","23937395","23937697","chr17","25057448","25057737","22","1120053"
"chr3","24122582","24122878","chr17","25244511","25244804","14","1121929"
"chr3","24607497","24607806","chr17","25775670","25775978","18","1168173"
"chr3","24797388","24797693","chr17","25966289","25966600","13","1168901"
"chr3","24930798","24931089","chr17","26112445","26112731","10","1181647"
"chr3","25784267","25784567","chr17","27000842","27001152","17","1216575"
"chr3","25922879","25923130","chr7","90915153","90915395","36","64992274"
"chr3","26057799","26058091","chr17","27300047","27300340","14","1242248"
"chr3","26133895","26134193","chr17","27380462","27380764","14","1246567"
"chr3","26140048","26140345","chr7","49260412","49260703","45","23120364"
"chr3","26574983","26575280","chr17","27825756","27826057","26","1250773"
"chr3","27002540","27002834","chr17","28323201","28323505","16","1320661"
"chr3","27047348","27047655","chr17","28367263","28367569","4","1319915"
"chr3","27275366","27275671","chr17","28607011","28607317","13","1331645"
"chr3","27485256","27485565","chr17","28814103","28814409","9","1328847"
"chr3","27624788","27625072","chr12","56563986","56564278","35","28939198"
"chr3","27770358","27770665","chr17","29162757","29163061","13","1392399"
"chr3","27839765","27840043","chr10","5501784","5502062","36","22337981"
"chr3","27879990","27880287","chr17","29315759","29316057","3","1435769"
"chr3","27911177","27911379","chr17","29348464","29348692","30","1437287"
"chr3","28939304","28939471","chr17","30410465","30410635","7","1471161"
"chr3","29455537","29455826","chr17","30930960","30931252","8","1475423"
"chr3","29617498","29617804","chr17","31085261","31085568","8","1467763"
"chr3","30038544","30038841","chr17","31525403","31525697","19","1486859"
"chr3","30187575","30187872","chr17","31716672","31716966","12","1529097"
"chr3","30259939","30260247","chr17","31613724","31614031","16","1353785"
"chr3","30521039","30521319","chr17","32026682","32026962","8","1505643"
"chr3","31757392","31757689","chr17","33309944","33310236","7","1552552"
"chr3","32577359","32577665","chr17","34142325","34142630","26","1564966"
"chr3","32873359","32873648","chr17","34483053","34483360","26","1609694"
"chr3","33333826","33334103","chr17","34947133","34947412","14","1613307"
"chr3","33360705","33361010","chr17","34973543","34973854","37","1612838"
"chr3","34159737","34160028","chr17","35801433","35801733","16","1641696"
"chr3","34329967","34330258","chr17","36015531","36015823","16","1685564"
"chr3","35526671","35526946","chr17","37283115","37283396","17","1756444"
"chr3","35728999","35729297","chr17","37491978","37492278","15","1762979"
"chr3","35950519","35950827","chr17","37714548","37714865","16","1764029"
"chr3","36176602","36176898","chr17","37941795","37942091","5","1765193"
"chr3","36294282","36294553","chr17","38063886","38064155","8","1769604"
"chr3","36526593","36526889","chr17","38355468","38355761","11","1828875"
"chr3","38217916","38218209","chr17","40168671","40168973","19","1950755"
"chr3","40470983","40471273","chr17","42454328","42454606","18","1983345"
"chr3","41364566","41364870","chr17","43399679","43399983","5","2035113"
"chr3","41464505","41464810","chr8","67951616","67951920","43","26487111"
"chr3","42327257","42327554","chr2","94151718","94152019","41","51824461"
"chr3","42418904","42419203","chr13","93678956","93679255","35","51260052"
"chr3","44477956","44478242","chr17","45837459","45837745","4","1359503"
"chr3","44607737","44607934","chr17","46037654","46037821","37","1429917"
"chr3","44785614","44785924","chr17","46257881","46258187","12","1472267"
"chr3","45027409","45027681","chr17","46515603","46515878","17","1488194"
"chr3","45154458","45154749","chr17","46650203","46650495","12","1495745"
"chr3","46170082","46170384","chr17","47780672","47780974","7","1610590"
"chr3","46511112","46511397","chr17","48128916","48129207","13","1617804"
"chr3","47272846","47273137","chr17","48934332","48934642","24","1661486"
"chr3","48384874","48385182","chr17","50134979","50135263","32","1750105"
"chr3","48923946","48924132","chr17","50675556","50675742","5","1751610"
"chr3","49243046","49243339","chr12","56563986","56564278","37","7320940"
"chr3","49368179","49368438","chr17","51144025","51144284","8","1775846"
"chr3","50709473","50709774","chr16","53487274","53487574","39","2777801"
"chr3","50736278","50736560","chr17","52698856","52699141","12","1962578"
"chr3","50847040","50847275","chr17","52813119","52813371","31","1966079"
"chr3","52274420","52274723","chr17","54295544","54295835","22","2021124"
"chr3","52662868","52662884","chrX","68552342","68552356","4","15889474"
"chr3","52662911","52663192","chr7","165108145","165108426","37","112445234"
"chr3","52673565","52673861","chr17","54697509","54697785","27","2023944"
"chr3","52681783","52682077","chr17","54705705","54706004","19","2023922"
"chr3","52994122","52994427","chr17","55018604","55018911","8","2024482"
"chr3","54097857","54098084","chr3","12377418","12377635","32","41720439"
"chr3","54134214","54134510","chr17","56221974","56222285","20","2087760"
"chr3","54517299","54517407","chr17","56651987","56652095","7","2134688"
"chr3","54798951","54799262","chr17","56945363","56945671","13","2146412"
"chr3","55583770","55584072","chr17","57801829","57802113","29","2218059"
"chr3","55656768","55657069","chr17","57874996","57875287","16","2218228"
"chr3","55935272","55935580","chr17","58163033","58163340","11","2227761"
"chr3","56221621","56221727","chr17","58451006","58451113","5","2229385"
"chr3","56241784","56242028","chr6","41203081","41203319","56","15038703"
"chr3","57780898","57781190","chr17","60055390","60055678","12","2274492"
"chr3","57875644","57875943","chr17","60153391","60153684","17","2277747"
"chr3","58641664","58641979","chr17","60944525","60944823","30","2302861"
"chr3","59219577","59219884","chr17","61523240","61523534","27","2303663"
"chr3","59228557","59228868","chr17","61532117","61532429","12","2303560"
"chr3","60073361","60073662","chr17","62416941","62417263","31","2343580"
"chr3","60983853","60984141","chr17","63352090","63352382","10","2368237"
"chr3","61105522","61105802","chr17","63476357","63476657","26","2370835"
"chr3","62299810","62300119","chr17","64718904","64719206","18","2419094"
"chr3","62923778","62924082","chr17","65345046","65345343","13","2421268"
"chr3","63724032","63724205","chr17","66155877","66156043","9","2431845"
"chr3","63724231","63724346","chr17","66156084","66156200","5","2431853"
"chr3","63855865","63856174","chr17","66324807","66325128","27","2468942"
"chr3","64637516","64637817","chr17","67116223","67116527","16","2478707"
"chr3","64830263","64830435","chr17","67314210","67314378","8","2483947"
"chr3","64945365","64945678","chr6","101945701","101946010","46","37000336"
"chr3","64952340","64952627","chr17","67429422","67429708","15","2477082"
"chr3","65008053","65008325","chr17","67496483","67496768","27","2488430"
"chr3","65405335","65405640","chr17","67915854","67916152","19","2510519"
"chr3","65948030","65948140","chr16","52044854","52044970","22","13903176"
"chr3","65955649","65955922","chr20","30712848","30713149","33","35242801"
"chr3","66521917","66522194","chr17","69071609","69071884","13","2549692"
"chr3","66770442","66770733","chr17","69327525","69327805","30","2557083"
"chr3","66945321","66945652","chr17","69510793","69511095","40","2565472"
"chr3","67113942","67114229","chr17","69688009","69688296","6","2574067"
"chr3","67889935","67890219","chr17","70560143","70560431","14","2670208"
"chr3","67989792","67990120","chr3","82061571","82061894","54","14071779"
"chr3","70578319","70578616","chr17","73442325","73442623","13","2864006"
"chr3","70806997","70807294","chr17","73671557","73671858","13","2864560"
"chr3","71026264","71026566","chr17","73892589","73892886","8","2866325"
"chr3","71560550","71560829","chr17","74432772","74433067","28","2872222"
"chr3","72295086","72295392","chr17","75068683","75068969","26","2773597"
"chr3","72587268","72587566","chr5","145128367","145128670","45","72541099"
"chr3","72758143","72758434","chr17","75580274","75580567","12","2822131"
"chr3","73292441","73292730","chrX","34385537","34385825","31","38906904"
"chr3","73473143","73473443","chr17","76305746","76306045","13","2832603"
"chr3","74544923","74545231","chr17","77414639","77414946","12","2869716"
"chr3","76063430","76063623","chr15","68731374","68731571","38","7332056"
"chr3","76685504","76685637","chr17","79686540","79686672","7","3001036"
"chr3","76748195","76748329","chr17","79751637","79751770","5","3003442"
"chr3","76758914","76759196","chr17","79763808","79764090","8","3004894"
"chr3","76855982","76856288","chr17","79859571","79859868","22","3003589"
"chr3","77031908","77032244","chr17","80041906","80042215","42","3009998"
"chr3","77299702","77299832","chr17","80355003","80355135","8","3055301"
"chr3","77317951","77318084","chr17","80369164","80369297","2","3051213"
"chr3","77318398","77318568","chr17","80369611","80369773","12","3051213"
"chr3","77518664","77518968","chr17","80564601","80564889","23","3045937"
"chr3","77559405","77559679","chr17","80604644","80604919","11","3045239"
"chr3","77614350","77614655","chr17","80660000","80660305","20","3045650"
"chr3","77902958","77903231","chr17","80953048","80953321","6","3050090"
"chr3","77996540","77996847","chr17","81046923","81047232","8","3050383"
"chr3","78223204","78223508","chr17","81270870","81271176","11","3047666"
"chr3","78360421","78360714","chr17","81402937","81403230","7","3042516"
"chr3","79032373","79032682","chr17","82083337","82083646","4","3050964"
"chr3","79049370","79049678","chr17","82104385","82104695","19","3055015"
"chr3","79076042","79076363","chr17","82131206","82131521","14","3055164"
"chr3","79179286","79179587","chr17","82233568","82233858","19","3054282"
"chr3","81970581","81970881","chr17","85090244","85090543","12","3119663"
"chr3","83114324","83114628","chr17","86363565","86363873","25","3249241"
"chr3","83536295","83536572","chr17","86678890","86679168","14","3142595"
"chr3","83613783","83614076","chr17","86757026","86757302","38","3143243"
"chr3","83651230","83651533","chr5","38869347","38869648","39","44781883"
"chr3","83737947","83738251","chr17","87013053","87013350","25","3275106"
"chr3","84292373","84292678","chr17","87576777","87577061","26","3284404"
"chr3","84994259","84994563","chr17","88280861","88281160","15","3286602"
"chr3","85996161","85996469","chr17","89299887","89300193","12","3303726"
"chr3","86115648","86115938","chr17","89419239","89419535","16","3303591"
"chr3","86122139","86122444","chr17","89425662","89425956","34","3303523"
"chr3","86666150","86666449","chr17","90025589","90025890","14","3359439"
"chr3","87414575","87414849","chr6","50457764","50458043","41","36956811"
"chr3","87476427","87476721","chr17","90876729","90877020","9","3400302"
"chr3","88057816","88058114","chr17","91464482","91464781","5","3406666"
"chr3","88255366","88255656","chr17","91711048","91711354","26","3455682"
"chr3","88339148","88339454","chr17","91794989","91795289","12","3455841"
"chr3","88516944","88517224","chr13","62883335","62883614","33","25633609"
"chr3","89188408","89188669","chr17","92651051","92651326","29","3462643"
"chr3","90399273","90399425","chr16","55849800","55849953","41","34549473"
"chr3","90712665","90712972","chr6","97413726","97414035","21","6701061"
"chr3","91282609","91282911","chr17","94770868","94771152","31","3488259"
"chr3","91297346","91297654","chr17","94787044","94787344","12","3489698"
"chr3","91323675","91323968","chr17","94817843","94818141","16","3494168"
"chr3","91495192","91495505","chr17","95001648","95001956","24","3506456"
"chr3","91778271","91778445","chr2","50277776","50277956","24","41500495"
"chr3","92080490","92080787","chr17","95620823","95621120","8","3540333"
"chr3","92082225","92082371","chr17","95622562","95622711","12","3540337"
"chr3","92122150","92122443","chr17","95661905","95662202","10","3539755"
"chr4","353906","354210","chr6","439995","440299","12","86089"
"chr4","595008","595111","chr2","150254309","150254409","27","149659301"
"chr4","1428493","1428782","chr19","34975589","34975880","22","33547096"
"chr4","3149271","3149531","chr19","15464031","15464290","90","12314760"
"chr4","3214636","3214930","chr6","3305399","3305695","14","90763"
"chr4","3920177","3920441","chr6","4012255","4012519","10","92078"
"chr4","5227391","5227661","chr6","5374995","5375283","30","147604"
"chr4","5501212","5501493","chr6","5652718","5652998","12","151506"
