"chr1","18612040","18612337","GL873545","4448210","4448481","100","14163830"
"chr1","92143413","92143692","GL873545","4448210","4448481","111","87695203"
"chr1","11318","11615","GL873545","4448210","4448481","93","4436892"
"chr1","36313","36609","GL873545","4448210","4448481","93","4411897"
"chr1","38389","38684","GL873545","4448210","4448481","104","4409821"
"chr1","87387","87682","GL873545","4448210","4448481","102","4360823"
"chr1","159200","159493","GL873545","4448210","4448481","92","4289010"
"chr1","165869","166165","GL873545","4448210","4448481","95","4282341"
"chr1","171167","171461","GL873545","4448210","4448481","94","4277043"
"chr1","240275","240570","GL873545","4448210","4448481","98","4207935"
"chr1","264611","264873","GL873536","5689208","5689413","106","5424597"
"chr1","269505","269738","GL873536","5689208","5689413","98","5419703"
"chr1","325348","325643","GL873545","4448210","4448481","101","4122862"
"chr1","335050","335341","GL873545","4448210","4448481","109","4113160"
"chr1","358747","359041","GL873545","4448210","4448481","96","4089463"
"chr1","420406","420539","GL873522","7345196","7345311","47","6924790"
"chr1","452235","452540","GL873545","4448210","4448481","94","3995975"
"chr1","466422","466722","GL873545","4448210","4448481","102","3981788"
"chr1","482376","482687","GL873545","4448210","4448481","100","3965834"
"chr1","527265","527559","GL873545","4448210","4448481","94","3920945"
"chr1","552017","552170","GL873522","7345196","7345311","69","6793179"
"chr1","552199","552492","GL873545","4448210","4448481","102","3896011"
"chr1","555286","555570","GL873545","4448210","4448481","97","3892924"
"chr1","658984","659296","GL873545","4448210","4448481","113","3789226"
"chr1","736658","736965","GL873545","4448210","4448481","100","3711552"
"chr1","754900","755194","GL873545","4448210","4448481","91","3693310"
"chr1","775883","776189","GL873545","4448210","4448481","100","3672327"
"chr1","954233","954512","GL873545","4448210","4448481","107","3493977"
"chr1","1134733","1135038","GL873545","4448210","4448481","99","3313477"
"chr1","1455654","1455957","GL873545","4448210","4448481","103","2992556"
"chr1","1468316","1468564","GL873545","4448210","4448481","111","2979894"
"chr1","1479290","1479516","GL873536","5689208","5689413","73","4209918"
"chr1","1489711","1490016","GL873545","4448210","4448481","89","2958499"
"chr1","1923691","1923707","GL873680","2478143","2478185","30","554452"
"chr1","1923808","1924093","GL873545","4448210","4448481","101","2524402"
"chr1","1989843","1990121","GL873545","4448210","4448481","94","2458367"
"chr1","2389111","2389418","GL873545","4448210","4448481","98","2059099"
"chr1","2831863","2832169","GL873545","4448210","4448481","105","1616347"
"chr1","3101644","3101925","GL873545","4448210","4448481","105","1346566"
"chr1","3255026","3255319","GL873545","4448210","4448481","103","1193184"
"chr1","3444060","3444375","GL873545","4448210","4448481","110","1004150"
"chr1","3470438","3470732","GL873545","4448210","4448481","106","977772"
"chr1","3488466","3488741","GL873545","4448210","4448481","116","959744"
"chr1","3616155","3616405","GL873545","4448210","4448481","113","832055"
"chr1","3739205","3739522","GL873545","4448210","4448481","114","709005"
"chr1","3753611","3753899","GL873545","4448210","4448481","100","694599"
"chr1","3786788","3787081","GL873545","4448210","4448481","98","661422"
"chr1","3890002","3890178","GL873540","20171858","20172028","71","16281856"
"chr1","4220212","4220473","GL873545","4448210","4448481","85","227998"
"chr1","4243684","4243979","GL873545","4448210","4448481","95","204526"
"chr1","4310278","4310562","GL873545","4448210","4448481","97","137932"
"chr1","4327802","4328095","GL873545","4448210","4448481","100","120408"
"chr1","4363216","4363512","GL873545","4448210","4448481","101","84994"
"chr1","4506254","4506561","GL873545","4448210","4448481","96","58044"
"chr1","4629136","4629437","GL873545","4448210","4448481","87","180926"
"chr1","4637721","4638021","GL873545","4448210","4448481","102","189511"
"chr1","4801916","4802087","GL873522","7344757","7344863","77","2542841"
"chr1","4802120","4802233","GL873522","7345196","7345311","38","2543076"
"chr1","4815630","4815938","GL873545","4448210","4448481","102","367420"
"chr1","5103967","5104232","GL873545","4448210","4448481","105","655757"
"chr1","5384187","5384494","GL873545","4448210","4448481","108","935977"
"chr1","5452538","5452840","GL873545","4448210","4448481","101","1004328"
"chr1","5580589","5580869","GL873545","4448210","4448481","101","1132379"
"chr1","5691726","5692008","GL873545","4448210","4448481","118","1243516"
"chr1","5981409","5981705","GL873545","4448210","4448481","101","1533199"
"chr1","6027104","6027396","GL873545","4448210","4448481","94","1578894"
"chr1","6082453","6082753","GL873545","4448210","4448481","92","1634243"
"chr1","6109775","6110073","GL873545","4448210","4448481","97","1661565"
"chr1","6122159","6122437","GL873545","4448210","4448481","99","1673949"
"chr1","6198596","6198889","GL873545","4448210","4448481","100","1750386"
"chr1","6287800","6288107","GL873545","4448210","4448481","96","1839590"
"chr1","6313652","6313963","GL873545","4448210","4448481","106","1865442"
"chr1","6314312","6314619","GL873545","4448210","4448481","99","1866102"
"chr1","6318574","6318864","GL873545","4448210","4448481","102","1870364"
"chr1","6319003","6319307","GL873545","4448210","4448481","95","1870793"
"chr1","6340620","6340920","GL873545","4448210","4448481","100","1892410"
"chr1","6489840","6490145","GL873545","4448210","4448481","105","2041630"
"chr1","6611978","6612278","GL873545","4448210","4448481","96","2163768"
"chr1","6693379","6693669","GL873545","4448210","4448481","98","2245169"
"chr1","6695226","6695505","GL873545","4448210","4448481","101","2247016"
"chr1","6702138","6702438","GL873545","4448210","4448481","87","2253928"
"chr1","6750436","6750744","GL873545","4448210","4448481","90","2302226"
"chr1","6755870","6756162","GL873545","4448210","4448481","94","2307660"
"chr1","6935316","6935613","GL873545","4448210","4448481","113","2487106"
"chr1","6937755","6938050","GL873545","4448210","4448481","90","2489545"
"chr1","6939235","6939532","GL873545","4448210","4448481","91","2491025"
"chr1","7032796","7033098","GL873545","4448210","4448481","88","2584586"
"chr1","7043386","7043698","GL873545","4448210","4448481","104","2595176"
"chr1","7078170","7078454","GL873545","4448210","4448481","106","2629960"
"chr1","7137926","7138215","GL873545","4448210","4448481","93","2689716"
"chr1","7156296","7156610","GL873545","4448210","4448481","102","2708086"
"chr1","7182367","7182671","GL873545","4448210","4448481","102","2734157"
"chr1","7191605","7191908","GL873545","4448210","4448481","99","2743395"
"chr1","7200815","7201089","GL873545","4448210","4448481","104","2752605"
"chr1","7201370","7201681","GL873545","4448210","4448481","93","2753160"
"chr1","7207899","7208201","GL873545","4448210","4448481","89","2759689"
"chr1","7256684","7256991","GL873545","4448210","4448481","104","2808474"
"chr1","7288417","7288722","GL873545","4448210","4448481","104","2840207"
"chr1","7295692","7295997","GL873545","4448210","4448481","100","2847482"
"chr1","7314168","7314445","GL873545","4448210","4448481","102","2865958"
"chr1","7425379","7425681","GL873545","4448210","4448481","100","2977169"
"chr1","7429724","7430013","GL873545","4448210","4448481","103","2981514"
"chr1","7437443","7437718","GL873536","5689208","5689413","105","1748235"
"chr1","7452209","7452493","GL873545","4448210","4448481","105","3003999"
"chr1","7512892","7513189","GL873545","4448210","4448481","100","3064682"
"chr1","7559964","7560255","GL873545","4448210","4448481","97","3111754"
"chr1","7591655","7591953","GL873545","4448210","4448481","92","3143445"
"chr1","7592914","7593198","GL873545","4448210","4448481","101","3144704"
"chr1","7593478","7593773","GL873545","4448210","4448481","115","3145268"
"chr1","7612056","7612352","GL873545","4448210","4448481","95","3163846"
"chr1","7620042","7620290","GL873536","5689208","5689413","100","1930834"
"chr1","7641438","7641721","GL873545","4448210","4448481","102","3193228"
"chr1","7730786","7731084","GL873545","4448210","4448481","88","3282576"
"chr1","7746247","7746547","GL873545","4448210","4448481","108","3298037"
"chr1","7752496","7752797","GL873545","4448210","4448481","92","3304286"
"chr1","7815167","7815438","GL873545","4448210","4448481","99","3366957"
"chr1","7848863","7849128","GL873536","5689208","5689413","102","2159655"
"chr1","7884246","7884555","GL873545","4448210","4448481","112","3436036"
"chr1","7892947","7893219","GL873545","4448210","4448481","107","3444737"
"chr1","7911639","7911898","GL873545","4448210","4448481","97","3463429"
"chr1","8233956","8234254","GL873545","4448210","4448481","99","3785746"
"chr1","8288125","8288424","GL873545","4448210","4448481","97","3839915"
"chr1","8353852","8354113","GL873536","5689208","5689413","104","2664644"
"chr1","8383300","8383553","GL873545","4448210","4448481","108","3935090"
"chr1","8455534","8455830","GL873545","4448210","4448481","96","4007324"
"chr1","8458026","8458323","GL873545","4448210","4448481","88","4009816"
"chr1","8499181","8499472","GL873545","4448210","4448481","94","4050971"
"chr1","8551627","8551881","GL873536","5689208","5689413","97","2862419"
"chr1","8596198","8596503","GL873545","4448210","4448481","105","4147988"
"chr1","8624756","8625044","GL873545","4448210","4448481","103","4176546"
"chr1","8825207","8825499","GL873545","4448210","4448481","80","4376997"
"chr1","8868474","8868775","GL873545","4448210","4448481","92","4420264"
"chr1","8904995","8905267","GL873545","4448210","4448481","106","4456785"
"chr1","8905272","8905565","GL873545","4448210","4448481","104","4457062"
"chr1","8910170","8910462","GL873545","4448210","4448481","99","4461960"
"chr1","8971105","8971406","GL873545","4448210","4448481","101","4522895"
"chr1","9035083","9035406","GL873545","4448210","4448481","116","4586873"
"chr1","9073835","9074143","GL873545","4448210","4448481","98","4625625"
"chr1","9076953","9077262","GL873545","4448210","4448481","102","4628743"
"chr1","9164730","9164970","GL873545","4448210","4448481","110","4716520"
"chr1","9175303","9175610","GL873545","4448210","4448481","105","4727093"
"chr1","9182312","9182599","GL873545","4448210","4448481","100","4734102"
"chr1","9192003","9192291","GL873545","4448210","4448481","94","4743793"
"chr1","9233158","9233445","GL873545","4448210","4448481","93","4784948"
"chr1","9234347","9234634","GL873545","4448210","4448481","109","4786137"
"chr1","9245435","9245729","GL873545","4448210","4448481","91","4797225"
"chr1","9259718","9260030","GL873545","4448210","4448481","105","4811508"
"chr1","9312899","9313201","GL873545","4448210","4448481","97","4864689"
"chr1","9329236","9329532","GL873545","4448210","4448481","94","4881026"
"chr1","9375013","9375312","GL873545","4448210","4448481","99","4926803"
"chr1","9406674","9406969","GL873545","4448210","4448481","96","4958464"
"chr1","9414269","9414546","GL873545","4448210","4448481","98","4966059"
"chr1","9420193","9420504","GL873545","4448210","4448481","101","4971983"
"chr1","9455623","9455911","GL873545","4448210","4448481","101","5007413"
"chr1","9571344","9571651","GL873545","4448210","4448481","101","5123134"
"chr1","9835585","9835889","GL873545","4448210","4448481","99","5387375"
"chr1","9861509","9861807","GL873545","4448210","4448481","94","5413299"
"chr1","9869080","9869380","GL873545","4448210","4448481","100","5420870"
"chr1","9907154","9907419","GL873545","4448210","4448481","103","5458944"
"chr1","9925604","9925909","GL873545","4448210","4448481","95","5477394"
"chr1","9931777","9932076","GL873545","4448210","4448481","99","5483567"
"chr1","9954117","9954284","GL873540","20171858","20172028","72","10217741"
"chr1","9959827","9960129","GL873545","4448210","4448481","99","5511617"
"chr1","10013864","10014172","GL873545","4448210","4448481","95","5565654"
"chr1","10020606","10020885","GL873545","4448210","4448481","99","5572396"
"chr1","10071376","10071672","GL873545","4448210","4448481","93","5623166"
"chr1","10078858","10079162","GL873545","4448210","4448481","96","5630648"
"chr1","10215025","10215323","GL873545","4448210","4448481","102","5766815"
"chr1","10228721","10229037","GL873545","4448210","4448481","114","5780511"
"chr1","10239854","10240156","GL873545","4448210","4448481","96","5791644"
"chr1","10285827","10286103","GL873545","4448210","4448481","108","5837617"
"chr1","10312250","10312503","GL873545","4448210","4448481","102","5864040"
"chr1","10373369","10373661","GL873545","4448210","4448481","98","5925159"
"chr1","10387659","10387953","GL873545","4448210","4448481","90","5939449"
"chr1","10388297","10388604","GL873545","4448210","4448481","103","5940087"
"chr1","10388814","10389075","GL873545","4448210","4448481","120","5940604"
"chr1","10389720","10390005","GL873545","4448210","4448481","96","5941510"
"chr1","10401920","10402200","GL873545","4448210","4448481","100","5953710"
"chr1","10488519","10488841","GL873545","4448210","4448481","116","6040309"
"chr1","10489782","10490077","GL873545","4448210","4448481","110","6041572"
"chr1","10498449","10498744","GL873545","4448210","4448481","97","6050239"
"chr1","10544526","10544809","GL873545","4448210","4448481","87","6096316"
"chr1","10562550","10562816","GL873545","4448210","4448481","102","6114340"
"chr1","10582920","10583217","GL873545","4448210","4448481","89","6134710"
"chr1","10591235","10591480","GL873536","5689208","5689413","99","4902027"
"chr1","10593168","10593309","GL873522","7345196","7345311","54","3247972"
"chr1","10753074","10753353","GL873545","4448210","4448481","106","6304864"
"chr1","10915377","10915670","GL873545","4448210","4448481","103","6467167"
"chr1","10949598","10949890","GL873545","4448210","4448481","97","6501388"
"chr1","10957876","10958157","GL873545","4448210","4448481","96","6509666"
"chr1","11081326","11081641","GL873545","4448210","4448481","115","6633116"
"chr1","11105345","11105650","GL873545","4448210","4448481","103","6657135"
"chr1","11110105","11110343","GL873545","4448210","4448481","114","6661895"
"chr1","11133866","11134172","GL873545","4448210","4448481","105","6685656"
"chr1","11142138","11142428","GL873545","4448210","4448481","93","6693928"
"chr1","11148455","11148769","GL873545","4448210","4448481","103","6700245"
"chr1","11164847","11165154","GL873545","4448210","4448481","96","6716637"
"chr1","11172842","11173127","GL873545","4448210","4448481","105","6724632"
"chr1","11208395","11208689","GL873545","4448210","4448481","106","6760185"
"chr1","11264923","11265202","GL873545","4448210","4448481","110","6816713"
"chr1","11265785","11265968","GL873540","20171858","20172028","74","8906073"
"chr1","11265997","11266299","GL873545","4448210","4448481","94","6817787"
"chr1","11267217","11267515","GL873545","4448210","4448481","102","6819007"
"chr1","11347201","11347508","GL873545","4448210","4448481","106","6898991"
"chr1","11392674","11392983","GL873545","4448210","4448481","97","6944464"
"chr1","11399177","11399472","GL873545","4448210","4448481","88","6950967"
"chr1","11419605","11419880","GL873545","4448210","4448481","103","6971395"
"chr1","11438764","11439042","GL873545","4448210","4448481","105","6990554"
"chr1","11485805","11485984","GL873540","20171858","20172028","46","8686053"
"chr1","11523055","11523351","GL873545","4448210","4448481","95","7074845"
"chr1","11542074","11542381","GL873545","4448210","4448481","98","7093864"
"chr1","11543357","11543631","GL873545","4448210","4448481","116","7095147"
"chr1","11654211","11654518","GL873545","4448210","4448481","118","7206001"
"chr1","11722948","11723239","GL873545","4448210","4448481","99","7274738"
"chr1","11748966","11749273","GL873545","4448210","4448481","98","7300756"
"chr1","11807745","11808034","GL873545","4448210","4448481","91","7359535"
"chr1","11852994","11853293","GL873545","4448210","4448481","84","7404784"
"chr1","11869568","11869862","GL873545","4448210","4448481","98","7421358"
"chr1","11875322","11875597","GL873545","4448210","4448481","102","7427112"
"chr1","11912289","11912563","GL873545","4448210","4448481","105","7464079"
"chr1","11951563","11951843","GL873545","4448210","4448481","97","7503353"
"chr1","11951884","11951909","GL873680","2478143","2478185","28","9473741"
"chr1","11952928","11953221","GL873545","4448210","4448481","91","7504718"
"chr1","12052133","12052427","GL873545","4448210","4448481","82","7603923"
"chr1","12081437","12081706","GL873545","4448210","4448481","107","7633227"
"chr1","12094991","12095289","GL873545","4448210","4448481","87","7646781"
"chr1","12134739","12135058","GL873545","4448210","4448481","111","7686529"
"chr1","12240329","12240630","GL873545","4448210","4448481","89","7792119"
"chr1","12353076","12353371","GL873545","4448210","4448481","91","7904866"
"chr1","12394434","12394744","GL873545","4448210","4448481","100","7946224"
"chr1","12413875","12414164","GL873545","4448210","4448481","104","7965665"
"chr1","12419776","12420082","GL873545","4448210","4448481","99","7971566"
"chr1","12424098","12424399","GL873545","4448210","4448481","90","7975888"
"chr1","12428274","12428555","GL873545","4448210","4448481","111","7980064"
"chr1","12452191","12452468","GL873545","4448210","4448481","100","8003981"
"chr1","12497315","12497615","GL873545","4448210","4448481","101","8049105"
"chr1","12513046","12513340","GL873545","4448210","4448481","102","8064836"
"chr1","12527278","12527501","GL873536","5689208","5689413","74","6838070"
"chr1","12531524","12531831","GL873545","4448210","4448481","105","8083314"
"chr1","12551554","12551855","GL873545","4448210","4448481","91","8103344"
"chr1","12556807","12557109","GL873545","4448210","4448481","112","8108597"
"chr1","12562623","12562927","GL873545","4448210","4448481","93","8114413"
"chr1","12610906","12611196","GL873545","4448210","4448481","96","8162696"
"chr1","12662239","12662548","GL873545","4448210","4448481","87","8214029"
"chr1","12767127","12767418","GL873545","4448210","4448481","93","8318917"
"chr1","12894670","12894970","GL873545","4448210","4448481","101","8446460"
"chr1","12956066","12956366","GL873545","4448210","4448481","88","8507856"
"chr1","12959944","12960236","GL873545","4448210","4448481","106","8511734"
"chr1","13032913","13033222","GL873545","4448210","4448481","96","8584703"
"chr1","13071899","13072245","GL873545","4448210","4448481","140","8623689"
"chr1","13098663","13098965","GL873545","4448210","4448481","99","8650453"
"chr1","13116883","13117186","GL873545","4448210","4448481","93","8668673"
"chr1","13267766","13268060","GL873545","4448210","4448481","91","8819556"
"chr1","13508023","13508273","GL873545","4448210","4448481","121","9059813"
"chr1","13652530","13652834","GL873545","4448210","4448481","96","9204320"
"chr1","13672400","13672681","GL873545","4448210","4448481","104","9224190"
"chr1","13782100","13782399","GL873545","4448210","4448481","88","9333890"
"chr1","13795970","13796263","GL873545","4448210","4448481","90","9347760"
"chr1","13906049","13906356","GL873545","4448210","4448481","106","9457839"
"chr1","13952559","13952858","GL873545","4448210","4448481","94","9504349"
"chr1","14073897","14074177","GL873545","4448210","4448481","96","9625687"
"chr1","14079186","14079494","GL873545","4448210","4448481","96","9630976"
"chr1","14105110","14105410","GL873545","4448210","4448481","96","9656900"
"chr1","14648245","14648539","GL873545","4448210","4448481","100","10200035"
"chr1","14722488","14722785","GL873545","4448210","4448481","91","10274278"
"chr1","14745261","14745557","GL873545","4448210","4448481","95","10297051"
"chr1","14974867","14975174","GL873545","4448210","4448481","101","10526657"
"chr1","15014598","15014907","GL873545","4448210","4448481","103","10566388"
"chr1","15194390","15194674","GL873545","4448210","4448481","111","10746180"
"chr1","15344365","15344651","GL873545","4448210","4448481","104","10896155"
"chr1","15442406","15442696","GL873545","4448210","4448481","104","10994196"
"chr1","15476159","15476466","GL873545","4448210","4448481","100","11027949"
"chr1","15498581","15498804","GL873536","5689208","5689413","82","9809373"
"chr1","15505357","15505648","GL873545","4448210","4448481","94","11057147"
"chr1","15562273","15562575","GL873545","4448210","4448481","99","11114063"
"chr1","15594846","15595123","GL873545","4448210","4448481","99","11146636"
"chr1","15630023","15630294","GL873545","4448210","4448481","86","11181813"
"chr1","15640926","15641218","GL873545","4448210","4448481","99","11192716"
"chr1","15650294","15650608","GL873545","4448210","4448481","107","11202084"
"chr1","15692596","15692831","GL873545","4448210","4448481","120","11244386"
"chr1","15741915","15742140","GL873540","20171858","20172028","80","4429943"
"chr1","15886501","15886667","GL873522","7344757","7344863","75","8541744"
"chr1","15886697","15886816","GL873522","7345196","7345311","41","8541501"
"chr1","16028956","16029232","GL873545","4448210","4448481","104","11580746"
"chr1","16113836","16114126","GL873545","4448210","4448481","96","11665626"
"chr1","16176078","16176385","GL873545","4448210","4448481","100","11727868"
"chr1","16379126","16379388","GL873545","4448210","4448481","106","11930916"
"chr1","16714616","16714763","GL873522","7345196","7345311","53","9369420"
"chr1","16771039","16771338","GL873545","4448210","4448481","100","12322829"
"chr1","17249801","17250077","GL873545","4448210","4448481","102","12801591"
"chr1","17253889","17254180","GL873545","4448210","4448481","110","12805679"
"chr1","17315906","17316192","GL873545","4448210","4448481","100","12867696"
"chr1","17340586","17340881","GL873545","4448210","4448481","94","12892376"
"chr1","17343976","17344274","GL873545","4448210","4448481","94","12895766"
"chr1","17353898","17354196","GL873545","4448210","4448481","89","12905688"
"chr1","17373660","17373978","GL873545","4448210","4448481","107","12925450"
"chr1","17374573","17374870","GL873545","4448210","4448481","92","12926363"
"chr1","17375446","17375764","GL873545","4448210","4448481","118","12927236"
"chr1","17390543","17390842","GL873545","4448210","4448481","90","12942333"
"chr1","17443743","17443903","GL873522","7345196","7345311","70","10098547"
"chr1","17455077","17455377","GL873545","4448210","4448481","94","13006867"
"chr1","17458131","17458436","GL873545","4448210","4448481","98","13009921"
"chr1","17481032","17481355","GL873545","4448210","4448481","126","13032822"
"chr1","17518686","17519074","GL873545","4448210","4448481","163","13070476"
"chr1","17525915","17526203","GL873545","4448210","4448481","105","13077705"
"chr1","17543832","17544130","GL873545","4448210","4448481","107","13095622"
"chr1","17556136","17556427","GL873545","4448210","4448481","103","13107926"
"chr1","17582226","17582505","GL873545","4448210","4448481","112","13134016"
"chr1","17582516","17582814","GL873545","4448210","4448481","103","13134306"
"chr1","17597679","17597959","GL873545","4448210","4448481","98","13149469"
"chr1","17612095","17612410","GL873545","4448210","4448481","109","13163885"
"chr1","17615170","17615453","GL873545","4448210","4448481","102","13166960"
"chr1","17631724","17632013","GL873545","4448210","4448481","105","13183514"
"chr1","17637536","17637843","GL873545","4448210","4448481","102","13189326"
"chr1","17646524","17646806","GL873545","4448210","4448481","91","13198314"
"chr1","17656443","17656743","GL873545","4448210","4448481","109","13208233"
"chr1","17658951","17659247","GL873545","4448210","4448481","96","13210741"
"chr1","17667434","17667729","GL873545","4448210","4448481","104","13219224"
"chr1","17677318","17677613","GL873545","4448210","4448481","92","13229108"
"chr1","17685621","17685920","GL873545","4448210","4448481","97","13237411"
"chr1","17703537","17703826","GL873545","4448210","4448481","102","13255327"
"chr1","17832478","17832749","GL873545","4448210","4448481","90","13384268"
"chr1","17844316","17844624","GL873545","4448210","4448481","97","13396106"
"chr1","17859465","17859761","GL873545","4448210","4448481","92","13411255"
"chr1","17866556","17866865","GL873545","4448210","4448481","105","13418346"
"chr1","17918385","17918690","GL873545","4448210","4448481","88","13470175"
"chr1","17929441","17929729","GL873545","4448210","4448481","105","13481231"
"chr1","18168256","18168544","GL873545","4448210","4448481","106","13720046"
"chr1","18187003","18187299","GL873545","4448210","4448481","99","13738793"
"chr1","18191313","18191595","GL873545","4448210","4448481","105","13743103"
"chr1","18244082","18244386","GL873545","4448210","4448481","97","13795872"
"chr1","18248967","18249266","GL873545","4448210","4448481","87","13800757"
"chr1","18324321","18324613","GL873545","4448210","4448481","104","13876111"
"chr1","18344935","18345232","GL873545","4448210","4448481","87","13896725"
"chr1","18422742","18422936","GL873540","20171858","20172028","59","1749116"
"chr1","18426002","18426300","GL873545","4448210","4448481","93","13977792"
"chr1","18467321","18467611","GL873545","4448210","4448481","110","14019111"
"chr1","18590855","18591154","GL873545","4448210","4448481","98","14142645"
"chr1","18603250","18603547","GL873545","4448210","4448481","100","14155040"
"chr1","18611779","18611960","GL873540","20171858","20172028","85","1560079"
"chr1","18655880","18656175","GL873545","4448210","4448481","97","14207670"
"chr1","18666520","18666817","GL873545","4448210","4448481","90","14218310"
"chr1","18681155","18681467","GL873545","4448210","4448481","98","14232945"
"chr1","18690834","18691137","GL873545","4448210","4448481","99","14242624"
"chr1","18708488","18708780","GL873545","4448210","4448481","104","14260278"
"chr1","18755041","18755328","GL873545","4448210","4448481","102","14306831"
"chr1","18766795","18767091","GL873545","4448210","4448481","107","14318585"
"chr1","18769086","18769367","GL873545","4448210","4448481","104","14320876"
"chr1","18809600","18809900","GL873545","4448210","4448481","92","14361390"
"chr1","18921887","18922221","GL873545","4448210","4448481","113","14473677"
"chr1","18927626","18927913","GL873545","4448210","4448481","89","14479416"
"chr1","18968707","18969004","GL873545","4448210","4448481","100","14520497"
"chr1","19028350","19028655","GL873545","4448210","4448481","100","14580140"
"chr1","19129215","19129516","GL873545","4448210","4448481","87","14681005"
"chr1","19133559","19133864","GL873545","4448210","4448481","95","14685349"
"chr1","19143667","19143975","GL873545","4448210","4448481","97","14695457"
"chr1","19331498","19331763","GL873545","4448210","4448481","99","14883288"
"chr1","19531335","19531627","GL873545","4448210","4448481","100","15083125"
"chr1","19558322","19558574","GL873545","4448210","4448481","110","15110112"
"chr1","19570590","19570880","GL873545","4448210","4448481","91","15122380"
"chr1","19588675","19588981","GL873545","4448210","4448481","98","15140465"
"chr1","19593074","19593371","GL873545","4448210","4448481","93","15144864"
"chr1","19757938","19758233","GL873545","4448210","4448481","91","15309728"
"chr1","19884761","19885068","GL873545","4448210","4448481","103","15436551"
"chr1","20205522","20205827","GL873545","4448210","4448481","98","15757312"
"chr1","20346686","20346889","GL873536","5689208","5689413","71","14657478"
"chr1","20486360","20486663","GL873545","4448210","4448481","100","16038150"
"chr1","20549785","20550098","GL873545","4448210","4448481","102","16101575"
"chr1","20570941","20571250","GL873545","4448210","4448481","97","16122731"
"chr1","20638212","20638524","GL873545","4448210","4448481","94","16190002"
"chr1","20823348","20823650","GL873545","4448210","4448481","90","16375138"
"chr1","21194976","21195299","GL873545","4448210","4448481","116","16746766"
"chr1","21305537","21305820","GL873545","4448210","4448481","101","16857327"
"chr1","21323160","21323469","GL873545","4448210","4448481","99","16874950"
"chr1","21529196","21529492","GL873545","4448210","4448481","98","17080986"
"chr1","21688888","21689173","GL873545","4448210","4448481","103","17240678"
"chr1","21700578","21700868","GL873545","4448210","4448481","97","17252368"
"chr1","21715744","21716038","GL873545","4448210","4448481","92","17267534"
"chr1","21865862","21866160","GL873545","4448210","4448481","85","17417652"
"chr1","21996392","21996676","GL873545","4448210","4448481","105","17548182"
"chr1","22063410","22063673","GL873536","5689208","5689413","99","16374202"
"chr1","22189253","22189558","GL873545","4448210","4448481","92","17741043"
"chr1","22633849","22634157","GL873545","4448210","4448481","95","18185639"
"chr1","22728961","22729258","GL873545","4448210","4448481","97","18280751"
"chr1","22776997","22777305","GL873545","4448210","4448481","102","18328787"
"chr1","23518665","23518949","GL873545","4448210","4448481","102","19070455"
"chr1","23572280","23572595","GL873545","4448210","4448481","114","19124070"
"chr1","23671751","23672060","GL873545","4448210","4448481","106","19223541"
"chr1","23731241","23731545","GL873545","4448210","4448481","89","19283031"
"chr1","23761438","23761744","GL873545","4448210","4448481","93","19313228"
"chr1","24386157","24386418","GL873536","5689208","5689413","106","18696949"
"chr1","24466983","24467269","GL873545","4448210","4448481","96","20018773"
"chr1","24637311","24637631","GL873545","4448210","4448481","117","20189101"
"chr1","24832793","24833110","GL873545","4448210","4448481","103","20384583"
"chr1","24858886","24859183","GL873545","4448210","4448481","90","20410676"
"chr1","24862814","24863114","GL873545","4448210","4448481","98","20414604"
"chr1","24922431","24922714","GL873545","4448210","4448481","119","20474221"
"chr1","25024024","25024311","GL873545","4448210","4448481","103","20575814"
"chr1","25223940","25224241","GL873545","4448210","4448481","89","20775730"
"chr1","25320011","25320291","GL873545","4448210","4448481","94","20871801"
"chr1","25350062","25350355","GL873545","4448210","4448481","99","20901852"
"chr1","25622191","25622363","GL873540","20171858","20172028","85","5450333"
"chr1","25670596","25670898","GL873545","4448210","4448481","104","21222386"
"chr1","25750030","25750327","GL873545","4448210","4448481","91","21301820"
"chr1","25852363","25852640","GL873536","5689208","5689413","112","20163155"
"chr1","26029559","26029841","GL873545","4448210","4448481","103","21581349"
"chr1","26126154","26126421","GL873545","4448210","4448481","115","21677944"
"chr1","26255813","26256112","GL873545","4448210","4448481","97","21807603"
"chr1","26375517","26375651","GL873522","7345196","7345311","43","19030321"
"chr1","26375684","26375974","GL873545","4448210","4448481","110","21927474"
"chr1","26510934","26511236","GL873545","4448210","4448481","95","22062724"
"chr1","26533505","26533803","GL873545","4448210","4448481","94","22085295"
"chr1","26607813","26608077","GL873545","4448210","4448481","113","22159603"
"chr1","26953477","26953749","GL873545","4448210","4448481","105","22505267"
"chr1","26985085","26985368","GL873545","4448210","4448481","100","22536875"
"chr1","27016297","27016583","GL873545","4448210","4448481","99","22568087"
"chr1","27083646","27083823","GL873540","20171858","20172028","73","6911788"
"chr1","28529998","28530294","GL873545","4448210","4448481","111","24081788"
"chr1","28558205","28558477","GL873545","4448210","4448481","101","24109995"
"chr1","28738754","28739046","GL873545","4448210","4448481","100","24290544"
"chr1","28795744","28796026","GL873545","4448210","4448481","100","24347534"
"chr1","28845543","28845832","GL873545","4448210","4448481","95","24397333"
"chr1","29041342","29041621","GL873545","4448210","4448481","107","24593132"
"chr1","29198466","29198721","GL873545","4448210","4448481","94","24750256"
"chr1","29300827","29301134","GL873545","4448210","4448481","92","24852617"
"chr1","29350262","29350523","GL873545","4448210","4448481","126","24902052"
"chr1","29436915","29437208","GL873545","4448210","4448481","96","24988705"
"chr1","29466795","29467055","GL873545","4448210","4448481","98","25018585"
"chr1","29568272","29568567","GL873545","4448210","4448481","101","25120062"
"chr1","29614974","29615264","GL873545","4448210","4448481","104","25166764"
"chr1","29662796","29663091","GL873545","4448210","4448481","97","25214586"
"chr1","29863215","29863515","GL873545","4448210","4448481","93","25415005"
"chr1","29970772","29971042","GL873545","4448210","4448481","103","25522562"
"chr1","29998367","29998679","GL873545","4448210","4448481","102","25550157"
"chr1","30050631","30050905","GL873545","4448210","4448481","106","25602421"
"chr1","30055878","30056184","GL873545","4448210","4448481","100","25607668"
"chr1","30293967","30294281","GL873545","4448210","4448481","112","25845757"
"chr1","30401589","30401867","GL873545","4448210","4448481","116","25953379"
"chr1","30528551","30528860","GL873545","4448210","4448481","101","26080341"
"chr1","30744312","30744620","GL873545","4448210","4448481","93","26296102"
"chr1","30850225","30850521","GL873545","4448210","4448481","98","26402015"
"chr1","30959329","30959612","GL873545","4448210","4448481","93","26511119"
"chr1","31014065","31014342","GL873545","4448210","4448481","108","26565855"
"chr1","31090027","31090311","GL873545","4448210","4448481","107","26641817"
"chr1","31141642","31141998","GL873545","4448210","4448481","137","26693432"
"chr1","31204980","31205273","GL873545","4448210","4448481","102","26756770"
"chr1","31244603","31244887","GL873545","4448210","4448481","94","26796393"
"chr1","31256068","31256370","GL873545","4448210","4448481","92","26807858"
"chr1","31266558","31266846","GL873545","4448210","4448481","96","26818348"
"chr1","31267960","31268268","GL873545","4448210","4448481","102","26819750"
"chr1","31286970","31287262","GL873545","4448210","4448481","99","26838760"
"chr1","31323782","31324064","GL873545","4448210","4448481","85","26875572"
"chr1","31372518","31372834","GL873545","4448210","4448481","110","26924308"
"chr1","31425345","31425623","GL873545","4448210","4448481","105","26977135"
"chr1","31722661","31722960","GL873545","4448210","4448481","90","27274451"
"chr1","31928421","31928717","GL873545","4448210","4448481","102","27480211"
"chr1","31964342","31964638","GL873545","4448210","4448481","93","27516132"
"chr1","31971694","31972003","GL873545","4448210","4448481","102","27523484"
"chr1","31984415","31984694","GL873545","4448210","4448481","103","27536205"
"chr1","32012188","32012497","GL873545","4448210","4448481","99","27563978"
"chr1","32020941","32021255","GL873545","4448210","4448481","106","27572731"
"chr1","32045406","32045727","GL873545","4448210","4448481","108","27597196"
"chr1","32063945","32064248","GL873545","4448210","4448481","98","27615735"
"chr1","32098403","32098703","GL873545","4448210","4448481","91","27650193"
"chr1","32143367","32143672","GL873545","4448210","4448481","99","27695157"
"chr1","32162632","32162911","GL873545","4448210","4448481","99","27714422"
"chr1","32205208","32205487","GL873545","4448210","4448481","98","27756998"
"chr1","32272584","32272875","GL873545","4448210","4448481","94","27824374"
"chr1","32316390","32316690","GL873545","4448210","4448481","95","27868180"
"chr1","32317930","32318241","GL873545","4448210","4448481","99","27869720"
"chr1","32354289","32354421","GL873522","7345196","7345311","41","25009093"
"chr1","32368943","32369229","GL873545","4448210","4448481","101","27920733"
"chr1","32384149","32384430","GL873545","4448210","4448481","96","27935939"
"chr1","32423279","32423590","GL873545","4448210","4448481","105","27975069"
"chr1","32463049","32463328","GL873545","4448210","4448481","105","28014839"
"chr1","32505958","32506264","GL873545","4448210","4448481","98","28057748"
"chr1","32524656","32524931","GL873545","4448210","4448481","104","28076446"
"chr1","32525564","32525886","GL873545","4448210","4448481","112","28077354"
"chr1","32555534","32555833","GL873545","4448210","4448481","101","28107324"
"chr1","32563561","32563852","GL873545","4448210","4448481","105","28115351"
"chr1","32593819","32594112","GL873545","4448210","4448481","92","28145609"
"chr1","32633243","32633499","GL873536","5689208","5689413","98","26944035"
"chr1","32635946","32636254","GL873545","4448210","4448481","102","28187736"
"chr1","32727652","32727952","GL873545","4448210","4448481","93","28279442"
"chr1","32730280","32730571","GL873545","4448210","4448481","104","28282070"
"chr1","32785589","32785890","GL873545","4448210","4448481","97","28337379"
"chr1","32804001","32804306","GL873545","4448210","4448481","117","28355791"
"chr1","32871029","32871326","GL873545","4448210","4448481","110","28422819"
"chr1","32919140","32919436","GL873545","4448210","4448481","97","28470930"
"chr1","33145345","33145655","GL873545","4448210","4448481","99","28697135"
"chr1","33203336","33203614","GL873545","4448210","4448481","105","28755126"
"chr1","33225626","33225924","GL873545","4448210","4448481","86","28777416"
"chr1","33230356","33230653","GL873545","4448210","4448481","94","28782146"
"chr1","33266505","33266820","GL873545","4448210","4448481","101","28818295"
"chr1","33428577","33428888","GL873545","4448210","4448481","100","28980367"
"chr1","33493246","33493542","GL873545","4448210","4448481","94","29045036"
"chr1","33599702","33600012","GL873545","4448210","4448481","100","29151492"
"chr1","33794769","33795048","GL873545","4448210","4448481","110","29346559"
"chr1","33898949","33899257","GL873545","4448210","4448481","102","29450739"
"chr1","33963478","33963786","GL873545","4448210","4448481","97","29515268"
"chr1","33994118","33994414","GL873545","4448210","4448481","100","29545908"
"chr1","34036466","34036770","GL873545","4448210","4448481","90","29588256"
"chr1","34227315","34227594","GL873545","4448210","4448481","105","29779105"
"chr1","34236752","34237053","GL873545","4448210","4448481","92","29788542"
"chr1","34378413","34378705","GL873545","4448210","4448481","104","29930203"
"chr1","34378732","34378745","GL873680","2478143","2478185","30","31900589"
"chr1","34941571","34941898","GL873545","4448210","4448481","112","30493361"
"chr1","35065804","35066097","GL873545","4448210","4448481","96","30617594"
"chr1","35135574","35135849","GL873545","4448210","4448481","104","30687364"
"chr1","35438598","35438900","GL873545","4448210","4448481","97","30990388"
"chr1","35692630","35692930","GL873545","4448210","4448481","104","31244420"
"chr1","35804661","35804952","GL873545","4448210","4448481","99","31356451"
"chr1","35857056","35857358","GL873545","4448210","4448481","105","31408846"
"chr1","36154805","36155100","GL873545","4448210","4448481","108","31706595"
"chr1","36231390","36231594","GL873540","20171858","20172028","65","16059532"
"chr1","36518395","36518688","GL873545","4448210","4448481","94","32070185"
"chr1","36609275","36609528","GL873545","4448210","4448481","110","32161065"
"chr1","37220167","37220470","GL873545","4448210","4448481","97","32771957"
"chr1","37300476","37300751","GL873545","4448210","4448481","108","32852266"
"chr1","38046367","38046664","GL873545","4448210","4448481","93","33598157"
"chr1","38437333","38437641","GL873545","4448210","4448481","109","33989123"
"chr1","38470012","38470308","GL873545","4448210","4448481","103","34021802"
"chr1","38648750","38649045","GL873545","4448210","4448481","95","34200540"
"chr1","38701565","38701866","GL873545","4448210","4448481","96","34253355"
"chr1","38834945","38835250","GL873545","4448210","4448481","96","34386735"
"chr1","38836411","38836712","GL873545","4448210","4448481","99","34388201"
"chr1","38850005","38850300","GL873545","4448210","4448481","96","34401795"
"chr1","39003237","39003496","GL873536","5689208","5689413","102","33314029"
"chr1","39010090","39010369","GL873545","4448210","4448481","112","34561880"
"chr1","39031195","39031504","GL873545","4448210","4448481","101","34582985"
"chr1","39212267","39212579","GL873545","4448210","4448481","105","34764057"
"chr1","39400008","39400306","GL873545","4448210","4448481","96","34951798"
"chr1","39692417","39692672","GL873545","4448210","4448481","111","35244207"
"chr1","39813397","39813651","GL873545","4448210","4448481","106","35365187"
"chr1","40265769","40266053","GL873545","4448210","4448481","108","35817559"
"chr1","40751178","40751495","GL873545","4448210","4448481","111","36302968"
"chr1","40772738","40773048","GL873545","4448210","4448481","99","36324528"
"chr1","41586975","41587271","GL873545","4448210","4448481","94","37138765"
"chr1","41703661","41703962","GL873545","4448210","4448481","98","37255451"
"chr1","41947585","41947882","GL873545","4448210","4448481","95","37499375"
"chr1","42092379","42092684","GL873545","4448210","4448481","96","37644169"
"chr1","42130643","42130951","GL873545","4448210","4448481","96","37682433"
"chr1","42299053","42299063","GL873680","2478143","2478185","32","39820910"
"chr1","42299116","42299401","GL873545","4448210","4448481","103","37850906"
"chr1","42359401","42359681","GL873545","4448210","4448481","106","37911191"
"chr1","42629230","42629485","GL873536","5689208","5689413","93","36940022"
"chr1","43120515","43120810","GL873545","4448210","4448481","92","38672305"
"chr1","43176348","43176654","GL873545","4448210","4448481","101","38728138"
"chr1","43209980","43210257","GL873545","4448210","4448481","97","38761770"
"chr1","43315072","43315356","GL873545","4448210","4448481","107","38866862"
"chr1","43381744","43382056","GL873545","4448210","4448481","106","38933534"
"chr1","43933596","43933925","GL873545","4448210","4448481","121","39485386"
"chr1","44039439","44039735","GL873545","4448210","4448481","103","39591229"
"chr1","44057089","44057387","GL873545","4448210","4448481","99","39608879"
"chr1","44102952","44103228","GL873545","4448210","4448481","105","39654742"
"chr1","44275507","44275782","GL873545","4448210","4448481","102","39827297"
"chr1","44368941","44369252","GL873545","4448210","4448481","100","39920731"
"chr1","44502603","44502915","GL873545","4448210","4448481","99","40054393"
"chr1","44611982","44612253","GL873545","4448210","4448481","107","40163772"
"chr1","44672719","44672995","GL873545","4448210","4448481","97","40224509"
"chr1","44762644","44762957","GL873545","4448210","4448481","111","40314434"
"chr1","44782481","44782790","GL873545","4448210","4448481","93","40334271"
"chr1","44857779","44858073","GL873545","4448210","4448481","99","40409569"
"chr1","44883103","44883398","GL873545","4448210","4448481","88","40434893"
"chr1","45083618","45083923","GL873545","4448210","4448481","97","40635408"
"chr1","45176387","45176684","GL873545","4448210","4448481","101","40728177"
"chr1","45365716","45365963","GL873545","4448210","4448481","119","40917506"
"chr1","45395858","45396162","GL873545","4448210","4448481","102","40947648"
"chr1","46116964","46117270","GL873545","4448210","4448481","96","41668754"
"chr1","46128685","46128975","GL873545","4448210","4448481","104","41680475"
"chr1","46142808","46143096","GL873545","4448210","4448481","96","41694598"
"chr1","46169410","46169712","GL873545","4448210","4448481","97","41721200"
"chr1","46198901","46199205","GL873545","4448210","4448481","98","41750691"
"chr1","46200366","46200667","GL873545","4448210","4448481","95","41752156"
"chr1","46236613","46236918","GL873545","4448210","4448481","93","41788403"
"chr1","46336888","46337189","GL873545","4448210","4448481","88","41888678"
"chr1","46407804","46408093","GL873545","4448210","4448481","94","41959594"
"chr1","46421682","46421968","GL873545","4448210","4448481","83","41973472"
"chr1","46443730","46444027","GL873545","4448210","4448481","103","41995520"
"chr1","46513352","46513661","GL873545","4448210","4448481","101","42065142"
"chr1","46528660","46528935","GL873545","4448210","4448481","109","42080450"
"chr1","46614064","46614321","GL873545","4448210","4448481","99","42165854"
"chr1","46673837","46674125","GL873545","4448210","4448481","95","42225627"
"chr1","46838349","46838657","GL873545","4448210","4448481","98","42390139"
"chr1","46898540","46898853","GL873545","4448210","4448481","103","42450330"
"chr1","47136142","47136455","GL873545","4448210","4448481","92","42687932"
"chr1","47247830","47248132","GL873545","4448210","4448481","94","42799620"
"chr1","47505816","47506115","GL873545","4448210","4448481","85","43057606"
"chr1","47521263","47521549","GL873545","4448210","4448481","99","43073053"
"chr1","47583113","47583420","GL873545","4448210","4448481","99","43134903"
"chr1","47675534","47675816","GL873545","4448210","4448481","102","43227324"
"chr1","47675828","47676131","GL873545","4448210","4448481","83","43227618"
"chr1","47699797","47700080","GL873545","4448210","4448481","95","43251587"
"chr1","47706998","47707295","GL873545","4448210","4448481","95","43258788"
"chr1","47713675","47713972","GL873545","4448210","4448481","87","43265465"
"chr1","47714771","47715061","GL873545","4448210","4448481","104","43266561"
"chr1","47724521","47724810","GL873545","4448210","4448481","101","43276311"
"chr1","47741392","47741702","GL873545","4448210","4448481","101","43293182"
"chr1","47743195","47743498","GL873545","4448210","4448481","98","43294985"
"chr1","47752517","47752821","GL873545","4448210","4448481","95","43304307"
"chr1","47849669","47849961","GL873545","4448210","4448481","95","43401459"
"chr1","47877664","47877953","GL873545","4448210","4448481","100","43429454"
"chr1","47877954","47878248","GL873545","4448210","4448481","97","43429744"
"chr1","47878463","47878769","GL873545","4448210","4448481","92","43430253"
"chr1","47888257","47888563","GL873545","4448210","4448481","93","43440047"
"chr1","47915111","47915391","GL873545","4448210","4448481","81","43466901"
"chr1","47918233","47918523","GL873545","4448210","4448481","89","43470023"
"chr1","47969383","47969681","GL873545","4448210","4448481","91","43521173"
"chr1","48137661","48137952","GL873545","4448210","4448481","101","43689451"
"chr1","48204792","48205112","GL873545","4448210","4448481","114","43756582"
"chr1","48296397","48296689","GL873545","4448210","4448481","93","43848187"
"chr1","48358104","48358374","GL873545","4448210","4448481","103","43909894"
"chr1","48440221","48440520","GL873545","4448210","4448481","92","43992011"
"chr1","48722121","48722414","GL873545","4448210","4448481","99","44273911"
"chr1","48793990","48794293","GL873545","4448210","4448481","103","44345780"
"chr1","48929040","48929310","GL873545","4448210","4448481","110","44480830"
"chr1","49242998","49243280","GL873545","4448210","4448481","102","44794788"
"chr1","49331805","49332106","GL873545","4448210","4448481","91","44883595"
"chr1","49533802","49534112","GL873545","4448210","4448481","121","45085592"
"chr1","49552283","49552606","GL873545","4448210","4448481","119","45104073"
"chr1","49858758","49859066","GL873545","4448210","4448481","97","45410548"
"chr1","50058744","50059030","GL873545","4448210","4448481","96","45610534"
"chr1","50115105","50115355","GL873545","4448210","4448481","121","45666895"
"chr1","50199588","50199846","GL873545","4448210","4448481","97","45751378"
"chr1","50235973","50236269","GL873545","4448210","4448481","98","45787763"
"chr1","50239748","50240052","GL873545","4448210","4448481","99","45791538"
"chr1","50338467","50338756","GL873545","4448210","4448481","99","45890257"
"chr1","50354773","50355077","GL873545","4448210","4448481","97","45906563"
"chr1","50392867","50393171","GL873545","4448210","4448481","101","45944657"
"chr1","50407353","50407660","GL873545","4448210","4448481","98","45959143"
"chr1","50490401","50490691","GL873545","4448210","4448481","117","46042191"
"chr1","50610279","50610583","GL873545","4448210","4448481","99","46162069"
"chr1","50844191","50844477","GL873545","4448210","4448481","102","46395981"
"chr1","51086461","51086766","GL873545","4448210","4448481","90","46638251"
"chr1","51101962","51102246","GL873545","4448210","4448481","97","46653752"
"chr1","51149098","51149375","GL873545","4448210","4448481","91","46700888"
"chr1","51211127","51211438","GL873545","4448210","4448481","99","46762917"
"chr1","51225599","51225890","GL873545","4448210","4448481","101","46777389"
"chr1","51362597","51362850","GL873545","4448210","4448481","95","46914387"
"chr1","52030893","52031187","GL873545","4448210","4448481","101","47582683"
"chr1","52081234","52081532","GL873545","4448210","4448481","86","47633024"
"chr1","52209055","52209355","GL873545","4448210","4448481","90","47760845"
"chr1","52250362","52250642","GL873545","4448210","4448481","109","47802152"
"chr1","52357253","52357556","GL873545","4448210","4448481","98","47909043"
"chr1","52373398","52373738","GL873545","4448210","4448481","126","47925188"
"chr1","52474932","52475231","GL873545","4448210","4448481","89","48026722"
"chr1","52665629","52665930","GL873545","4448210","4448481","95","48217419"
"chr1","52996399","52996694","GL873545","4448210","4448481","99","48548189"
"chr1","53016483","53016790","GL873545","4448210","4448481","101","48568273"
"chr1","53220628","53220948","GL873545","4448210","4448481","115","48772418"
"chr1","53538496","53538739","GL873545","4448210","4448481","123","49090286"
"chr1","53608598","53608883","GL873545","4448210","4448481","104","49160388"
"chr1","53899397","53899680","GL873545","4448210","4448481","97","49451187"
"chr1","53911711","53912010","GL873545","4448210","4448481","107","49463501"
"chr1","53985120","53985404","GL873545","4448210","4448481","100","49536910"
"chr1","54058437","54058747","GL873545","4448210","4448481","105","49610227"
"chr1","54295589","54295868","GL873545","4448210","4448481","100","49847379"
"chr1","54325888","54326182","GL873545","4448210","4448481","102","49877678"
"chr1","54371250","54371541","GL873545","4448210","4448481","104","49923040"
"chr1","54414344","54414650","GL873545","4448210","4448481","109","49966134"
"chr1","54446393","54446662","GL873545","4448210","4448481","104","49998183"
"chr1","54545611","54545908","GL873545","4448210","4448481","94","50097401"
"chr1","54685484","54685778","GL873545","4448210","4448481","93","50237274"
"chr1","54839735","54840029","GL873545","4448210","4448481","94","50391525"
"chr1","54932720","54933024","GL873545","4448210","4448481","99","50484510"
"chr1","55098177","55098456","GL873545","4448210","4448481","112","50649967"
"chr1","55169040","55169304","GL873545","4448210","4448481","103","50720830"
"chr1","55190678","55190974","GL873545","4448210","4448481","113","50742468"
"chr1","55208442","55208676","GL873545","4448210","4448481","105","50760232"
"chr1","55219195","55219491","GL873545","4448210","4448481","99","50770985"
"chr1","55238693","55239018","GL873545","4448210","4448481","109","50790483"
"chr1","55240290","55240555","GL873545","4448210","4448481","106","50792080"
"chr1","55265252","55265555","GL873545","4448210","4448481","94","50817042"
"chr1","55353300","55353591","GL873545","4448210","4448481","100","50905090"
"chr1","55385008","55385314","GL873545","4448210","4448481","98","50936798"
"chr1","55392280","55392567","GL873545","4448210","4448481","93","50944070"
"chr1","55409197","55409444","GL873545","4448210","4448481","110","50960987"
"chr1","55412183","55412463","GL873545","4448210","4448481","115","50963973"
"chr1","55441538","55441831","GL873545","4448210","4448481","99","50993328"
"chr1","55453012","55453300","GL873545","4448210","4448481","106","51004802"
"chr1","55458566","55458730","GL873522","7344757","7344863","80","48113809"
"chr1","55459031","55459164","GL873522","7345196","7345311","40","48113835"
"chr1","55462160","55462462","GL873545","4448210","4448481","101","51013950"
"chr1","55473945","55474086","GL873522","7345196","7345311","54","48128749"
"chr1","55494616","55494871","GL873545","4448210","4448481","105","51046406"
"chr1","55504895","55505185","GL873545","4448210","4448481","101","51056685"
"chr1","55515843","55516115","GL873536","5689208","5689413","107","49826635"
"chr1","55524191","55524487","GL873545","4448210","4448481","85","51075981"
"chr1","55526888","55527137","GL873536","5689208","5689413","93","49837680"
"chr1","55534167","55534463","GL873545","4448210","4448481","101","51085957"
"chr1","55540464","55540774","GL873545","4448210","4448481","104","51092254"
"chr1","55570313","55570603","GL873545","4448210","4448481","92","51122103"
"chr1","55579895","55580204","GL873545","4448210","4448481","97","51131685"
"chr1","55588087","55588391","GL873545","4448210","4448481","98","51139877"
"chr1","55645206","55645502","GL873545","4448210","4448481","90","51196996"
"chr1","55646737","55647021","GL873545","4448210","4448481","105","51198527"
"chr1","55751585","55751874","GL873545","4448210","4448481","107","51303375"
"chr1","55815693","55815989","GL873545","4448210","4448481","84","51367483"
"chr1","55851689","55851986","GL873545","4448210","4448481","87","51403479"
"chr1","55904224","55904523","GL873545","4448210","4448481","88","51456014"
"chr1","55963058","55963356","GL873545","4448210","4448481","94","51514848"
"chr1","56537190","56537501","GL873545","4448210","4448481","109","52088980"
"chr1","56883283","56883565","GL873545","4448210","4448481","102","52435073"
"chr1","57020758","57021053","GL873545","4448210","4448481","103","52572548"
"chr1","57376327","57376610","GL873545","4448210","4448481","99","52928117"
"chr1","57660458","57660785","GL873545","4448210","4448481","125","53212248"
"chr1","57724853","57725111","GL873545","4448210","4448481","99","53276643"
"chr1","58006775","58007063","GL873545","4448210","4448481","105","53558565"
"chr1","58117861","58118155","GL873545","4448210","4448481","109","53669651"
"chr1","58219271","58219574","GL873545","4448210","4448481","98","53771061"
"chr1","58233107","58233406","GL873545","4448210","4448481","101","53784897"
"chr1","58288268","58288570","GL873545","4448210","4448481","92","53840058"
"chr1","58327724","58328030","GL873545","4448210","4448481","93","53879514"
"chr1","58364280","58364586","GL873545","4448210","4448481","104","53916070"
"chr1","58401775","58402066","GL873545","4448210","4448481","97","53953565"
"chr1","58502039","58502318","GL873545","4448210","4448481","105","54053829"
"chr1","58591588","58591884","GL873545","4448210","4448481","98","54143378"
"chr1","58771514","58771770","GL873545","4448210","4448481","106","54323304"
"chr1","61077357","61077673","GL873545","4448210","4448481","105","56629147"
"chr1","61101315","61101606","GL873545","4448210","4448481","103","56653105"
"chr1","61272680","61272978","GL873545","4448210","4448481","97","56824470"
"chr1","61533412","61533714","GL873545","4448210","4448481","99","57085202"
"chr1","61661298","61661592","GL873545","4448210","4448481","99","57213088"
"chr1","61939114","61939403","GL873545","4448210","4448481","92","57490904"
"chr1","62118028","62118330","GL873545","4448210","4448481","100","57669818"
"chr1","62207562","62207810","GL873545","4448210","4448481","105","57759352"
"chr1","62238527","62238801","GL873545","4448210","4448481","106","57790317"
"chr1","62650862","62651156","GL873545","4448210","4448481","91","58202652"
"chr1","62749741","62750048","GL873545","4448210","4448481","102","58301531"
"chr1","62767024","62767320","GL873545","4448210","4448481","96","58318814"
"chr1","62812163","62812467","GL873545","4448210","4448481","98","58363953"
"chr1","62822591","62822889","GL873545","4448210","4448481","86","58374381"
"chr1","62839802","62840102","GL873545","4448210","4448481","90","58391592"
"chr1","62855452","62855715","GL873545","4448210","4448481","104","58407242"
"chr1","62879680","62879966","GL873545","4448210","4448481","103","58431470"
"chr1","62892998","62893289","GL873545","4448210","4448481","92","58444788"
"chr1","62929163","62929462","GL873545","4448210","4448481","95","58480953"
"chr1","62950382","62950672","GL873545","4448210","4448481","96","58502172"
"chr1","62967445","62967729","GL873545","4448210","4448481","101","58519235"
"chr1","62969669","62969944","GL873545","4448210","4448481","104","58521459"
"chr1","62978570","62978874","GL873545","4448210","4448481","94","58530360"
"chr1","63025467","63025740","GL873545","4448210","4448481","98","58577257"
"chr1","63093646","63093928","GL873545","4448210","4448481","98","58645436"
"chr1","63125919","63126207","GL873545","4448210","4448481","92","58677709"
"chr1","63248388","63248679","GL873545","4448210","4448481","102","58800178"
"chr1","63370893","63371189","GL873545","4448210","4448481","100","58922683"
"chr1","63424148","63424462","GL873545","4448210","4448481","103","58975938"
"chr1","63437037","63437320","GL873545","4448210","4448481","104","58988827"
"chr1","63646016","63646318","GL873545","4448210","4448481","86","59197806"
"chr1","63649925","63650225","GL873545","4448210","4448481","93","59201715"
"chr1","63705635","63705903","GL873545","4448210","4448481","110","59257425"
"chr1","63756993","63757295","GL873545","4448210","4448481","89","59308783"
"chr1","63783661","63783917","GL873545","4448210","4448481","111","59335451"
"chr1","63986988","63987292","GL873545","4448210","4448481","92","59538778"
"chr1","64028122","64028413","GL873545","4448210","4448481","83","59579912"
"chr1","64038182","64038493","GL873545","4448210","4448481","97","59589972"
"chr1","64039397","64039679","GL873545","4448210","4448481","97","59591187"
"chr1","64121104","64121259","GL873522","7345196","7345311","64","56775908"
"chr1","64367304","64367608","GL873545","4448210","4448481","102","59919094"
"chr1","64446443","64446735","GL873545","4448210","4448481","94","59998233"
"chr1","64598952","64599257","GL873545","4448210","4448481","94","60150742"
"chr1","64682608","64682902","GL873545","4448210","4448481","99","60234398"
"chr1","64732894","64733180","GL873545","4448210","4448481","99","60284684"
"chr1","64763516","64763823","GL873545","4448210","4448481","104","60315306"
"chr1","64807873","64808168","GL873545","4448210","4448481","86","60359663"
"chr1","64827583","64827885","GL873545","4448210","4448481","89","60379373"
"chr1","64857270","64857571","GL873545","4448210","4448481","90","60409060"
"chr1","64928831","64928963","GL873522","7345196","7345311","42","57583635"
"chr1","64929254","64929423","GL873522","7344757","7344863","76","57584497"
"chr1","64953961","64954254","GL873545","4448210","4448481","102","60505751"
"chr1","64956738","64957048","GL873545","4448210","4448481","101","60508528"
"chr1","64990842","64991111","GL873545","4448210","4448481","107","60542632"
"chr1","65006503","65006782","GL873545","4448210","4448481","108","60558293"
"chr1","65044627","65044915","GL873545","4448210","4448481","100","60596417"
"chr1","65047117","65047375","GL873536","5689208","5689413","97","59357909"
"chr1","65062680","65062963","GL873545","4448210","4448481","96","60614470"
"chr1","65083598","65083874","GL873545","4448210","4448481","93","60635388"
"chr1","65084027","65084320","GL873545","4448210","4448481","87","60635817"
"chr1","65126511","65126805","GL873545","4448210","4448481","116","60678301"
"chr1","65179384","65179687","GL873545","4448210","4448481","96","60731174"
"chr1","65235505","65235810","GL873545","4448210","4448481","95","60787295"
"chr1","65260716","65261012","GL873545","4448210","4448481","89","60812506"
"chr1","65597732","65598023","GL873545","4448210","4448481","96","61149522"
"chr1","65860216","65860519","GL873545","4448210","4448481","89","61412006"
"chr1","66201232","66201411","GL873522","7344757","7344863","86","58856475"
"chr1","66201725","66201849","GL873522","7345196","7345311","50","58856529"
"chr1","66310149","66310429","GL873545","4448210","4448481","105","61861939"
"chr1","66324022","66324313","GL873545","4448210","4448481","95","61875812"
"chr1","66379131","66379424","GL873545","4448210","4448481","91","61930921"
"chr1","66526740","66527043","GL873545","4448210","4448481","87","62078530"
"chr1","66561353","66561641","GL873545","4448210","4448481","95","62113143"
"chr1","66600138","66600436","GL873545","4448210","4448481","88","62151928"
"chr1","66807848","66808141","GL873545","4448210","4448481","97","62359638"
"chr1","66876264","66876567","GL873545","4448210","4448481","100","62428054"
"chr1","66916536","66916828","GL873545","4448210","4448481","85","62468326"
"chr1","66921029","66921319","GL873545","4448210","4448481","97","62472819"
"chr1","66950375","66950675","GL873545","4448210","4448481","99","62502165"
"chr1","67040897","67041196","GL873545","4448210","4448481","93","62592687"
"chr1","67060269","67060574","GL873545","4448210","4448481","100","62612059"
"chr1","67089857","67090154","GL873545","4448210","4448481","103","62641647"
"chr1","67143952","67144248","GL873545","4448210","4448481","101","62695742"
"chr1","67251021","67251338","GL873545","4448210","4448481","104","62802811"
"chr1","67332855","67333161","GL873545","4448210","4448481","97","62884645"
"chr1","67515791","67516092","GL873545","4448210","4448481","94","63067581"
"chr1","67524380","67524709","GL873545","4448210","4448481","128","63076170"
"chr1","67531876","67532188","GL873545","4448210","4448481","100","63083666"
"chr1","67619846","67620143","GL873545","4448210","4448481","89","63171636"
"chr1","67643802","67644102","GL873545","4448210","4448481","94","63195592"
"chr1","67652168","67652457","GL873545","4448210","4448481","105","63203958"
"chr1","67692218","67692509","GL873545","4448210","4448481","95","63244008"
"chr1","68087474","68087780","GL873545","4448210","4448481","107","63639264"
"chr1","68161370","68161652","GL873545","4448210","4448481","95","63713160"
"chr1","68236576","68236771","GL873540","20171858","20172028","65","48064718"
"chr1","68236772","68236878","GL873525","40670586","40670666","54","27566186"
"chr1","68249283","68249569","GL873545","4448210","4448481","102","63801073"
"chr1","68454845","68455148","GL873545","4448210","4448481","94","64006635"
"chr1","68462776","68463091","GL873545","4448210","4448481","106","64014566"
"chr1","68697929","68698224","GL873545","4448210","4448481","93","64249719"
"chr1","68729250","68729542","GL873545","4448210","4448481","93","64281040"
"chr1","68732781","68733071","GL873545","4448210","4448481","93","64284571"
"chr1","68753145","68753441","GL873545","4448210","4448481","93","64304935"
"chr1","68763999","68764289","GL873545","4448210","4448481","105","64315789"
"chr1","68843048","68843347","GL873545","4448210","4448481","105","64394838"
"chr1","68850759","68851053","GL873545","4448210","4448481","102","64402549"
"chr1","68867190","68867455","GL873545","4448210","4448481","98","64418980"
"chr1","68984395","68984691","GL873545","4448210","4448481","89","64536185"
"chr1","69027504","69027807","GL873545","4448210","4448481","103","64579294"
"chr1","69034925","69035208","GL873545","4448210","4448481","87","64586715"
"chr1","69045423","69045732","GL873545","4448210","4448481","101","64597213"
"chr1","69116382","69116678","GL873545","4448210","4448481","100","64668172"
"chr1","69162841","69163135","GL873545","4448210","4448481","99","64714631"
"chr1","69180915","69181216","GL873545","4448210","4448481","91","64732705"
"chr1","69185782","69186088","GL873545","4448210","4448481","98","64737572"
"chr1","69222246","69222574","GL873545","4448210","4448481","120","64774036"
"chr1","69265717","69266013","GL873545","4448210","4448481","93","64817507"
"chr1","69296806","69297096","GL873545","4448210","4448481","104","64848596"
"chr1","69314479","69314763","GL873545","4448210","4448481","102","64866269"
"chr1","69330607","69330897","GL873545","4448210","4448481","99","64882397"
"chr1","69436393","69436696","GL873545","4448210","4448481","98","64988183"
"chr1","69444300","69444586","GL873545","4448210","4448481","99","64996090"
"chr1","69474799","69475068","GL873545","4448210","4448481","107","65026589"
"chr1","69649438","69649746","GL873545","4448210","4448481","95","65201228"
"chr1","69653614","69653872","GL873545","4448210","4448481","91","65205404"
"chr1","69837841","69838140","GL873545","4448210","4448481","94","65389631"
"chr1","70119144","70119428","GL873545","4448210","4448481","107","65670934"
"chr1","70135354","70135651","GL873545","4448210","4448481","84","65687144"
"chr1","70458166","70458482","GL873545","4448210","4448481","108","66009956"
"chr1","70693953","70694209","GL873545","4448210","4448481","114","66245743"
"chr1","70702655","70702963","GL873545","4448210","4448481","102","66254445"
"chr1","70929931","70930222","GL873545","4448210","4448481","102","66481721"
"chr1","71002379","71002690","GL873545","4448210","4448481","93","66554169"
"chr1","71067543","71067833","GL873545","4448210","4448481","103","66619333"
"chr1","71295294","71295593","GL873545","4448210","4448481","95","66847084"
"chr1","71309202","71309502","GL873545","4448210","4448481","107","66860992"
"chr1","71725579","71725886","GL873545","4448210","4448481","96","67277369"
"chr1","71774729","71775018","GL873545","4448210","4448481","104","67326519"
"chr1","71825445","71825735","GL873545","4448210","4448481","95","67377235"
"chr1","71830513","71830794","GL873545","4448210","4448481","100","67382303"
"chr1","71832223","71832507","GL873545","4448210","4448481","102","67384013"
"chr1","71868206","71868510","GL873545","4448210","4448481","100","67419996"
"chr1","72000001","72000231","GL873536","5689208","5689413","84","66310793"
"chr1","72128418","72128727","GL873545","4448210","4448481","92","67680208"
"chr1","72175848","72176165","GL873545","4448210","4448481","96","67727638"
"chr1","72526447","72526776","GL873545","4448210","4448481","128","68078237"
"chr1","72980931","72981233","GL873545","4448210","4448481","102","68532721"
"chr1","73047397","73047706","GL873545","4448210","4448481","102","68599187"
"chr1","73092141","73092443","GL873545","4448210","4448481","92","68643931"
"chr1","73232198","73232493","GL873545","4448210","4448481","100","68783988"
"chr1","73295574","73295870","GL873545","4448210","4448481","105","68847364"
"chr1","73485639","73485946","GL873545","4448210","4448481","97","69037429"
"chr1","73640069","73640372","GL873545","4448210","4448481","97","69191859"
"chr1","74145003","74145314","GL873545","4448210","4448481","93","69696793"
"chr1","74272281","74272546","GL873545","4448210","4448481","106","69824071"
"chr1","74277031","74277250","GL873536","5689208","5689413","114","68587823"
"chr1","74287330","74287612","GL873545","4448210","4448481","105","69839120"
"chr1","74329794","74330065","GL873545","4448210","4448481","99","69881584"
"chr1","74334369","74334649","GL873545","4448210","4448481","102","69886159"
"chr1","74373695","74373980","GL873545","4448210","4448481","101","69925485"
"chr1","74406583","74406874","GL873545","4448210","4448481","96","69958373"
"chr1","74521488","74521775","GL873545","4448210","4448481","92","70073278"
"chr1","74614106","74614402","GL873545","4448210","4448481","86","70165896"
"chr1","74635184","74635483","GL873545","4448210","4448481","97","70186974"
"chr1","75201493","75201801","GL873545","4448210","4448481","111","70753283"
"chr1","75334840","75335125","GL873545","4448210","4448481","112","70886630"
"chr1","75383259","75383553","GL873545","4448210","4448481","103","70935049"
"chr1","75433480","75433791","GL873545","4448210","4448481","109","70985270"
"chr1","75583685","75583957","GL873545","4448210","4448481","107","71135475"
"chr1","75844945","75845243","GL873545","4448210","4448481","97","71396735"
"chr1","76047891","76048186","GL873545","4448210","4448481","101","71599681"
"chr1","76831499","76831783","GL873545","4448210","4448481","109","72383289"
"chr1","76863644","76863932","GL873545","4448210","4448481","95","72415434"
"chr1","76864178","76864481","GL873545","4448210","4448481","95","72415968"
"chr1","76910779","76911074","GL873545","4448210","4448481","85","72462569"
"chr1","76936294","76936563","GL873545","4448210","4448481","119","72488084"
"chr1","77008989","77009313","GL873545","4448210","4448481","119","72560779"
"chr1","77209638","77209924","GL873545","4448210","4448481","97","72761428"
"chr1","77313074","77313381","GL873545","4448210","4448481","96","72864864"
"chr1","77339115","77339412","GL873545","4448210","4448481","98","72890905"
"chr1","77344285","77344593","GL873545","4448210","4448481","94","72896075"
"chr1","77387082","77387278","GL873536","5689208","5689413","81","71697874"
"chr1","77576238","77576544","GL873545","4448210","4448481","96","73128028"
"chr1","77607365","77607649","GL873545","4448210","4448481","96","73159155"
"chr1","77619812","77620048","GL873545","4448210","4448481","113","73171602"
"chr1","77637768","77638065","GL873545","4448210","4448481","98","73189558"
"chr1","77679032","77679344","GL873545","4448210","4448481","107","73230822"
"chr1","77883350","77883649","GL873545","4448210","4448481","90","73435140"
"chr1","77986274","77986585","GL873545","4448210","4448481","105","73538064"
"chr1","78237459","78237749","GL873545","4448210","4448481","100","73789249"
"chr1","78268998","78269307","GL873545","4448210","4448481","91","73820788"
"chr1","78272806","78273097","GL873545","4448210","4448481","105","73824596"
"chr1","78297475","78297789","GL873545","4448210","4448481","106","73849265"
"chr1","78299711","78300000","GL873545","4448210","4448481","95","73851501"
"chr1","78310266","78310560","GL873545","4448210","4448481","110","73862056"
"chr1","78331705","78331990","GL873545","4448210","4448481","97","73883495"
"chr1","78347647","78347916","GL873545","4448210","4448481","108","73899437"
"chr1","78411131","78411419","GL873545","4448210","4448481","98","73962921"
"chr1","78853898","78854205","GL873545","4448210","4448481","99","74405688"
"chr1","78907982","78908250","GL873545","4448210","4448481","116","74459772"
"chr1","79296522","79296823","GL873545","4448210","4448481","101","74848312"
"chr1","79484552","79484834","GL873545","4448210","4448481","100","75036342"
"chr1","79688759","79689061","GL873545","4448210","4448481","103","75240549"
"chr1","79936666","79936969","GL873545","4448210","4448481","90","75488456"
"chr1","79955457","79955734","GL873545","4448210","4448481","105","75507247"
"chr1","80159806","80159924","GL873522","7345196","7345311","33","72814610"
"chr1","80159960","80160109","GL873522","7344757","7344863","66","72815203"
"chr1","80813227","80813513","GL873545","4448210","4448481","92","76365017"
"chr1","80816729","80816997","GL873536","5689208","5689413","101","75127521"
"chr1","81147158","81147441","GL873545","4448210","4448481","108","76698948"
"chr1","81215346","81215650","GL873545","4448210","4448481","101","76767136"
"chr1","81796508","81796812","GL873545","4448210","4448481","93","77348298"
"chr1","81880573","81880883","GL873545","4448210","4448481","109","77432363"
"chr1","82167680","82167989","GL873545","4448210","4448481","95","77719470"
"chr1","82644348","82644679","GL873545","4448210","4448481","124","78196138"
"chr1","83567690","83567990","GL873545","4448210","4448481","96","79119480"
"chr1","83847557","83847857","GL873545","4448210","4448481","98","79399347"
"chr1","84048482","84048620","GL873522","7345196","7345311","49","76703286"
"chr1","84048621","84048705","GL873525","40670586","40670666","47","43378035"
"chr1","84048706","84048952","GL873545","4448210","4448481","111","79600496"
"chr1","84176557","84176851","GL873545","4448210","4448481","102","79728347"
"chr1","84405920","84406182","GL873545","4448210","4448481","105","79957710"
"chr1","84462245","84462530","GL873545","4448210","4448481","98","80014035"
"chr1","84641777","84642071","GL873545","4448210","4448481","103","80193567"
"chr1","84935781","84936088","GL873545","4448210","4448481","92","80487571"
"chr1","84950788","84951086","GL873545","4448210","4448481","111","80502578"
"chr1","85077180","85077472","GL873545","4448210","4448481","97","80628970"
"chr1","85129041","85129324","GL873545","4448210","4448481","103","80680831"
"chr1","85711125","85711389","GL873545","4448210","4448481","110","81262915"
"chr1","85721934","85722230","GL873545","4448210","4448481","92","81273724"
"chr1","86183754","86184036","GL873545","4448210","4448481","90","81735544"
"chr1","86322656","86322939","GL873545","4448210","4448481","109","81874446"
"chr1","86350955","86351237","GL873545","4448210","4448481","92","81902745"
"chr1","86472574","86472876","GL873545","4448210","4448481","94","82024364"
"chr1","86673089","86673386","GL873545","4448210","4448481","85","82224879"
"chr1","86798605","86798882","GL873545","4448210","4448481","118","82350395"
"chr1","86880283","86880592","GL873545","4448210","4448481","99","82432073"
"chr1","87353958","87354257","GL873545","4448210","4448481","97","82905748"
"chr1","87450340","87450645","GL873545","4448210","4448481","103","83002130"
"chr1","87515241","87515549","GL873545","4448210","4448481","97","83067031"
"chr1","87541224","87541533","GL873545","4448210","4448481","104","83093014"
"chr1","87959397","87959690","GL873545","4448210","4448481","97","83511187"
"chr1","88265551","88265844","GL873545","4448210","4448481","100","83817341"
"chr1","88705913","88706174","GL873545","4448210","4448481","115","84257703"
"chr1","88706427","88706654","GL873536","5689208","5689413","96","83017219"
"chr1","88819939","88820240","GL873545","4448210","4448481","111","84371729"
"chr1","88836802","88837093","GL873545","4448210","4448481","96","84388592"
"chr1","89362070","89362346","GL873545","4448210","4448481","97","84913860"
"chr1","89366099","89366393","GL873545","4448210","4448481","93","84917889"
"chr1","89395027","89395308","GL873545","4448210","4448481","100","84946817"
"chr1","89422398","89422697","GL873545","4448210","4448481","95","84974188"
"chr1","89516834","89517141","GL873545","4448210","4448481","91","85068624"
"chr1","89536912","89537011","GL873525","40670586","40670666","48","48866326"
"chr1","89537065","89537180","GL873522","7345196","7345311","39","82191869"
"chr1","89737354","89737643","GL873545","4448210","4448481","105","85289144"
"chr1","89737700","89738005","GL873545","4448210","4448481","111","85289490"
"chr1","90020206","90020513","GL873545","4448210","4448481","96","85571996"
"chr1","90021758","90022064","GL873545","4448210","4448481","95","85573548"
"chr1","90032912","90033207","GL873545","4448210","4448481","89","85584702"
"chr1","90096240","90096532","GL873545","4448210","4448481","95","85648030"
"chr1","90188461","90188753","GL873545","4448210","4448481","122","85740251"
"chr1","90270638","90270925","GL873545","4448210","4448481","105","85822428"
"chr1","90310592","90310837","GL873545","4448210","4448481","117","85862382"
"chr1","90310838","90310919","GL873525","40670586","40670666","46","49640252"
"chr1","90310919","90311012","GL873525","40670586","40670666","49","49640333"
"chr1","90515496","90515787","GL873545","4448210","4448481","95","86067286"
"chr1","90808235","90808530","GL873545","4448210","4448481","104","86360025"
"chr1","90847991","90848274","GL873545","4448210","4448481","99","86399781"
"chr1","90930740","90931015","GL873545","4448210","4448481","108","86482530"
"chr1","91747196","91747424","GL873536","5689208","5689413","86","86057988"
"chr1","91766611","91766910","GL873545","4448210","4448481","99","87318401"
"chr1","92126369","92126647","GL873545","4448210","4448481","103","87678159"
"chr1","92178284","92178589","GL873545","4448210","4448481","95","87730074"
"chr1","92264152","92264454","GL873545","4448210","4448481","93","87815942"
"chr1","92549949","92550244","GL873545","4448210","4448481","92","88101739"
"chr1","92997853","92998119","GL873545","4448210","4448481","107","88549643"
"chr1","93048891","93049188","GL873545","4448210","4448481","92","88600681"
"chr1","93231559","93231855","GL873545","4448210","4448481","101","88783349"
"chr1","93300110","93300417","GL873545","4448210","4448481","95","88851900"
"chr1","93345024","93345323","GL873545","4448210","4448481","96","88896814"
"chr1","93370648","93370931","GL873545","4448210","4448481","105","88922438"
"chr1","93405549","93405859","GL873545","4448210","4448481","93","88957339"
"chr1","93422847","93423135","GL873545","4448210","4448481","96","88974637"
"chr1","93466689","93466995","GL873545","4448210","4448481","95","89018479"
"chr1","93469339","93469627","GL873545","4448210","4448481","102","89021129"
"chr1","93498250","93498550","GL873545","4448210","4448481","101","89050040"
"chr1","93506699","93507005","GL873545","4448210","4448481","103","89058489"
"chr1","93509386","93509674","GL873545","4448210","4448481","100","89061176"
"chr1","93520148","93520412","GL873545","4448210","4448481","110","89071938"
"chr1","93532234","93532529","GL873545","4448210","4448481","94","89084024"
"chr1","93549083","93549367","GL873545","4448210","4448481","106","89100873"
"chr1","93649158","93649170","GL873680","2478143","2478185","31","91171015"
"chr1","93649216","93649352","GL873522","7344757","7344863","53","86304459"
"chr1","93649664","93649792","GL873522","7345196","7345311","45","86304468"
"chr1","93652963","93653270","GL873545","4448210","4448481","98","89204753"
"chr1","93730111","93730409","GL873545","4448210","4448481","91","89281901"
"chr1","93847615","93847923","GL873545","4448210","4448481","94","89399405"
"chr1","93916871","93917175","GL873545","4448210","4448481","112","89468661"
"chr1","94174535","94174842","GL873545","4448210","4448481","105","89726325"
"chr1","94518963","94519252","GL873545","4448210","4448481","100","90070753"
"chr1","94519389","94519676","GL873545","4448210","4448481","102","90071179"
"chr1","94791683","94791974","GL873545","4448210","4448481","86","90343473"
"chr1","94958701","94958999","GL873545","4448210","4448481","87","90510491"
"chr1","95062732","95063034","GL873545","4448210","4448481","90","90614522"
"chr1","95187221","95187532","GL873545","4448210","4448481","105","90739011"
"chr1","95385438","95385740","GL873545","4448210","4448481","103","90937228"
"chr1","96092567","96092844","GL873545","4448210","4448481","103","91644357"
"chr1","96213429","96213730","GL873545","4448210","4448481","98","91765219"
"chr1","96770029","96770370","GL873545","4448210","4448481","131","92321819"
"chr1","97024701","97024992","GL873545","4448210","4448481","90","92576491"
"chr1","97176720","97177003","GL873545","4448210","4448481","105","92728510"
"chr1","97386108","97386378","GL873545","4448210","4448481","116","92937898"
"chr1","97426046","97426331","GL873545","4448210","4448481","114","92977836"
"chr1","98047016","98047304","GL873545","4448210","4448481","102","93598806"
"chr1","98113335","98113616","GL873545","4448210","4448481","112","93665125"
"chr1","98113643","98113654","GL873680","2478143","2478185","31","95635500"
"chr1","98495377","98495668","GL873545","4448210","4448481","93","94047167"
"chr1","98551498","98551781","GL873545","4448210","4448481","98","94103288"
"chr1","98691256","98691519","GL873536","5689208","5689413","120","93002048"
"chr1","98742492","98742786","GL873545","4448210","4448481","93","94294282"
"chr1","98772139","98772402","GL873545","4448210","4448481","96","94323929"
"chr1","98795362","98795497","GL873522","7345196","7345311","46","91450166"
"chr1","99062171","99062480","GL873545","4448210","4448481","105","94613961"
"chr1","99115158","99115427","GL873545","4448210","4448481","96","94666948"
"chr1","99115439","99115684","GL873545","4448210","4448481","107","94667229"
"chr1","99203590","99203863","GL873545","4448210","4448481","105","94755380"
"chr1","99296040","99296293","GL873545","4448210","4448481","122","94847830"
"chr1","99312040","99312180","GL873522","7345196","7345311","50","91966844"
"chr1","99369610","99369834","GL873536","5689208","5689413","74","93680402"
"chr1","99382600","99382737","GL873522","7345196","7345311","64","92037404"
"chr1","99422204","99422514","GL873545","4448210","4448481","107","94973994"
"chr1","99455002","99455294","GL873545","4448210","4448481","104","95006792"
"chr1","99476728","99476991","GL873545","4448210","4448481","105","95028518"
"chr1","99561047","99561335","GL873545","4448210","4448481","107","95112837"
"chr1","99562316","99562561","GL873540","20171858","20172028","103","79390458"
"chr1","99611311","99611594","GL873545","4448210","4448481","116","95163101"
"chr1","99621249","99621558","GL873545","4448210","4448481","93","95173039"
"chr1","99656242","99656535","GL873545","4448210","4448481","113","95208032"
"chr1","99657851","99658123","GL873545","4448210","4448481","99","95209641"
"chr1","99681449","99681675","GL873536","5689208","5689413","89","93992241"
"chr1","99841032","99841327","GL873545","4448210","4448481","91","95392822"
"chr1","99867770","99868076","GL873545","4448210","4448481","95","95419560"
"chr1","99897962","99898249","GL873545","4448210","4448481","103","95449752"
"chr1","99907056","99907354","GL873545","4448210","4448481","87","95458846"
"chr1","99956656","99956962","GL873545","4448210","4448481","105","95508446"
"chr1","99988015","99988322","GL873545","4448210","4448481","106","95539805"
"chr1","100008818","100009115","GL873545","4448210","4448481","108","95560608"
"chr1","100167431","100167735","GL873545","4448210","4448481","97","95719221"
"chr1","100498160","100498315","GL873522","7345196","7345311","68","93152964"
"chr1","100498598","100498777","GL873522","7345196","7345311","88","93153402"
"chr1","100931245","100931550","GL873545","4448210","4448481","96","96483035"
"chr1","101016457","101016761","GL873545","4448210","4448481","88","96568247"
"chr1","101234118","101234424","GL873545","4448210","4448481","98","96785908"
"chr1","101462165","101462457","GL873545","4448210","4448481","110","97013955"
"chr1","101664824","101665121","GL873545","4448210","4448481","95","97216614"
"chr1","101682165","101682461","GL873545","4448210","4448481","89","97233955"
"chr1","101715985","101716277","GL873545","4448210","4448481","104","97267775"
"chr1","101794941","101795230","GL873545","4448210","4448481","101","97346731"
"chr1","101808895","101809188","GL873545","4448210","4448481","95","97360685"
"chr1","102131073","102131396","GL873545","4448210","4448481","118","97682863"
"chr1","102192281","102192588","GL873545","4448210","4448481","97","97744071"
"chr1","102690693","102690953","GL873536","5689208","5689413","100","97001485"
"chr1","102691001","102691309","GL873545","4448210","4448481","94","98242791"
"chr1","102906882","102907159","GL873545","4448210","4448481","107","98458672"
"chr1","102952200","102952478","GL873545","4448210","4448481","94","98503990"
"chr1","103127428","103127728","GL873545","4448210","4448481","102","98679218"
"chr1","103204473","103204769","GL873545","4448210","4448481","100","98756263"
"chr1","103207729","103208027","GL873545","4448210","4448481","91","98759519"
"chr1","103303306","103303614","GL873545","4448210","4448481","106","98855096"
"chr1","103320047","103320336","GL873545","4448210","4448481","101","98871837"
"chr1","103338104","103338392","GL873545","4448210","4448481","109","98889894"
"chr1","103340814","103341107","GL873545","4448210","4448481","96","98892604"
"chr1","103355785","103356034","GL873545","4448210","4448481","99","98907575"
"chr1","103398570","103398868","GL873545","4448210","4448481","94","98950360"
"chr1","103438218","103438504","GL873545","4448210","4448481","93","98990008"
"chr1","103471942","103472235","GL873545","4448210","4448481","98","99023732"
"chr1","103704336","103704603","GL873545","4448210","4448481","97","99256126"
"chr1","104138257","104138516","GL873545","4448210","4448481","109","99690047"
"chr1","104331311","104331617","GL873545","4448210","4448481","101","99883101"
"chr1","104442771","104443042","GL873545","4448210","4448481","104","99994561"
"chr1","104459974","104460246","GL873545","4448210","4448481","101","100011764"
"chr1","104744329","104744623","GL873545","4448210","4448481","92","100296119"
