"chr1","13237966","13238274","chr11","58389371","58389680","25","45151405"
"chr1","50069363","50069662","chr15","31345496","31345793","35","18723867"
"chr1","124255976","124256268","chr1","182855890","182856175","50","58599914"
"chr1","47509","47795","chr11","277047","277339","33","229538"
"chr1","327417","327529","chr1","32995730","32995840","17","32668313"
"chr1","334724","335021","chr10","93071170","93071460","53","92736446"
"chr1","632885","633164","chr11","886407","886678","28","253522"
"chr1","768256","768553","chr5","151511544","151511847","40","150743288"
"chr1","959438","959749","chr5","156950781","156951091","30","155991343"
"chr1","1128805","1129088","chr1","64159892","64160174","43","63031087"
"chr1","1289646","1289950","chr13","19655867","19656180","35","18366221"
"chr1","1383882","1384175","chr11","1603565","1603867","34","219683"
"chr1","1445406","1445715","chr15","68392162","68392472","44","66946756"
"chr1","1463723","1464031","chr11","1674791","1675096","30","211068"
"chr1","1534173","1534488","chr4","17352041","17352352","42","15817868"
"chr1","1543047","1543335","chr18","54908937","54909228","49","53365890"
"chr1","1621258","1621571","chr11","1811910","1812223","43","190652"
"chr1","1751525","1751856","chr11","27398729","27399053","75","25647204"
"chr1","1823407","1823711","chr11","2032590","2032899","29","209183"
"chr1","2791937","2792222","chr12","69986604","69986891","38","67194667"
"chr1","2889487","2889790","chr12","677973","678273","35","2211514"
"chr1","3167239","3167539","chr11","128067772","128068069","40","124900533"
"chr1","3209946","3210060","chr19","8348376","8348486","15","5138430"
"chr1","3210354","3210548","chr3","140285915","140286110","35","137075561"
"chr1","3279121","3279422","chr11","69071183","69071485","29","65792062"
"chr1","3308227","3308537","chr11","69041278","69041590","33","65733051"
"chr1","3413300","3413580","chr9","127461515","127461799","38","124048215"
"chr1","3443454","3443746","chr16","55427232","55427521","32","51983778"
"chr1","3535256","3535574","chr11","68777185","68777491","57","65241929"
"chr1","3753548","3753599","chr1","31515481","31515537","10","27761933"
"chr1","3769359","3769658","chr11","68544345","68544631","40","64774986"
"chr1","4234623","4234908","chr16","55427232","55427521","35","51192609"
"chr1","4293004","4293298","chr11","68010181","68010478","29","63717177"
"chr1","4355709","4356022","chr2A","27364365","27364676","38","23008656"
"chr1","4365699","4365980","chr7","140185682","140185963","40","135819983"
"chr1","4386597","4386861","chr11","67909663","67909950","42","63523066"
"chr1","4423917","4424224","chr2A","44833066","44833372","34","40409149"
"chr1","4517099","4517409","chr2B","211264656","211264966","36","206747557"
"chr1","4523050","4523343","chr11","67777877","67778169","31","63254827"
"chr1","4695671","4695986","chr11","67598428","67598739","45","62902757"
"chr1","4733577","4733799","chr7","69243046","69243278","41","64509469"
"chr1","4758907","4759204","chr11","67534525","67534832","46","62775618"
"chr1","4777712","4777973","chr11","93635770","93636041","44","88858058"
"chr1","4793803","4794094","chr11","67495271","67495551","23","62701468"
"chr1","4940145","4940448","chrX","24095566","24095876","45","19155421"
"chr1","5386090","5386391","chr7","152716850","152717153","32","147330760"
"chr1","5552321","5552621","chr6","109156608","109156905","31","103604287"
"chr1","5695168","5695477","chr21","22369774","22370080","37","16674606"
"chr1","5724381","5724693","chr1","194182388","194182696","33","188458007"
"chr1","5748937","5749241","chr11","66488091","66488391","23","60739154"
"chr1","5750931","5751241","chr11","66486213","66486520","32","60735282"
"chr1","6028269","6028417","chr2A","46012304","46012438","35","39984035"
"chr1","6028703","6028829","chr19","57086527","57086649","36","51057824"
"chr1","6108715","6109014","chr11","66129965","66130257","31","60021250"
"chr1","6122627","6122933","chr11","66114466","66114772","19","59991839"
"chr1","6176991","6177296","chrX","101284138","101284442","36","95107147"
"chr1","6197977","6198282","chr17","63489903","63490209","35","57291926"
"chr1","6336481","6336777","chr11","65874675","65874969","25","59538194"
"chr1","6361173","6361400","chr11","65849490","65849734","43","59488317"
"chr1","6554902","6555212","chr11","65668024","65668335","45","59113122"
"chr1","6616492","6616789","chr11","65616171","65616470","40","58999679"
"chr1","6618720","6619041","chr11","65613923","65614208","67","58995203"
"chr1","6671471","6671773","chr1","20571563","20571861","42","13900092"
"chr1","6948865","6949164","chr20","50970385","50970679","35","44021520"
"chr1","7028559","7028869","chr5","36154999","36155298","52","29126440"
"chr1","7029136","7029437","chr10","75828022","75828319","37","68798886"
"chr1","7077134","7077425","chr11","65146089","65146393","37","58068955"
"chr1","7121847","7122139","chr11","65103641","65103952","47","57981794"
"chr1","7140597","7140881","chr11","65086253","65086542","32","57945656"
"chr1","7141479","7141767","chr3","161102952","161103235","32","153961473"
"chr1","7180741","7181043","chr11","65056801","65057102","33","57876060"
"chr1","7193003","7193309","chr11","65045133","65045430","33","57852130"
"chr1","7252862","7253152","chr14","102680879","102681171","39","95428017"
"chr1","7305839","7306137","chr11","64929850","64930147","24","57624011"
"chr1","7370075","7370376","chr2B","174078442","174078742","36","166708367"
"chr1","7446353","7446724","chr1","55150427","55150781","96","47704074"
"chr1","7446754","7447006","chr17","82010972","82011230","45","74564218"
"chr1","7617606","7617908","chr3","15859797","15860097","41","8242191"
"chr1","7705170","7705470","chr5","150865601","150865901","42","143160431"
"chr1","7777840","7778147","chr1","191916611","191916919","42","184138771"
"chr1","7845575","7845889","chr11","64391849","64392158","30","56546274"
"chr1","7849315","7849631","chr11","64387676","64387980","35","56538361"
"chr1","7901126","7901443","chr11","64335795","64336105","24","56434669"
"chr1","7927337","7927629","chrX","48439202","48439501","42","40511865"
"chr1","8044968","8045280","chr11","64183032","64183335","35","56138064"
"chr1","8063064","8063357","chr6","135559740","135560032","27","127496676"
"chr1","8180220","8180526","chr11","64036835","64037139","20","55856615"
"chr1","8252561","8252856","chr11","63963093","63963390","25","55710532"
"chr1","8269404","8269718","chr13","24900920","24901228","42","16631516"
"chr1","8285493","8285808","chr9","126575301","126575615","29","118289808"
"chr1","8330117","8330424","chr4","186116916","186117226","33","177786799"
"chr1","8415816","8416115","chr4","39712712","39713009","49","31296896"
"chr1","8421797","8422103","chr11","63788298","63788605","26","55366501"
"chr1","8440408","8440608","chr11","63772565","63772783","42","55332157"
"chr1","8463045","8463346","chr14","72476765","72477063","28","64013720"
"chr1","8495251","8495561","chr11","63715687","63715986","23","55220436"
"chr1","8573150","8573281","chr18","59001764","59001899","16","50428614"
"chr1","8573586","8573754","chr11","116797062","116797231","24","108223476"
"chr1","8573776","8573888","chr11","27710668","27710782","15","19136892"
"chr1","8746562","8746871","chr11","22796615","22796921","34","14050053"
"chr1","8796947","8797255","chr1","85311468","85311774","38","76514521"
"chr1","8876624","8876878","chr8","56026102","56026358","36","47149478"
"chr1","8968496","8968796","chr7","94135341","94135641","35","85166845"
"chr1","9032299","9032606","chr11","63140725","63141032","31","54108426"
"chr1","9143577","9143743","chr7","9766689","9766837","47","623112"
"chr1","9178452","9178745","chr19","51905385","51905678","23","42726933"
"chr1","9208482","9208770","chr22","31976176","31976462","39","22767694"
"chr1","9217924","9218216","chr15","36862326","36862609","46","27644402"
"chr1","9249198","9249456","chr9","68546588","68546844","33","59297390"
"chr1","9257108","9257392","chr13","46495849","46496131","36","37238741"
"chr1","9258919","9259231","chr11","62901318","62901641","46","53642399"
"chr1","9263368","9263647","chr11","119399882","119400163","35","110136514"
"chr1","9281370","9281672","chr11","62879313","62879614","23","53597943"
"chr1","9352402","9352710","chr10","74867044","74867351","38","65514642"
"chr1","9442629","9442696","chr12","19690666","19690733","23","10248037"
"chr1","9442996","9443155","chr12","35997986","35998157","28","26554990"
"chr1","9894561","9894845","chr17","36408929","36409214","41","26514368"
"chr1","9899298","9899605","chr11","62255691","62256003","30","52356393"
"chr1","10193061","10193355","chr12","110805495","110805793","31","100612434"
"chr1","10207286","10207358","chr17","4634414","4634487","9","5572872"
"chr1","10207384","10207670","chr11","61958487","61958768","25","51751103"
"chr1","10256368","10256663","chr19","51905385","51905678","40","41649017"
"chr1","10271777","10272080","chr11","61897278","61897584","27","51625501"
"chr1","10306548","10306843","chr11","61862830","61863133","39","51556282"
"chr1","10351992","10352303","chr11","61824464","61824760","40","51472472"
"chr1","10393239","10393531","chr11","61781664","61781952","30","51388425"
"chr1","10415228","10415506","chr9","19767338","19767613","34","9352110"
"chr1","10415817","10415856","chr3","200448532","200448567","17","190032715"
"chr1","10472343","10472612","chr11","61699907","61700184","33","51227564"
"chr1","10473580","10473889","chr5","173940579","173940890","43","163466999"
"chr1","10535113","10535418","chr11","61633208","61633511","41","51098095"
"chr1","10560871","10561176","chr11","61605213","61605510","32","51044342"
"chr1","10570843","10571013","chr11","61593979","61594144","19","51023136"
"chr1","10588748","10589037","chr7","118959547","118959837","33","108370799"
"chr1","11036496","11036747","chr11","60793857","60794106","27","49757361"
"chr1","11083235","11083392","chr5","109842123","109842280","21","98758888"
"chr1","11103851","11104167","chr11","60722563","60722874","33","49618712"
"chr1","11114781","11115085","chr7","43679338","43679643","32","32564557"
"chr1","11134785","11135080","chr20","33841819","33842115","28","22707034"
"chr1","11207411","11207722","chr11","60622338","60622643","26","49414927"
"chr1","11287072","11287378","chr11","60538437","60538735","33","49251365"
"chr1","11297369","11297768","chr11","60528019","60528410","55","49230650"
"chr1","11386705","11386980","chr2A","76477272","76477546","35","65090567"
"chr1","11442089","11442407","chr3","80447045","80447354","65","69004956"
"chr1","11442408","11442561","chr6","52711152","52711304","33","41268744"
"chr1","11477218","11477511","chr5","157226734","157227019","47","145749516"
"chr1","11561651","11561956","chrX","48439202","48439501","38","36877551"
"chr1","11727039","11727344","chr5","151511544","151511847","34","139784505"
"chr1","11730458","11730749","chr11","60023334","60023629","37","48292876"
"chr1","11767357","11767611","chr11","59962206","59962469","35","48194849"
"chr1","11789913","11790224","chr5","156950781","156951091","38","145160868"
"chr1","11790230","11790584","chr1","55150427","55150781","72","43360197"
"chr1","11802689","11802991","chr11","59914721","59915018","31","48112032"
"chr1","11802992","11803305","chr22","39762526","39762836","33","27959534"
"chr1","11875021","11875260","chr11","59837294","59837534","15","47962273"
"chr1","11960667","11960973","chr11","59750425","59750726","30","47789758"
"chr1","12188194","12188483","chr20","56216140","56216436","36","44027946"
"chr1","12289388","12289681","chr11","59393271","59393565","31","47103883"
"chr1","12451281","12451584","chr12","121035864","121036161","34","108584583"
"chr1","12456366","12456681","chr2B","155509828","155510137","46","143053462"
"chr1","12529624","12529935","chr11","59139037","59139330","48","46609413"
"chr1","12664758","12665035","chr12","96139389","96139669","54","83474631"
"chr1","12667574","12667871","chr11","59017171","59017463","26","46349597"
"chr1","12817691","12817991","chr11","58861648","58861950","29","46043957"
"chr1","13086317","13086626","chr22","29085616","29085925","37","15999299"
"chr1","13325534","13325839","chr7","29036643","29036953","32","15711109"
"chr1","13366365","13366656","chr11","58240057","58240363","34","44873692"
"chr1","13409554","13409870","chr11","58183996","58184306","30","44774442"
"chr1","13555376","13555661","chr7","72501830","72502120","42","58946454"
"chr1","13719416","13719700","chr11","57804836","57805119","33","44085420"
"chr1","13787038","13787349","chr11","57715496","57715806","34","43928458"
"chr1","13835358","13835659","chr11","57623653","57623962","34","43788295"
"chr1","13845739","13846049","chr11","57612799","57613102","36","43767060"
"chr1","13891176","13891477","chr11","71623880","71624177","36","57732704"
"chr1","14035861","14036162","chr11","57368940","57369245","46","43333079"
"chr1","14069951","14070252","chr22","34726592","34726889","36","20656641"
"chr1","14128820","14129123","chr1","128764800","128765103","31","114635980"
"chr1","14392768","14393054","chr15","26230331","26230618","30","11837563"
"chr1","15231189","15231487","chr3","32531632","32531929","39","17300443"
"chr1","15375036","15375330","chr1","224313436","224313741","44","208938400"
"chr1","15407006","15407303","chr22","23327372","23327664","39","7920366"
"chr1","15593389","15593661","chr10","133263316","133263592","35","117669927"
"chr1","15672791","15673092","chr4","53614777","53615070","41","37941986"
"chr1","15688731","15689034","chr19","39311523","39311836","43","23622792"
"chr1","16049680","16049979","chr7","48145500","48145795","42","32095820"
"chr1","16432586","16432861","chr4","393798","394076","41","16038788"
"chr1","16446856","16447165","chr7","74542826","74543132","43","58095970"
"chr1","17107981","17108285","chr11","48389504","48389809","30","31281523"
"chr1","17246678","17246982","chr11","48229256","48229558","40","30982578"
"chr1","17337043","17337337","chr3","15622454","15622759","39","1714589"
"chr1","17341426","17341721","chr11","48131935","48132227","23","30790509"
"chr1","17359158","17359456","chr2A","106873533","106873825","34","89514375"
"chr1","17375095","17375242","chr16","67452066","67452216","30","50076971"
"chr1","17382276","17382582","chrX","136830821","136831124","19","119448545"
"chr1","17441956","17442136","chr11","100410448","100410621","26","82968492"
"chr1","17442451","17442590","chr12","32899684","32899820","15","15457233"
"chr1","17496586","17496874","chr20","5651949","5652253","42","11844637"
"chr1","17544872","17545144","chr1","53264098","53264368","38","35719226"
"chr1","17545743","17546034","chr3","190318535","190318820","33","172772792"
"chr1","17547645","17547941","chr12","37962705","37963000","35","20415060"
"chr1","17586087","17586396","chr8","128673059","128673361","33","111086972"
"chr1","17605929","17606244","chr11","47866644","47866958","32","30260715"
"chr1","17627799","17628009","chr17","75012015","75012233","56","57384216"
"chr1","17645339","17645640","chr11","47822186","47822495","34","30176847"
"chr1","17650907","17651194","chr11","47816670","47816956","24","30165763"
"chr1","17663584","17663880","chr11","47806199","47806500","27","30142615"
"chr1","17670709","17671010","chr22","18194411","18194715","39","523702"
"chr1","17678133","17678431","chr11","47791727","47792028","22","30113594"
"chr1","17682748","17683002","chr11","47783793","47784047","19","30101045"
"chr1","17728653","17728796","chr6","20561236","20561373","20","2832583"
"chr1","17744361","17744625","chr11","47719054","47719335","39","29974693"
"chr1","17750758","17751045","chr3","189900140","189900427","39","172149382"
"chr1","17753284","17753591","chr11","47710616","47710933","30","29957332"
"chr1","17792473","17792755","chr11","47669194","47669474","22","29876721"
"chr1","17793443","17793751","chr1","8971839","8972148","36","8821604"
"chr1","17875646","17875935","chr7","72501830","72502120","34","54626184"
"chr1","17889075","17889383","chr14","65433058","65433362","41","47543983"
"chr1","17917518","17917840","chr11","47534957","47535270","48","29617439"
"chr1","17950159","17950431","chr16","87834959","87835225","35","69884800"
"chr1","18028262","18028549","chr11","47417170","47417461","30","29388908"
"chr1","18057737","18058049","chr19","12526836","12527139","38","5530901"
"chr1","18065572","18065919","chr21","25817134","25817475","65","7751562"
"chr1","18072169","18072482","chr11","9027068","9027357","81","9045101"
"chr1","18084378","18084684","chr14","63420882","63421187","33","45336504"
"chr1","18122706","18123012","chr4","97045710","97046016","34","78923004"
"chr1","18191738","18191995","chr11","47253454","47253706","29","29061716"
"chr1","18477335","18477651","chrX","101283158","101283483","40","82805823"
"chr1","18482411","18482728","chrX","146087518","146087835","46","127605107"
"chr1","18553517","18553814","chr17","57675536","57675837","29","39122019"
"chr1","18555046","18555344","chr2A","29209137","29209438","40","10654091"
"chr1","18556191","18556258","chr11","46902501","46902571","5","28346310"
"chr1","18604434","18604742","chr16","30583743","30584052","36","11979309"
"chr1","18644352","18644633","chr18","52229528","52229822","42","33585176"
"chr1","18720274","18720548","chr11","46732590","46732870","27","28012316"
"chr1","18800861","18800991","chr22","40300964","40301087","25","21500103"
"chr1","18801295","18801437","chr9","127596386","127596517","39","108795091"
"chr1","18833331","18833505","chr1","134595860","134596034","30","115762529"
"chr1","18833531","18833637","chr19","63583459","63583578","26","44749928"
"chr1","18844173","18844473","chr6","31285826","31286128","36","12441653"
"chr1","18929797","18930093","chr11","46518827","46519123","25","27589030"
"chr1","19030265","19030581","chr8","106467854","106468165","42","87437589"
"chr1","19069795","19070104","chr11","46377756","46378068","28","27307961"
"chr1","19093840","19094167","chr11","46353306","46353594","54","27259466"
"chr1","19120164","19120474","chr11","46325837","46326135","36","27205673"
"chr1","19184836","19185128","chr11","46263477","46263771","29","27078641"
"chr1","19333096","19333405","chr11","46116430","46116739","34","26783334"
"chr1","19505744","19506048","chr11","45949742","45950048","25","26443998"
"chr1","19599966","19600261","chr11","45847048","45847343","24","26247082"
"chr1","19961824","19961841","chr5","141102660","141102679","9","121140836"
"chr1","19962093","19962259","chr1","164920205","164920369","38","144958112"
"chr1","20041235","20041522","chr11","45402570","45402850","27","25361335"
"chr1","20222987","20223290","chr11","45216450","45216753","31","24993463"
"chr1","20369547","20369843","chr11","45074842","45075148","38","24705295"
"chr1","20546639","20546950","chr9","84180598","84180906","42","63633959"
"chr1","20689937","20690253","chr8","139901019","139901330","38","119211082"
"chr1","20720390","20720563","chr20","3674831","3675009","28","17045559"
"chr1","20720595","20720721","chrX","71899933","71900062","15","51179338"
"chr1","20884462","20884761","chr11","44575980","44576279","24","23691518"
"chr1","20909024","20909323","chr15","77597733","77598037","39","56688709"
"chr1","21414482","21414791","chrX","40382702","40383008","35","18968220"
"chr1","21415591","21415778","chr2A","37779231","37779414","36","16363640"
"chr1","21422028","21422331","chr22","16098977","16099280","37","5323051"
"chr1","21497086","21497376","chr7","118959547","118959837","39","97462461"
"chr1","21705381","21705554","chr16","2946232","2946407","34","18759149"
"chr1","21741018","21741329","chr11","43725991","43726294","29","21984973"
"chr1","22028817","22029115","chr5","34063764","34064061","29","12034947"
"chr1","22102340","22102658","chr11","43379290","43379608","25","21276950"
"chr1","22410053","22410346","chr11","43017360","43017654","35","20607307"
"chr1","22933442","22933758","chr11","42449749","42450052","39","19516307"
"chr1","23060888","23061182","chr2A","70836611","70836907","39","47775723"
"chr1","23086800","23087090","chr19","44191622","44191912","38","21104822"
"chr1","23098191","23098480","chr11","48193021","48193300","48","25094830"
"chr1","23271185","23271491","chr11","42098817","42099122","28","18827632"
"chr1","23526898","23527202","chr20","53811379","53811681","39","30284481"
"chr1","23588834","23589119","chrX","127640621","127640907","39","104051787"
"chr1","23604788","23604989","chr11","41784503","41784710","23","18179715"
"chr1","23858984","23859306","chr11","41524412","41524719","43","17665428"
"chr1","23989040","23989322","chr16","66218209","66218492","31","42229169"
"chr1","24016859","24017143","chr7","72702929","72703212","37","48686070"
"chr1","24506201","24506461","chr12","5058316","5058574","41","19447885"
"chr1","24908117","24908424","chr4","50103666","50103969","38","25195549"
"chr1","25319019","25319326","chr2A","95435464","95435765","42","70116445"
"chr1","25569964","25570270","chr11","39774159","39774467","25","14204195"
"chr1","25627397","25627697","chr5","46166066","46166366","33","20538669"
"chr1","25829622","25829748","chr16","51795833","51795955","20","25966211"
"chr1","25829762","25829977","chrX","118573630","118573839","55","92743868"
"chr1","25867745","25868044","chr11","39470226","39470529","38","13602481"
"chr1","26473868","26474176","chr21","20047427","20047730","50","6426441"
"chr1","26866809","26867108","chr11","38462718","38463029","44","11595909"
"chr1","26871994","26872227","chr2B","231989866","231990097","43","205117872"
"chr1","26935694","26935988","chr11","38387678","38387982","37","11451984"
"chr1","27309170","27309481","chr11","37968118","37968436","40","10658948"
"chr1","27406211","27406522","chr5","177536881","177537192","38","150130670"
"chr1","27696752","27697053","chr11","37539406","37539714","32","9842654"
"chr1","28352512","28352777","chr1","182544504","182544774","38","154191992"
"chr1","28817748","28818043","chr3","162827060","162827357","35","134009312"
"chr1","28853043","28853305","chr11","36388513","36388775","23","7535470"
"chr1","28853667","28853792","chr18","24199146","24199273","17","4654521"
"chr1","29046293","29046599","chr11","36202195","36202492","32","7155902"
"chr1","29048738","29049040","chr8","128529370","128529671","34","99480632"
"chr1","29089702","29089984","chr11","36157677","36157959","26","7067975"
"chr1","29144117","29144416","chr11","36106741","36107046","41","6962624"
"chr1","29326590","29326904","chr11","35935701","35936012","21","6609111"
"chr1","29875053","29875334","chr16","8783811","8784105","43","21091242"
"chr1","29876245","29876525","chr6","36252800","36253082","37","6376555"
"chr1","30553248","30553546","chr7","38997960","38998260","38","8444712"
"chr1","30763503","30763719","chr16","45692455","45692666","28","14928952"
"chr1","30987856","30988120","chr18","28722120","28722383","39","2265736"
"chr1","31202838","31203140","chr11","34048026","34048319","29","2845188"
"chr1","31243450","31243760","chr5","177536881","177537192","39","146293431"
"chr1","31248295","31248604","chr10","29137570","29137880","31","2110725"
"chr1","31257991","31258290","chr1","112945527","112945827","34","81687536"
"chr1","31383795","31384079","chr7","15341546","15341832","43","16042249"
"chr1","31388516","31388821","chr11","33854517","33854821","23","2466001"
"chr1","31398971","31399259","chr5","157896846","157897132","35","126497875"
"chr1","31441675","31441937","chr11","33802848","33803117","29","2361173"
"chr1","31731182","31731493","chr10","122727967","122728276","41","90996785"
"chr1","31762663","31762967","chr6","156178677","156178971","52","124416014"
"chr1","31866607","31866907","chr3","47458138","47458432","41","15591531"
"chr1","32007266","32007565","chr11","33244054","33244354","27","1236788"
"chr1","32010330","32010616","chr12","57023720","57024012","40","25013390"
"chr1","32027711","32028004","chr5","160885697","160885987","30","128857986"
"chr1","32147794","32148098","chr5","157504172","157504477","34","125356378"
"chr1","32170722","32171019","chr1","128764800","128765103","39","96594078"
"chr1","32332875","32333184","chr1","158097276","158097582","41","125764401"
"chr1","32429552","32429860","chr1","7978237","7978549","31","24451315"
"chr1","32512345","32512648","chr11","32632796","32633093","33","120451"
"chr1","32634733","32635025","chr11","32500799","32501085","33","133934"
"chr1","32734454","32734653","chr11","32389386","32389603","34","345068"
"chr1","32874263","32874573","chr7","142200138","142200449","43","109325875"
"chr1","33270351","33270659","chr11","31866913","31867210","32","1403438"
"chr1","34483483","34483791","chr11","30622287","30622582","36","3861196"
"chr1","34643690","34643992","chr11","30454746","30455058","35","4188944"
"chr1","34670466","34670738","chr11","30428399","30428668","34","4242067"
"chr1","34914029","34914289","chr11","30193352","30193598","42","4720677"
"chr1","36421396","36421691","chr11","28579565","28579865","34","7841831"
"chr1","36608837","36608858","chr5","141102660","141102679","7","104493823"
"chr1","36608900","36609174","chr14","53841889","53842173","46","17232989"
"chr1","36905891","36906153","chr11","28082344","28082607","19","8823547"
"chr1","37214786","37215049","chr11","27773745","27774006","31","9441041"
"chr1","37447377","37447428","chr11","27536423","27536473","3","9910954"
"chr1","37486195","37486507","chr17","59314408","59314718","32","21828213"
"chr1","37537867","37538175","chr1","25253863","25254168","37","12284004"
"chr1","37617873","37618201","chr11","27361258","27361578","41","10256615"
"chr1","37647368","37647675","chr8","106467854","106468165","34","68820486"
"chr1","37678149","37678451","chr11","57368940","57369245","39","19690791"
"chr1","37895112","37895417","chr11","84920468","84920770","35","47025356"
"chr1","40088554","40088828","chr3","82184898","82185175","39","42096344"
"chr1","40619725","40619955","chr1","138612983","138613190","62","97993258"
"chr1","40972857","40973103","chr1","41949153","41949394","41","976296"
"chr1","41105506","41105803","chr11","23932451","23932744","35","17173055"
"chr1","41163210","41163499","chr12","63008811","63009105","54","21845601"
"chr1","41294142","41294428","chr19","20005275","20005557","43","21288867"
"chr1","41294464","41294480","chr5","141102660","141102679","7","99808196"
"chr1","41709173","41709448","chr4","128598153","128598434","46","86888980"
"chr1","41773529","41773810","chrX","71201754","71202040","37","29428225"
"chr1","41951317","41951618","chr17","27909195","27909498","48","14042122"
"chr1","42402117","42402402","chr1","15100083","15100370","38","27302034"
"chr1","42896129","42896357","chr11","21953993","21954222","34","20942136"
"chr1","44297652","44297951","chr13","25341657","25341952","49","18955995"
"chr1","44377691","44378003","chr3","146817272","146817582","38","102439581"
"chr1","44463642","44463958","chr11","20357489","20357810","24","24106153"
"chr1","44754455","44754751","chr11","20066641","20066901","52","24687814"
"chr1","44860204","44860499","chr6","37379057","37379352","39","7481147"
"chr1","45014929","45015228","chr5","35141002","35141296","29","9873927"
"chr1","45018036","45018336","chr11","19791569","19791872","23","25226467"
"chr1","46243260","46243456","chr22","19031998","19032177","41","27211262"
"chr1","46375713","46375994","chr6","17902382","17902675","42","28473331"
"chr1","46377798","46378021","chr4","8112372","8112601","36","38265426"
"chr1","46496688","46496978","chr11","18227707","18228008","32","28268981"
"chr1","46504432","46504722","chr22","23327372","23327664","41","23177060"
"chr1","46516083","46516373","chr1","46220767","46221063","45","295316"
"chr1","46556088","46556396","chr6","43619240","43619551","40","2936848"
"chr1","47693515","47693817","chr17","8382349","8382654","54","39311166"
"chr1","47715154","47715452","chr11","17050343","17050632","28","30664811"
"chr1","47765674","47765949","chr3","173084283","173084566","46","125318609"
"chr1","47874734","47874991","chr20","34727615","34727879","53","13147119"
"chr1","47944039","47944345","chr11","16813295","16813606","31","31130744"
"chr1","48029003","48029295","chr16","55427232","55427521","32","7398229"
"chr1","48095297","48095605","chr11","16650950","16651267","30","31444347"
"chr1","48102194","48102474","chr3","173084283","173084566","34","124982089"
"chr1","48111233","48111537","chr6","43603760","43604063","43","4507473"
"chr1","49093646","49093959","chr1","119429515","119429824","36","70335869"
"chr1","50083601","50083906","chr11","14628197","14628501","36","35455404"
"chr1","50365246","50365552","chr11","14325026","14325326","26","36040220"
"chr1","50442456","50442747","chr10","72067751","72068044","28","21625295"
"chr1","50533236","50533487","chrX","71022407","71022662","44","20489171"
"chr1","50628801","50629109","chr11","14060816","14061125","27","36567985"
"chr1","50650569","50650867","chr11","14038980","14039287","30","36611589"
"chr1","51116287","51116594","chr2B","150824730","150825043","35","99708443"
"chr1","51135194","51135485","chr11","13516081","13516380","28","37619113"
"chr1","51192466","51192776","chr11","13463036","13463346","26","37729430"
"chr1","51549189","51549485","chr11","13124294","13124591","28","38424895"
"chr1","51686251","51686555","chr14","73229248","73229551","30","21542997"
"chr1","52315556","52315856","chr11","12377647","12377949","24","39937909"
"chr1","52336866","52337164","chr11","12356078","12356368","34","39980788"
"chr1","52487253","52487545","chr8","80257603","80257901","37","27770350"
"chr1","52616001","52616136","chr10","38194262","38194391","22","14421739"
"chr1","52955984","52956269","chr11","11719080","11719374","33","41236904"
"chr1","52995718","52996034","chr6","156226001","156226314","45","103230283"
"chr1","53486475","53486785","chr11","11193216","11193526","28","42293259"
"chr1","53779814","53780095","chr11","120915829","120916109","37","67136015"
"chr1","53794533","53794837","chr11","10870808","10871109","27","42923725"
"chr1","53904780","53905086","chr21","2415497","2415804","44","51489283"
"chr1","53992710","53993007","chr5","76810570","76810869","35","22817860"
"chr1","54511942","54512243","chr11","10140736","10141032","22","44371206"
"chr1","54527408","54527723","chr2A","16132420","16132727","38","38394988"
"chr1","54717691","54718001","chrX","40382702","40383008","35","14334989"
"chr1","54936023","54936323","chr11","9713582","9713883","34","45222441"
"chr1","55170781","55171074","chr11","71623880","71624177","46","16453099"
"chr1","55264511","55264831","chr11","9377878","9378180","37","45886633"
"chr1","55269802","55270109","chr16","68215628","68215933","37","12945826"
"chr1","55326313","55326618","chr5","59053752","59054058","21","3727439"
"chr1","55348319","55348604","chr17","12985123","12985404","34","42363196"
"chr1","55426651","55426951","chr1","68839821","68840119","42","13413170"
"chr1","55478508","55478816","chr11","9150711","9151019","18","46327797"
"chr1","55479553","55479855","chr11","9149669","9149972","33","46329884"
"chr1","55486353","55486650","chr11","9143946","9144245","38","46342407"
"chr1","55508087","55508382","chr11","9110109","9110400","36","46397978"
"chr1","55524954","55525244","chr5","139875836","139876128","38","84350882"
"chr1","55540080","55540263","chr3","146567083","146567263","29","91027003"
"chr1","55676547","55676854","chr7","142200138","142200449","31","86523591"
"chr1","55722643","55722933","chr11","8901888","8902185","21","46820755"
"chr1","55755854","55756166","chr11","8866290","8866587","35","46889564"
"chr1","55878561","55878838","chr3","156787654","156787934","45","100909093"
"chr1","55946267","55946574","chr5","177536881","177537192","43","121590614"
"chr1","56048087","56048349","chr17","36984368","36984633","36","19063719"
"chr1","56064202","56064501","chr1","122957862","122958161","33","66893660"
"chr1","56405794","56406004","chr11","8192306","8192516","26","48213488"
"chr1","56421566","56421868","chr11","69875408","69875705","44","13453842"
"chr1","56787765","56788041","chr8","62994774","62995042","38","6207009"
"chr1","57499787","57500000","chr22","44256348","44256554","36","13243439"
"chr1","57744839","57745141","chr11","6836702","6837008","28","50908137"
"chr1","58096364","58096670","chr11","6528992","6529298","29","51567372"
"chr1","58273817","58274115","chr11","6341302","6341588","28","51932515"
"chr1","58317080","58317393","chr11","114989497","114989807","38","56672417"
"chr1","58393980","58394282","chr11","6221848","6222138","32","52172132"
"chr1","58413148","58413426","chr2B","156218290","156218552","42","97805142"
"chr1","58414493","58414793","chr11","6199329","6199635","30","52215164"
"chr1","58448341","58448652","chr4","27084320","27084632","33","31364021"
"chr1","58464960","58465272","chr15","37737943","37738250","25","20727017"
"chr1","58499559","58499848","chr11","6112642","6112933","36","52386917"
"chr1","60923049","60923144","chr17","46501937","46502034","18","14421112"
"chr1","61004545","61004835","chr22","42973336","42973610","61","18031209"
"chr1","61121971","61122264","chr16","19602557","19602849","49","41519414"
"chr1","62303697","62303847","chr11","4349563","4349714","24","57954134"
"chr1","62637659","62637949","chr13","48075193","48075485","38","14562466"
"chr1","62665526","62665834","chr3","162587310","162587616","39","99921784"
"chr1","62769876","62770146","chr11","3866222","3866501","32","58903654"
"chr1","62928740","62929056","chr17","64935752","64936063","36","2007012"
"chr1","62963326","62963581","chr11","3654223","3654478","21","59309103"
"chr1","63013209","63013510","chr1","15764064","15764365","37","47249145"
"chr1","63039940","63040251","chr9","127446530","127446844","45","64406590"
"chr1","63074874","63075149","chr7","156953965","156954237","42","93879091"
"chr1","63121299","63121587","chr11","69640357","69640642","32","6519058"
"chr1","63152725","63153014","chr20","28994312","28994606","43","34158413"
"chr1","63252289","63252574","chr11","69772547","69772842","41","6520258"
"chr1","63333269","63333419","chr4","36455465","36455612","27","26877804"
"chr1","63333730","63333867","chr16","25301242","25301375","23","38032488"
"chr1","63496506","63496811","chr18","28324769","28325080","41","35171737"
"chr1","63578191","63578491","chr11","70078591","70078890","18","6500400"
"chr1","63590880","63591173","chrX","47362949","47363251","33","16227931"
"chr1","63736683","63736982","chr3","188488068","188488364","42","124751385"
"chr1","63737554","63737842","chr11","70232299","70232601","37","6494745"
"chr1","63861983","63862282","chr11","70358458","70358750","29","6496475"
"chr1","64046494","64046787","chr11","70534123","70534426","26","6487629"
"chr1","64095900","64096196","chr3","51396097","51396391","34","12699803"
"chr1","64104701","64104997","chr9","126761165","126761461","31","62656464"
"chr1","64317636","64317815","chr11","70817031","70817203","17","6499395"
"chr1","64396468","64396778","chr11","70890503","70890809","21","6494035"
"chr1","64611272","64611545","chr11","71105613","71105907","38","6494341"
"chr1","64685370","64685663","chr11","46027733","46028028","33","18657637"
"chr1","64805072","64805365","chr3","104949893","104950190","32","40144821"
"chr1","64849994","64850285","chr11","71345950","71346242","22","6495956"
"chr1","64860820","64861121","chr11","71355760","71356061","41","6494940"
"chr1","64962204","64962498","chr11","71449559","71449851","28","6487355"
"chr1","64992203","64992483","chr4","89887490","89887778","49","24895287"
"chr1","65055191","65055472","chr10","112354645","112354930","48","47299454"
"chr1","65103877","65104014","chr9","130992416","130992551","22","65888539"
"chr1","65127676","65127942","chr20","33257755","33258019","26","31869921"
"chr1","65147060","65147350","chrX","13925853","13926140","39","51221207"
"chr1","65366750","65367032","chr3","173084283","173084566","30","107717533"
"chr1","65367083","65367095","chr19","6551651","6551663","5","58815432"
"chr1","65646754","65647026","chr7","84581686","84581964","43","18934932"
"chr1","65668709","65668883","chr11","72184441","72184617","13","6515732"
"chr1","65795637","65795824","chr3","146567083","146567263","33","80771446"
"chr1","65909373","65909662","chr10","12435790","12436088","40","53473583"
"chr1","65975805","65976116","chr1","23198859","23199169","34","42776946"
"chr1","66294364","66294657","chr11","72825203","72825501","24","6530839"
"chr1","66347748","66348025","chr11","72879360","72879667","47","6531612"
"chr1","66425436","66425717","chr3","133516964","133517255","39","67091528"
"chr1","66591230","66591528","chr2B","205281852","205282149","31","138690622"
"chr1","66637881","66638170","chr10","99213741","99214040","49","32575860"
"chr1","66949068","66949324","chr3","103398938","103399195","35","36449870"
"chr1","67039352","67039650","chr7","141053852","141054151","29","74014500"
"chr1","67042118","67042408","chr3","10351868","10352160","42","56690250"
"chr1","67201370","67201668","chr11","73747249","73747546","34","6545879"
"chr1","67378961","67379217","chr9","75297348","75297606","31","7918387"
"chr1","67545264","67545569","chr11","74100237","74100537","34","6554973"
"chr1","67614666","67614954","chr6","101307314","101307606","38","33692648"
"chr1","67614956","67615252","chr18","44436733","44437031","35","23178223"
"chr1","67651088","67651394","chr11","74207113","74207420","38","6556025"
"chr1","67651826","67652134","chr11","74207850","74208156","23","6556024"
"chr1","67792435","67792743","chr18","54062421","54062727","33","13730014"
"chr1","67899328","67899631","chr11","74460479","74460780","22","6561151"
"chr1","67980924","67981234","chr14","25663323","25663634","38","42317601"
"chr1","68265030","68265338","chr11","74836007","74836318","21","6570977"
"chr1","68404410","68404703","chr11","74980382","74980674","23","6575972"
"chr1","68658097","68658387","chr11","75237296","75237590","32","6579199"
"chr1","68682422","68682707","chr11","75262327","75262629","34","6579905"
"chr1","68835260","68835562","chr1","206094042","206094337","40","137258782"
"chr1","68899504","68899803","chr15","71513639","71513936","35","2614135"
"chr1","69132663","69132819","chrX","42059996","42060164","42","27072667"
"chr1","69206204","69206487","chr11","75808909","75809192","27","6602705"
"chr1","69207260","69207558","chr2A","23894467","23894765","40","45312793"
"chr1","69248028","69248340","chr11","123438126","123438436","39","54190098"
"chr1","69310433","69310721","chr11","75913939","75914238","42","6603506"
"chr1","69346837","69347113","chr10","30897776","30898058","50","38449061"
"chr1","69451015","69451327","chr3","174117806","174118117","34","104666791"
"chr1","69465539","69465834","chr11","76072378","76072674","36","6606839"
"chr1","69666648","69666954","chr3","21677015","21677319","36","47989633"
"chr1","69740378","69740650","chr11","76354262","76354539","34","6613884"
"chr1","71661950","71662262","chr11","78270797","78271108","29","6608847"
"chr1","71865270","71865550","chr10","37548454","37548734","25","34316816"
"chr1","72014374","72014680","chr7","152716850","152717153","30","80702476"
"chr1","72075989","72076324","chr10","15998316","15998658","50","56077673"
"chr1","72094158","72094304","chr1","153651859","153652003","21","81557701"
"chr1","72113066","72113388","chrX","150914580","150914897","47","78801514"
"chr1","72307920","72308215","chr6","163813221","163813517","34","91505301"
"chr1","73325240","73325383","chr11","79976983","79977132","26","6651743"
"chr1","73326534","73326827","chr8","104117734","104118028","43","30791200"
"chr1","73605678","73605955","chr19","10727812","10728093","42","62877866"
"chr1","73810008","73810318","chr1","2267961","2268271","34","71542047"
"chr1","73964357","73964640","chr17","36408929","36409214","38","37555428"
"chr1","74203828","74204128","chr11","80922250","80922551","31","6718422"
"chr1","74281519","74281816","chr6","133144356","133144659","43","58862837"
"chr1","74336375","74336675","chr10","67718686","67718996","42","6617689"
"chr1","74385860","74386151","chr11","81105954","81106245","42","6720094"
"chr1","74722784","74723076","chr4","17296551","17296861","50","57426233"
"chr1","74962110","74962393","chr19","20005275","20005557","36","54956835"
"chr1","75271592","75271899","chr11","81993493","81993792","37","6721901"
"chr1","75600535","75600836","chr11","82320118","82320413","33","6719583"
"chr1","75643906","75644202","chr7","34556794","34557089","36","41087112"
"chr1","75801336","75801635","chr6","73839965","73840253","56","1961371"
"chr1","76007872","76008179","chr11","82722212","82722523","36","6714340"
"chr1","76180160","76180493","chr6","35864638","35864975","47","40315522"
"chr1","76399186","76399477","chr6","135559740","135560032","30","59160554"
"chr1","76601944","76602235","chr11","83307120","83307409","28","6705176"
"chr1","76804265","76804476","chr12","79608585","79608784","38","2804320"
"chr1","76887042","76887175","chr17","19145387","19145522","22","57741655"
"chr1","76887476","76887655","chr4","154082928","154083106","34","77195452"
"chr1","77035099","77035257","chr2B","123408436","123408583","33","46373337"
"chr1","77227407","77227699","chr11","83894322","83894623","29","6666915"
"chr1","77265155","77265456","chr12","45601083","45601383","37","31664072"
"chr1","77492489","77492797","chr11","84166940","84167247","21","6674451"
"chr1","77575608","77575902","chr11","84252908","84253205","28","6677300"
"chr1","77576848","77577151","chr17","9781900","9782207","46","67794948"
"chr1","77718255","77718576","chr5","177536881","177537192","46","99818626"
"chr1","78120652","78120822","chr1","14097033","14097198","21","64023619"
"chr1","78130881","78131197","chr1","45193992","45194302","38","32936889"
"chr1","78170828","78171104","chr2A","39360387","39360685","48","38810441"
"chr1","78196647","78196949","chr4","132217702","132218006","29","54021055"
"chr1","78223424","78223739","chr11","84920468","84920770","32","6697044"
"chr1","78384637","78384930","chr11","85083674","85083965","31","6699037"
"chr1","78416410","78416715","chr11","85116597","85116894","32","6700187"
"chr1","78495690","78496001","chr11","85207586","85207890","34","6711896"
"chr1","78522653","78522948","chr1","215555924","215556221","37","137033271"
"chr1","79285402","79285680","chrX","53594322","53594601","31","25691080"
"chr1","79318482","79318809","chr11","86104942","86105257","37","6786460"
"chr1","79493622","79493852","chr16","4522173","4522403","33","74971449"
"chr1","80182337","80182452","chr11","87007506","87007619","11","6825169"
"chr1","80462326","80462638","chr11","87279454","87279764","31","6817128"
"chr1","80465186","80465361","chr21","24506816","24506989","30","55958370"
"chr1","80465398","80465654","chr17","82010972","82011230","36","1545574"
"chr1","81299707","81300002","chr1","167793859","167794154","74","86494152"
"chr1","81334619","81334912","chr11","87958843","87959135","22","6624224"
"chr1","82172761","82173068","chr11","88681130","88681435","24","6508369"
"chr1","82708658","82708960","chr11","89205270","89205574","31","6496612"
"chr1","83034257","83034581","chr10","63180511","63180820","61","19853746"
"chr1","83098222","83098473","chr11","89596960","89597209","29","6498738"
"chr1","83500844","83501134","chr11","90037813","90038096","35","6536969"
"chr1","83516865","83517165","chr13","99997879","99998174","43","16481014"
"chr1","83638938","83639208","chr10","12953626","12953897","40","70685312"
"chr1","85021239","85021534","chr5","150793098","150793387","42","65771859"
"chr1","85434823","85435123","chr11","91997747","91998047","22","6562924"
"chr1","86165386","86165690","chrX","31276234","31276540","45","54889152"
"chr1","86528732","86528779","chr8","96153095","96153140","15","9624363"
"chr1","86537223","86537527","chr5","138626014","138626310","27","52088791"
"chr1","87460476","87460783","chrX","131235820","131236128","39","43775344"
"chr1","87469631","87469916","chr11","93995577","93995867","38","6525946"
"chr1","87559264","87559506","chr4","40616121","40616370","38","46943143"
"chr1","87621931","87622139","chr7","43483424","43483618","49","44138507"
"chr1","87903385","87903693","chr5","177536881","177537192","40","89633496"
"chr1","89533347","89533635","chr11","96074253","96074534","40","6540906"
"chr1","89534125","89534415","chr19","44184452","44184744","50","45349673"
"chr1","89761875","89762162","chr11","96287856","96288145","36","6525981"
"chr1","89849800","89850094","chr6","163813221","163813517","34","73963421"
"chr1","89929237","89929527","chr11","96436654","96436951","26","6507417"
"chr1","89960586","89960883","chr11","96470335","96470627","27","6509749"
"chr1","90378283","90378587","chr8","100746525","100746825","41","10368242"
"chr1","90383143","90383426","chr1","187839026","187839305","37","97455883"
"chr1","90732470","90732753","chr11","97219999","97220282","21","6487529"
"chr1","91502192","91502509","chr11","97983156","97983468","42","6480964"
"chr1","91771935","91772231","chr16","22718312","22718608","39","69053623"
"chr1","92051570","92051875","chr5","177536881","177537192","29","85485311"
"chr1","92074885","92075196","chr11","98531205","98531516","22","6456320"
"chr1","92278537","92278837","chr11","98732163","98732457","32","6453626"
"chr1","92450351","92450661","chr11","98908789","98909092","19","6458438"
"chr1","93268559","93268867","chr11","99736284","99736594","29","6467725"
"chr1","93367296","93367584","chr11","99838795","99839083","26","6471499"
"chr1","93380428","93380730","chr11","99851520","99851820","23","6471092"
"chr1","93412310","93412612","chr22","33251139","33251441","32","60161171"
"chr1","93420840","93421125","chr6","135559740","135560032","39","42138900"
"chr1","93584961","93585263","chr11","100060924","100061221","29","6475963"
"chr1","93587776","93588084","chr11","100063348","100063647","30","6475572"
"chr1","93637788","93638094","chr3","173626503","173626805","36","79988715"
"chr1","93642481","93642771","chr11","100119077","100119366","30","6476596"
"chr1","93764092","93764380","chr11","100237757","100238044","23","6473665"
"chr1","93768969","93769272","chr11","100243271","100243568","28","6474302"
"chr1","93937360","93937526","chr1","221184221","221184385","25","127246861"
"chr1","93983923","93984231","chr11","100457498","100457809","29","6473575"
"chr1","94314106","94314391","chr11","100782804","100783087","19","6468698"
"chr1","94542669","94542974","chr10","44296864","44297166","34","50245805"
"chr1","94591493","94591803","chr7","92953140","92953452","36","1638353"
"chr1","94688285","94688393","chr17","36109415","36109521","15","58578870"
"chr1","94767319","94767624","chr8","128529370","128529671","31","33762051"
"chr1","95692678","95692943","chr11","102161911","102162171","35","6469233"
"chr1","95990859","95991158","chr11","102478105","102478408","25","6487246"
"chr1","96102838","96103112","chr19","55304083","55304352","40","40798755"
"chr1","96123107","96123417","chr11","102606439","102606751","26","6483332"
"chr1","97087125","97087302","chr8","63358896","63359074","27","33728229"
"chr1","97599918","97600210","chr11","104024827","104025129","29","6424909"
"chr1","97873224","97873526","chr11","104287587","104287886","30","6414363"
"chr1","98146552","98146855","chr6","7735287","7735586","35","90411265"
"chr1","98562346","98562651","chr9","112174924","112175233","40","13612578"
"chr1","98642287","98642570","chr13","46495849","46496131","34","52146438"
"chr1","98676407","98676714","chr11","105098068","105098376","26","6421661"
"chr1","98725712","98726018","chr11","105146409","105146719","27","6420697"
"chr1","99271290","99271596","chr3","12759356","12759658","32","86511934"
"chr1","99284555","99284860","chr12","124913982","124914292","35","25629427"
"chr1","99319114","99319404","chr22","20216659","20216949","47","79102455"
"chr1","99321668","99321964","chr11","105746501","105746800","36","6424833"
"chr1","99358614","99358925","chr5","154405013","154405321","32","55046399"
"chr1","99517939","99518237","chr11","105947928","105948230","27","6429989"
"chr1","99527159","99527461","chr11","105956801","105957091","37","6429642"
"chr1","99644771","99645063","chr11","106075536","106075835","28","6430765"
"chr1","99699707","99699996","chr11","106135341","106135630","30","6435634"
"chr1","99783604","99783913","chr11","106219331","106219642","32","6435727"
"chr1","99787022","99787318","chr11","106230820","106231126","31","6443798"
"chr1","99997852","99998097","chr7","67202541","67202786","36","32795311"
"chr1","100085748","100086049","chr3","39761283","39761582","34","60324465"
"chr1","100090321","100090563","chr11","106529476","106529716","28","6439155"
"chr1","100369752","100370041","chr11","106808129","106808426","39","6438377"
"chr1","100481949","100482260","chr11","106919595","106919906","18","6437646"
"chr1","100483369","100483664","chr3","127944260","127944557","26","27460891"
"chr1","101407206","101407515","chr11","107923105","107923414","23","6515899"
"chr1","101615860","101616166","chr11","108139364","108139654","38","6523504"
"chr1","101660570","101660851","chr15","88906099","88906382","36","12754471"
"chr1","101680923","101681214","chr11","108208655","108208946","19","6527732"
"chr1","101766334","101766632","chr2A","87385567","87385868","35","14380767"
"chr1","101766813","101767110","chr11","108292081","108292376","28","6525268"
"chr1","101911887","101912199","chr11","108453702","108454017","25","6541815"
"chr1","101966601","101966915","chr11","108511020","108511317","32","6544419"
"chr1","102703864","102704032","chr11","109255828","109256000","15","6551964"
"chr1","102743848","102744146","chr10","43267226","43267524","34","59476622"
"chr1","102799369","102799634","chr4","73313439","73313701","31","29485930"
"chr1","102915464","102915727","chr16","10114853","10115132","49","92800611"
"chr1","103190467","103190776","chr3","146817272","146817582","31","43626805"
"chr1","103234875","103235174","chrX","48439202","48439501","33","54795673"
"chr1","103300665","103300966","chr11","109852831","109853125","32","6552166"
"chr1","103311845","103312140","chr22","16959085","16959386","34","86352760"
"chr1","103406278","103406559","chr11","109962287","109962563","25","6556009"
"chr1","103427126","103427386","chr15","66346268","66346529","27","37080858"
"chr1","103475726","103476021","chr11","110040906","110041202","27","6565180"
"chr1","103553165","103553449","chr11","110108892","110109184","38","6555727"
"chr1","103865552","103865850","chr11","110424593","110424901","38","6559041"
"chr1","104130017","104130303","chr6","108914453","108914739","34","4784436"
"chr1","104414912","104415201","chr11","110953937","110954241","42","6539025"
"chr1","104529715","104530022","chr18","9264275","9264585","34","95265440"
"chr1","104754804","104755089","chr7","149247795","149248079","30","44492991"
"chr1","105133632","105133916","chr1","43291127","43291413","41","61842505"
"chr1","105203511","105203802","chr2A","20575212","20575498","35","84628299"
"chr1","105720265","105720548","chr1","28829212","28829495","35","76891053"
"chr1","105772540","105772849","chr10","32545739","32546047","34","73226801"
"chr1","106799416","106799706","chr11","113315196","113315477","35","6515780"
"chr1","106878133","106878424","chr11","113391875","113392167","27","6513742"
"chr1","106967189","106967498","chr11","113481706","113482013","33","6514517"
"chr1","107527067","107527370","chr11","114061626","114061937","27","6534559"
"chr1","107833676","107833955","chr11","114363666","114363944","23","6529990"
"chr1","107988691","107988994","chr11","114520439","114520741","25","6531748"
"chr1","108117056","108117383","chr7","81456239","81456555","52","26660817"
"chr1","108399779","108400094","chr3","185269938","185270249","34","76870159"
"chr1","108430990","108431286","chr11","114958043","114958345","24","6527053"
"chr1","108434293","108434504","chr22","41389640","41389852","26","67044653"
"chr1","108442461","108442760","chr11","114968733","114969037","31","6526272"
"chr1","108444155","108444461","chrX","104664528","104664835","34","3779627"
"chr1","108480646","108480949","chr22","41464303","41464606","33","67016343"
"chr1","108501268","108501434","chr1","221184221","221184385","28","112682953"
"chr1","108501463","108501586","chr19","63583459","63583578","20","44918004"
"chr1","108626637","108626925","chr11","115157132","115157432","37","6530495"
"chr1","108646743","108646906","chr22","27887423","27887585","25","80759320"
"chr1","108646933","108647061","chrX","90789273","90789403","28","17857660"
"chr1","108704345","108704628","chr11","115235317","115235610","28","6530972"
"chr1","108716709","108717001","chr11","115248178","115248455","37","6531469"
"chr1","108740406","108740704","chr2A","34999443","34999741","23","73740963"
"chr1","108860299","108860589","chr10","32624860","32625151","31","76235439"
"chr1","109020690","109020987","chr11","115561420","115561698","40","6540730"
"chr1","109084212","109084524","chr11","115627925","115628223","36","6543713"
"chr1","109193894","109194190","chr17","66382077","66382374","29","42811817"
"chr1","109259601","109259884","chr1","26341109","26341389","37","82918492"
"chr1","109473456","109473579","chr16","76743686","76743804","14","32729770"
"chr1","109629944","109630242","chr11","116174043","116174357","31","6544099"
"chr1","109848731","109849037","chr11","116389778","116390077","26","6541047"
"chr1","109926622","109926859","chr1","19850058","19850287","54","90076564"
"chr1","110032157","110032460","chr11","116565714","116566020","32","6533557"
"chr1","110101181","110101441","chr12","34732903","34733143","61","75368278"
"chr1","110115978","110116282","chr11","116664172","116664483","26","6548194"
"chr1","110151566","110151865","chr11","116698826","116699128","33","6547260"
"chr1","110342541","110342828","chrX","13852905","13853191","50","96489636"
"chr1","110394428","110394696","chr11","116956115","116956383","34","6561687"
"chr1","110499708","110499999","chr3","45900839","45901132","36","64598869"
"chr1","110605361","110605633","chr11","117165900","117166169","24","6560539"
"chr1","111133956","111134266","chr3","187491517","187491829","34","76357561"
"chr1","111632444","111632740","chr11","118184615","118184918","34","6552171"
"chr1","111854248","111854552","chr11","118406478","118406768","34","6552230"
"chr1","112126299","112126600","chr11","118667055","118667360","38","6540756"
"chr1","112693633","112693941","chr8","121882987","121883294","43","9189354"
"chr1","113249912","113250224","chr11","119778545","119778844","37","6528633"
"chr1","113270358","113270638","chrX","113604996","113605278","39","334638"
"chr1","113472816","113473115","chr19","47407761","47408061","32","66065055"
"chr1","113827642","113827934","chr11","120358576","120358882","27","6530934"
"chr1","113875796","113876106","chr3","133234612","133234917","31","19358816"
"chr1","113977387","113977694","chr8","97276221","97276528","42","16701166"
"chr1","113998910","113999200","chr11","120543156","120543446","20","6544246"
"chr1","114098880","114099203","chr11","120652124","120652426","54","6553244"
"chr1","114102639","114102944","chr11","65818148","65818447","34","48284491"
"chr1","114193057","114193345","chr11","120746389","120746675","23","6553332"
"chr1","114198143","114198353","chr11","41784503","41784710","38","72413640"
"chr1","114342063","114342373","chr11","123438126","123438436","31","9096063"
"chr1","114381331","114381616","chr19","17839338","17839619","45","96541993"
"chr1","114384158","114384447","chr3","186742819","186743106","40","72358661"
"chr1","114426526","114426774","chr1","132381992","132382237","49","17955466"
"chr1","114475839","114476135","chr11","121054418","121054729","26","6578579"
"chr1","114646447","114646765","chr7","1493133","1493440","81","113153314"
"chr1","114689435","114689751","chr11","121277805","121278109","56","6588370"
"chr1","114777030","114777316","chr19","20005275","20005557","29","94771755"
"chr1","114791902","114792202","chr16","66961691","66961987","35","47830211"
"chr1","114865869","114866168","chr15","71513639","71513936","36","43352230"
"chr1","115042351","115042664","chr11","121614307","121614613","34","6571956"
"chr1","115179191","115179489","chr11","128067772","128068069","30","12888581"
"chr1","115191140","115191441","chr11","121858467","121858769","21","6667327"
"chr1","115221181","115221473","chr11","64715931","64716224","42","50505250"
"chr1","115760610","115760924","chr5","177536881","177537192","41","61776271"
"chr1","115761030","115761307","chr12","9011081","9011353","38","106749949"
"chr1","115797056","115797370","chr11","122627914","122628224","31","6830858"
"chr1","115859301","115859567","chr6","159251733","159251992","45","43392432"
"chr1","115954006","115954299","chr7","101399907","101400198","34","14554099"
"chr1","116312560","116312844","chr1","16805913","16806190","38","99506647"
"chr1","116622072","116622374","chr3","200467902","200468200","27","83845830"
"chr1","116627096","116627396","chr2A","87178365","87178663","42","29448731"
"chr1","116656965","116657147","chr5","28067000","28067180","24","88589965"
"chr1","116681402","116681711","chr11","123499365","123499686","32","6817963"
"chr1","116688244","116688558","chr1","220221459","220221769","50","103533215"
"chr1","116816092","116816401","chr11","123663080","123663389","29","6846988"
"chr1","116826734","116826774","chr18","7952687","7952726","6","108874047"
"chr1","116882741","116883045","chr7","64184765","64185074","39","52697976"
"chr1","117017236","117017536","chr6","43603760","43604063","35","73413476"
"chr1","117323155","117323471","chr9","73414581","73414892","39","43908574"
"chr1","117377402","117377703","chr11","124232328","124232636","29","6854926"
"chr1","117410550","117410847","chr9","127250140","127250439","42","9839590"
"chr1","117438813","117439124","chr11","114639157","114639467","36","2799656"
"chr1","117460156","117460456","chr7","130507232","130507539","44","13047076"
"chr1","117546447","117546747","chr11","124400871","124401181","35","6854424"
"chr1","117613888","117614200","chrX","48439202","48439501","36","69174686"
"chr1","117747404","117747591","chr11","124605486","124605666","20","6858082"
"chr1","117939901","117940204","chr11","124802236","124802542","34","6862335"
"chr1","118202067","118202363","chr4","30069426","30069725","45","88132641"
"chr1","119407322","119407619","chr11","126286071","126286383","39","6878749"
"chr1","119672721","119673018","chr7","21848782","21849086","38","97823939"
"chr1","119929258","119929512","chr3","3773002","3773257","32","116156256"
"chr1","119929538","119929653","chr5","69939997","69940103","37","49989541"
"chr1","120098486","120098793","chr11","126975498","126975805","22","6877012"
"chr1","120139134","120139430","chr11","127014272","127014573","38","6875138"
"chr1","120332525","120332611","chr11","127219947","127220033","11","6887422"
"chr1","120516085","120516301","chr1","23546673","23546907","49","96969412"
"chr1","120902183","120902475","chr11","127850853","127851145","18","6948670"
"chr1","120921988","120922292","chr11","127870762","127871074","34","6948774"
"chr1","120947238","120947534","chr11","127896060","127896370","29","6948822"
"chr1","121120351","121120657","chr16","17995262","17995568","29","103125089"
"chr1","121124956","121125262","chr16","17995262","17995568","29","103129694"
"chr1","121125463","121125773","chrX","31276234","31276540","49","89849229"
"chr1","121128129","121128439","chr7","106416092","106416402","37","14712037"
"chr1","121232306","121232604","chr1","52933278","52933581","33","68299028"
"chr1","121256696","121256999","chr16","68215628","68215933","33","53041068"
"chr1","121369779","121370060","chr11","128329560","128329841","31","6959781"
"chr1","121438551","121438845","chr10","82555427","82555725","59","38883124"
"chr1","121962535","121962823","chr22","23327372","23327664","46","98635163"
"chr1","122423628","122423941","chrX","24095566","24095876","39","98328062"
"chr1","122599404","122599740","chrX","101283158","101283483","47","21316246"
"chr1","122630371","122630636","chr17","78803622","78803890","39","43826749"
"chr1","123025530","123025841","chr4","98334261","98334569","42","24691269"
"chr1","123025880","123025988","chr3","98505301","98505408","18","24520579"
"chr1","123357650","123357938","chr5","48739061","48739347","44","74618589"
"chr1","123556476","123556772","chr17","1864773","1865072","43","121691703"
"chr1","124120640","124120946","chr11","131133076","131133373","32","7012436"
"chr1","124209704","124210013","chr11","131219211","131219516","34","7009507"
"chr1","124361525","124361894","chr2A","102582857","102583196","80","21778668"
"chr1","124489943","124490248","chr10","50633656","50633964","39","73856287"
"chr1","125102862","125103164","chr11","132129567","132129866","26","7026705"
"chr1","125178112","125178438","chr11","132213802","132214112","44","7035690"
"chr1","125196928","125197227","chr11","132232513","132232810","16","7035585"
"chr1","125627236","125627548","chr11","132643209","132643521","29","7015973"
"chr1","125637577","125637871","chr11","132668808","132669109","28","7031231"
"chr1","125911960","125912232","chr7","107928095","107928360","43","17983865"
"chr2","3931893","3932181","chr20","57463789","57464069","35","53531896"
"chr2","5961","6256","chr9","97668015","97668310","42","97662054"
"chr2","184242","184535","chr21","17693197","17693486","42","17508955"
"chr2","249331","249625","chr20","61402897","61403193","27","61153566"
"chr2","285818","285895","chr3","202069085","202069157","23","201783267"
"chr2","370229","370534","chr9","106458916","106459222","32","106088687"
"chr2","469604","469902","chr10","13960730","13961024","32","13491126"
"chr2","508328","508638","chr20","61120129","61120443","35","60611801"
"chr2","510435","510737","chr20","61118165","61118465","29","60607730"
"chr2","590240","590543","chr20","61035290","61035596","21","60445050"
"chr2","635799","636168","chr19","16996375","16996706","86","16360576"
"chr2","694959","695140","chr20","2366425","2366596","28","1671466"
"chr2","731425","731733","chr11","123438126","123438436","36","122706701"
"chr2","1011855","1012151","chr9","124848596","124848890","34","123836741"
"chr2","1202720","1203014","chr21","30087218","30087509","38","28884498"
"chr2","1376857","1377158","chr2A","95435464","95435765","36","94058607"
"chr2","1377160","1377461","chr20","60231316","60231607","36","58854156"
"chr2","1380763","1381058","chr11","63404485","63404780","29","62023722"
"chr2","2053344","2053622","chr5","61928157","61928436","44","59874813"
"chr2","2076266","2076581","chr1","45060985","45061294","41","42984719"
"chr2","2138592","2138891","chr20","59359175","59359469","24","57220583"
"chr2","2873011","2873307","chr8","143264253","143264550","32","140391242"
"chr2","3126594","3126889","chr20","58281821","58282124","41","55155227"
"chr2","3246835","3247132","chr20","58147779","58148083","35","54900944"
"chr2","3470655","3470945","chr2A","87526695","87526984","34","84056040"
"chr2","3474210","3474463","chr20","57933293","57933547","21","54459083"
"chr2","3559284","3559567","chr3","173084283","173084566","36","169524999"
"chr2","3592256","3592546","chr20","57810480","57810766","26","54218224"
"chr2","4402994","4403247","chr8","106318009","106318263","38","101915015"
"chr2","5121588","5121890","chr20","56238025","56238318","30","51116437"
"chr2","5176143","5176438","chr1","23725506","23725803","37","18549363"
"chr2","5379571","5379859","chr19","58153787","58154075","37","52774216"
"chr2","5613604","5613914","chr20","55730296","55730595","32","50116692"
"chr2","5655943","5656245","chr20","55687024","55687334","29","50031081"
"chr2","6070729","6071015","chr20","55257860","55258147","35","49187131"
"chr2","6220612","6220905","chr6","85952086","85952381","31","79731474"
"chr2","6641660","6641971","chr20","54671312","54671618","40","48029652"
"chr2","7021307","7021610","chr5","34063764","34064061","29","27042457"
"chr2","7122572","7122863","chr20","54179368","54179665","33","47056796"
"chr2","7181423","7181723","chr4","104208478","104208777","39","97027055"
"chr2","7241683","7241984","chr20","54059512","54059808","30","46817829"
"chr2","7296139","7296415","chr10","72731641","72731931","45","65435502"
"chr2","7385485","7385780","chr2B","229919202","229919499","47","222533717"
"chr2","7476531","7476836","chr20","53808324","53808630","25","46331793"
"chr2","7536825","7536992","chr1","221184221","221184385","23","213647396"
"chr2","7537293","7537428","chr17","10073753","10073888","14","2536460"
"chr2","7542623","7542912","chr14","94756652","94756946","41","87214029"
"chr2","7647426","7647723","chr20","53634680","53634977","27","45987254"
"chr2","7733484","7733793","chr20","53546350","53546659","23","45812866"
"chr2","7997844","7998114","chrX","30117828","30118093","32","22119984"
"chr2","8332012","8332320","chr9","26345661","26345964","35","18013649"
"chr2","8410046","8410352","chr20","52830082","52830384","29","44420036"
"chr2","8433902","8434154","chr19","46946689","46946949","48","38512787"
"chr2","8693423","8693686","chrX","54693444","54693708","30","46000021"
"chr2","9082844","9083117","chr20","52135053","52135325","30","43052209"
"chr2","9361274","9361578","chr3","122149481","122149788","40","112788207"
"chr2","9423051","9423361","chr20","51770358","51770663","33","42347307"
"chr2","9524469","9524760","chr20","51655274","51655573","35","42130805"
"chr2","9767472","9767639","chr3","142443084","142443253","21","132675612"
"chr2","10191815","10192129","chr5","177536881","177537192","27","167345066"
"chr2","10279607","10279910","chr20","50871609","50871913","31","40592002"
"chr2","10283900","10284078","chr19","15340093","15340269","24","5056193"
"chr2","10284389","10284524","chr10","89525472","89525604","18","79241083"
"chr2","10311128","10311417","chr3","51592399","51592689","36","41281271"
"chr2","10318345","10318496","chr1","146671202","146671373","34","136352857"
"chr2","10348364","10348615","chr20","50789399","50789659","27","40441035"
"chr2","10380045","10380346","chr20","50765110","50765407","24","40385065"
"chr2","10382160","10382465","chr20","50763277","50763594","30","40381117"
"chr2","10466226","10466529","chr20","50670288","50670580","35","40204062"
"chr2","10476179","10476465","chr12","110959332","110959617","34","100483153"
"chr2","10478232","10478536","chrX","48439202","48439501","45","37960970"
"chr2","10503171","10503473","chr20","50634852","50635154","32","40131681"
"chr2","10511494","10511785","chr8","126566829","126567122","30","116055335"
"chr2","11182370","11182678","chr20","49921222","49921522","32","38738852"
"chr2","11185997","11186172","chr6","4155989","4156159","29","7030008"
"chr2","11514602","11514896","chr20","49580387","49580679","29","38065785"
"chr2","11665665","11665967","chr1","36702585","36702882","39","25036920"
"chr2","11779365","11779454","chr5","13897048","13897137","22","2117683"
"chr2","11815919","11816212","chr3","124859044","124859338","31","113043125"
"chr2","11836882","11837185","chr13","73833423","73833724","34","61996541"
"chr2","11911293","11911589","chr20","49176669","49176960","26","37265376"
"chr2","11921178","11921432","chr22","45319243","45319510","48","33398065"
"chr2","11975079","11975392","chr12","81725170","81725478","36","69750091"
"chr2","12024334","12024632","chr18","53585333","53585630","36","41560999"
"chr2","12024657","12024836","chr20","9249842","9250019","35","2774815"
"chr2","12046093","12046391","chr9","97034952","97035253","40","84988859"
"chr2","12058081","12058127","chr17","49351725","49351769","8","37293644"
"chr2","12109303","12109606","chr6","44048582","44048878","28","31939279"
"chr2","12146317","12146473","chr11","47495912","47496064","28","35349595"
"chr2","12146804","12146938","chr10","89525472","89525604","15","77378668"
"chr2","12174898","12175208","chr20","48898597","48898895","39","36723699"
"chr2","12239241","12239407","chr14","72382035","72382201","25","60142794"
"chr2","12239698","12239834","chr17","10073753","10073888","15","2165945"
"chr2","12264910","12265212","chr7","109501740","109502046","37","97236830"
"chr2","12277883","12278139","chr1","180711295","180711554","48","168433412"
"chr2","12334137","12334453","chr22","22905534","22905845","35","10571397"
"chr2","12505075","12505384","chr20","48552356","48552658","28","36047281"
"chr2","12746380","12746677","chr13","20652916","20653213","32","7906536"
"chr2","12998311","12998612","chr20","48047618","48047921","24","35049307"
"chr2","13072059","13072347","chr20","47963473","47963773","42","34891414"
"chr2","13074413","13074713","chr20","47960618","47960908","34","34886205"
"chr2","13082080","13082374","chr3","39761283","39761582","30","26679203"
"chr2","13128539","13128851","chr7","158256990","158257294","37","145128451"
"chr2","13184695","13184992","chr22","23327372","23327664","32","10142677"
"chr2","13193073","13193369","chr20","47842076","47842372","20","34649003"
"chr2","13261379","13261674","chr11","71331699","71331994","27","58070320"
"chr2","13313076","13313384","chr7","121859881","121860182","37","108546805"
"chr2","13482095","13482399","chr20","47544964","47545258","38","34062869"
"chr2","13572439","13572751","chr7","142200138","142200449","39","128627699"
"chr2","13813503","13813790","chr1","184182852","184183148","36","170369349"
"chr2","13822824","13823124","chr15","71513639","71513936","32","57690815"
"chr2","13868875","13869166","chr2A","62566609","62566903","34","48697734"
"chr2","13898984","13899297","chr1","150712289","150712597","39","136813305"
"chr2","13902214","13902499","chr5","181644831","181645116","33","167742617"
"chr2","14066291","14066448","chr12","14606453","14606608","15","540162"
"chr2","14066478","14066491","chr19","6551651","6551663","10","7514827"
"chr2","14066492","14066748","chr17","75345337","75345595","33","61278845"
"chr2","14066749","14066883","chr16","25301242","25301375","26","11234493"
"chr2","14088501","14088794","chr3","154879254","154879548","35","140790753"
"chr2","14115409","14115717","chr1","210725205","210725508","40","196609796"
"chr2","14207319","14207627","chr10","8232242","8232553","42","5975077"
"chr2","14239814","14240108","chr19","41538514","41538812","35","27298700"
"chr2","14253340","14253652","chr1","202726935","202727245","49","188473595"
"chr2","14262668","14262925","chr8","36757082","36757339","45","22494414"
"chr2","14295422","14295714","chr1","6838980","6839270","35","7456442"
"chr2","14330746","14331057","chr20","46697961","46698260","30","32367215"
"chr2","14348875","14349173","chr3","174386329","174386638","52","160037454"
"chr2","14386047","14386336","chr20","46639608","46639904","30","32253561"
"chr2","14423131","14423444","chr1","190698499","190698810","42","176275368"
"chr2","14636081","14636379","chr15","31345496","31345793","30","16709415"
"chr2","14738785","14739086","chr20","46279701","46279993","27","31540916"
"chr2","14865556","14865608","chr2A","102543413","102543465","5","87677857"
"chr2","14884690","14884976","chr20","46134129","46134425","42","31249439"
"chr2","14926957","14927253","chr20","46086876","46087164","28","31159919"
"chr2","14980934","14981245","chr15","20651083","20651392","36","5670149"
"chr2","15082204","15082504","chr20","45928917","45929218","26","30846713"
"chr2","15146322","15146620","chr15","31345496","31345793","41","16199174"
"chr2","15207359","15207518","chr20","45798377","45798547","20","30591018"
"chr2","15740085","15740370","chr20","45235900","45236190","34","29495815"
"chr2","15748523","15748828","chr1","119429515","119429824","39","103680992"
"chr2","15760435","15760730","chr14","57153950","57154234","43","41393515"
"chr2","16180465","16180759","chr20","44756312","44756622","36","28575847"
"chr2","16236629","16236918","chr7","98551631","98551928","50","82315002"
"chr2","16314694","16315009","chr20","44637130","44637446","22","28322436"
"chr2","16386438","16386653","chr17","75012015","75012233","46","58625577"
"chr2","16431029","16431334","chr3","162587310","162587616","38","146156281"
"chr2","16482179","16482487","chr20","44457993","44458297","34","27975814"
"chr2","16508937","16509249","chr5","177536881","177537192","32","161027944"
"chr2","16510737","16511028","chr2A","56870898","56871192","32","40360161"
"chr2","16517745","16518049","chr20","44408339","44408637","29","27890594"
"chr2","16592497","16592743","chr1","58865133","58865372","42","42272636"
"chr2","16636624","16636761","chr1","96231941","96232081","22","79595317"
"chr2","16768693","16768982","chr7","101262473","101262766","38","84493780"
"chr2","16784342","16784626","chr20","44125813","44126092","29","27341471"
"chr2","17022653","17022958","chr5","177536881","177537192","38","160514228"
"chr2","17285377","17285528","chr19","55372205","55372354","22","38086828"
"chr2","17485423","17485736","chr5","160885697","160885987","45","143400274"
"chr2","17674616","17674898","chr11","6341302","6341588","31","11333314"
"chr2","17674933","17674955","chr5","141102660","141102679","8","123427727"
"chr2","17781834","17782126","chr20","43100279","43100576","35","25318445"
"chr2","17873850","17874129","chr17","4368809","4369068","79","13505041"
"chr2","17911101","17911390","chr20","42973035","42973324","35","25061934"
"chr2","17960188","17960477","chr7","118959547","118959837","42","100999359"
"chr2","18114287","18114588","chr20","42769123","42769424","25","24654836"
"chr2","18226364","18226669","chr7","73347886","73348196","43","55121522"
"chr2","18390747","18391036","chr20","42427461","42427761","36","24036714"
"chr2","18394604","18394896","chrX","84800206","84800498","36","66405602"
"chr2","18522617","18522918","chr20","42295962","42296263","25","23773345"
"chr2","18653396","18653688","chr20","42148012","42148299","24","23494616"
"chr2","18739799","18740103","chr15","91682102","91682412","38","72942303"
"chr2","19235223","19235385","chr6","15973343","15973501","31","3261880"
"chr2","19285162","19285465","chr20","41506806","41507096","33","22221644"
"chr2","19310003","19310303","chr20","41481319","41481627","30","22171316"
"chr2","19336370","19336659","chr16","19455484","19455775","34","119114"
"chr2","19437133","19437434","chr15","31345496","31345793","26","11908363"
"chr2","19437989","19438265","chr10","121044435","121044715","30","101606446"
"chr2","19442594","19442905","chr3","18061671","18061979","39","1380923"
"chr2","19581195","19581506","chr14","91654148","91654458","34","72072953"
"chr2","19633677","19633962","chr20","41149332","41149629","34","21515655"
"chr2","19651549","19651830","chr10","121044435","121044715","26","101392886"
"chr2","20026959","20027248","chrX","84800206","84800498","33","64773247"
"chr2","20051217","20051512","chr17","24062517","24062814","28","4011300"
"chr2","20163131","20163419","chr20","40608507","40608803","25","20445376"
"chr2","20191296","20191593","chr20","40580995","40581289","34","20389699"
"chr2","20191656","20191952","chr1","35122825","35123117","48","14931169"
"chr2","20230488","20230795","chrX","104664528","104664835","30","84434040"
"chr2","20251347","20251680","chr1","199688970","199689283","50","179437623"
"chr2","20330525","20330822","chr20","40440181","40440485","30","20109656"
"chr2","20396806","20397104","chr5","178457745","178458047","30","158060939"
"chr2","20413830","20414141","chr11","67520557","67520868","37","47106727"
"chr2","20417007","20417311","chr18","9264275","9264585","50","11152732"
"chr2","20476752","20477059","chr20","40289543","40289853","34","19812791"
"chr2","20540905","20541227","chr2A","20791816","20792120","47","250911"
"chr2","20624677","20624966","chr20","40137946","40138238","38","19513269"
"chr2","20698805","20698828","chr5","141102660","141102679","9","120403855"
"chr2","20698870","20699151","chr1","34860895","34861172","41","14162025"
"chr2","21504530","21504815","chr20","39244748","39245042","29","17740218"
"chr2","22150608","22150907","chr20","38573329","38573624","29","16422721"
"chr2","22225205","22225492","chr20","38493461","38493748","19","16268256"
"chr2","22305708","22306015","chr5","38542611","38542914","34","16236903"
"chr2","22325020","22325308","chr20","38391819","38392118","33","16066799"
"chr2","22862397","22862647","chr1","36922768","36923020","32","14060371"
"chr2","22866070","22866368","chr20","37847381","37847691","41","14981311"
"chr2","23403998","23404328","chr20","37308516","37308837","49","13904518"
"chr2","23635133","23635419","chr20","37077215","37077506","32","13442082"
"chr2","24068967","24069247","chrX","40564422","40564702","35","16495455"
"chr2","24109691","24109967","chr20","36554586","36554857","29","12444895"
"chr2","24284527","24284832","chr20","36372253","36372559","24","12087726"
"chr2","24407168","24407464","chr20","36224383","36224679","22","11817215"
"chr2","24497825","24497996","chr19","53515259","53515427","25","29017434"
"chr2","24682878","24683187","chr11","70890503","70890809","42","46207625"
"chr2","24792846","24793155","chr20","35837886","35838199","18","11045040"
"chr2","24894425","24894730","chr8","92993385","92993689","42","68098960"
"chr2","24975930","24976222","chr10","76521026","76521307","54","51545096"
"chr2","25087449","25087753","chr20","35543340","35543644","25","10455891"
"chr2","25315959","25316243","chr7","132504366","132504650","32","107188407"
"chr2","25332373","25332672","chr5","128983310","128983610","28","103650937"
"chr2","25384414","25384706","chr20","35250140","35250444","39","9865726"
"chr2","25493321","25493578","chr15","66346268","66346529","27","40852947"
"chr2","25825553","25825863","chr11","75020233","75020537","43","49194680"
"chr2","25893621","25893887","chr20","34727615","34727879","21","8833994"
"chr2","25923601","25923902","chr3","162587310","162587616","39","136663709"
"chr2","26070748","26071059","chr20","34552314","34552630","34","8481566"
"chr2","26094825","26095140","chr8","39477630","39477940","64","13382805"
"chr2","26097304","26097605","chr7","75763712","75764004","44","49666408"
"chr2","26144489","26144765","chr12","954434","954711","38","25190055"
"chr2","26218458","26218758","chr20","34406615","34406908","35","8188157"
"chr2","26559373","26559636","chr20","34060453","34060720","22","7501080"
"chr2","26595589","26595863","chr5","150574393","150574660","44","123978804"
"chr2","26609547","26609848","chr7","142200138","142200449","48","115590591"
"chr2","26972126","26972412","chr20","11087732","11088006","38","15884394"
"chr2","27034120","27034352","chr17","8676628","8676864","50","18357492"
"chr2","27363991","27364272","chr12","32027783","32028071","48","4663792"
"chr2","27812987","27813123","chr20","10234783","10234914","10","17578204"
"chr2","28039651","28039961","chr20","10000469","10000776","37","18039182"
"chr2","28240748","28241027","chr20","9792486","9792758","31","18448262"
"chr2","28267892","28268189","chr2A","70331868","70332164","48","42063976"
"chr2","28465915","28466220","chr1","129948769","129949071","41","101482854"
"chr2","28705803","28706105","chr17","66382077","66382374","33","37676274"
"chr2","28814748","28815055","chr20","9222408","9222718","30","19592340"
"chr2","28817763","28817957","chr10","80119298","80119484","31","51301535"
"chr2","29709955","29710263","chr8","68297165","68297476","36","38587210"
"chr2","30307646","30307927","chr10","101905134","101905417","45","71597488"
"chr2","30308117","30308143","chr5","141102660","141102679","10","110794543"
"chr2","30489992","30490172","chr6","43718080","43718255","27","13228088"
"chr2","31652503","31652816","chr15","71404143","71404448","53","39751640"
"chr2","31974306","31974608","chr9","115621302","115621602","32","83646996"
"chr2","32195621","32195917","chr20","5798689","5798989","32","26396932"
"chr2","32415653","32415964","chr12","82958022","82958333","38","50542369"
"chr2","32467513","32467801","chr1","62793748","62794036","48","30326235"
"chr2","32795417","32795674","chr3","116825898","116826153","35","84030481"
"chr2","32822352","32822567","chr16","7925599","7925811","33","24896753"
"chr2","32985345","32985643","chr20","4950621","4950926","25","28034724"
"chr2","33010611","33010670","chr1","43962833","43962885","12","10952222"
"chr2","33087937","33088248","chr9","69029600","69029910","42","35941663"
"chr2","33236773","33237067","chr1","159394666","159394959","34","126157893"
"chr2","33343647","33343958","chr20","4599604","4599884","58","28744043"
"chr2","33446927","33447234","chr20","4481138","4481447","32","28965789"
"chr2","33514757","33515059","chr20","2687125","2687429","25","30827632"
"chr2","33556426","33556733","chr4","3129042","3129343","46","30427384"
"chr2","33676460","33676752","chr22","28175353","28175647","33","5501107"
"chr2","33677602","33677878","chr1","54251373","54251655","45","20573771"
"chr2","33755563","33755726","chr22","19580589","19580748","30","14174974"
"chr2","33888487","33888788","chr7","121859881","121860182","41","87971394"
"chr2","34014488","34014772","chr15","99048206","99048489","41","65033718"
"chr2","34102167","34102379","chr1","138612983","138613190","29","104510816"
"chr2","34416525","34416824","chr2B","139926165","139926462","32","105509640"
"chr2","34442198","34442212","chr19","6551651","6551663","5","27890547"
"chr2","34442242","34442508","chr16","21736313","21736594","41","12705929"
"chr2","34478369","34478667","chrX","48439202","48439501","37","13960833"
"chr2","34536864","34537152","chr3","184868837","184869132","32","150331973"
"chr2","34673264","34673554","chr9","95686004","95686288","38","61012740"
"chr2","34701783","34702108","chr9","33663504","33663815","42","1038279"
"chr2","34822959","34823282","chr20","3992218","3992542","19","30830741"
"chr2","34823888","34824155","chr20","3994856","3995120","28","30829032"
"chr2","34825781","34826091","chr20","4005664","4005966","26","30820117"
"chr2","34858132","34858429","chr20","4078075","4078376","29","30780057"
"chr2","34978337","34978646","chr20","4204593","4204903","25","30773744"
"chr2","35093561","35093867","chr19","17378789","17379095","37","17714772"
"chr2","35264966","35265287","chr20","25749718","25750024","29","9515248"
"chr2","35351970","35352270","chr20","182393","182700","34","35169577"
"chr2","35355426","35355745","chr2A","95170569","95170884","32","59815143"
"chr2","35383401","35383690","chr22","31976176","31976462","40","3407225"
"chr2","35532543","35532636","chr10","70753373","70753465","10","35220830"
"chr2","35768114","35768421","chr20","28078350","28078661","35","7689764"
"chr2","35841014","35841306","chr5","61224402","61224685","55","25383388"
