"chr1","7733109","7733403","chr11","74878801","74879097","39","67145692"
"chr1","16514957","16515254","chr16","43478607","43478902","38","26963650"
"chr1","47710048","47710248","chr14","49138217","49138417","4","1428169"
"chr1","55443277","55443589","chr14","57111125","57111433","10","1667848"
"chr1","68681594","68681879","chr8","22839740","22840027","45","45841854"
"chr1","114425778","114426050","chr18","63788297","63788561","47","50637481"
"chr1","27390","27681","chr14","28251","28532","19","861"
"chr1","37992","38098","chrX","40732284","40732389","19","40694292"
"chr1","40746","40899","chr1","95983","96134","24","55237"
"chr1","51268","51561","chr2","29930007","29930295","41","29878739"
"chr1","51996","52290","chr14","53204","53499","9","1208"
"chr1","54439","54657","chr14","69602169","69602408","48","69547730"
"chr1","56397","56704","chr2","200557095","200557398","41","200500698"
"chr1","75623","75922","chr14","75962","76247","36","339"
"chr1","91523","91831","chr14","90805","91113","12","718"
"chr1","138877","139169","chr11","133167044","133167339","37","133028167"
"chr1","162868","162930","chr18","22863964","22864028","6","22701096"
"chr1","181687","181969","chr4","10991428","10991728","51","10809741"
"chr1","185849","186060","chrX","665575","665786","39","479726"
"chr1","313758","313890","chr3","300199","300334","11","13559"
"chr1","319275","319572","chr2","53002380","53002677","34","52683105"
"chr1","322709","322985","chr2","202622423","202622699","40","202299714"
"chr1","322986","323295","chr14","352376","352682","13","29390"
"chr1","336423","336509","chr16","888441","888523","17","552018"
"chr1","338925","339007","chr7","21546656","21546740","14","21207731"
"chr1","339040","339327","chr6","6359197","6359489","38","6020157"
"chr1","347755","348063","chr2","49749479","49749774","60","49401724"
"chr1","348064","348199","chr3","8002121","8002252","13","7654057"
"chr1","349990","350277","chr5","3568993","3569288","39","3219003"
"chr1","380133","380265","chr14","405296","405428","7","25163"
"chr1","396735","396894","chr14","422953","423122","16","26218"
"chr1","397195","397217","chr3","137297794","137297811","7","136900599"
"chr1","399743","400050","chr14","427794","428101","13","28051"
"chr1","402836","403135","chr14","431620","431917","13","28784"
"chr1","405530","405829","chr14","431620","431917","10","26090"
"chr1","407488","407561","chr6","155162089","155162163","11","154754601"
"chr1","453493","453809","chr14","480678","480966","33","27185"
"chr1","457261","457394","chr1","61836384","61836519","30","61379123"
"chr1","457695","457877","chr13","97316852","97317027","29","96859157"
"chr1","464184","464423","chr1","40603543","40603784","36","40139359"
"chr1","464513","464692","chr1","10259300","10259481","41","9794787"
"chr1","468039","468143","chr7","151920363","151920470","16","151452324"
"chr1","473178","473326","chr16","4232082","4232225","24","3758904"
"chr1","473384","473532","chr16","4232082","4232225","23","3758698"
"chr1","481786","482077","chr4","32950244","32950538","36","32468458"
"chr1","489935","490052","chr3","178280190","178280308","18","177790255"
"chr1","490054","490165","chr1","8709477","8709588","18","8219423"
"chr1","528808","528894","chr5","162691301","162691380","15","162162493"
"chr1","528893","528983","chrX","40732284","40732389","24","40203391"
"chr1","549400","549704","chr6","39737167","39737470","43","39187767"
"chr1","562296","562602","chr10","29617192","29617497","48","29054896"
"chr1","575042","575178","chr14","617601","617736","3","42559"
"chr1","575675","575962","chr8","140393884","140394169","46","139818209"
"chr1","580455","580589","chr3","12851793","12851928","14","12271338"
"chr1","621917","622230","chr14","664386","664695","12","42469"
"chr1","681698","681992","chr6","166686121","166686419","40","166004423"
"chr1","707808","708105","chr14","753228","753529","9","45420"
"chr1","745354","745650","chr8","92346531","92346819","41","91601177"
"chr1","751125","751415","chr4","103580552","103580844","42","102829427"
"chr1","753970","754284","chr1","52328923","52329234","51","51574953"
"chr1","1031589","1031889","chr14","1050711","1051009","10","19122"
"chr1","1091471","1091784","chr3","130728831","130729144","37","129637360"
"chr1","1183302","1183448","chr2","108094465","108094593","33","106911163"
"chr1","1189729","1190026","chr11","74878801","74879097","36","73689072"
"chr1","1293111","1293416","chr14","1323851","1324160","17","30740"
"chr1","1323842","1324141","chr4","116888019","116888318","40","115564177"
"chr1","1341041","1341140","chr6","32163183","32163273","22","30822142"
"chr1","1349493","1349703","chr1","122592487","122592695","38","121242994"
"chr1","1349704","1349762","chr16","74115735","74115793","7","72766031"
"chr1","1349763","1350048","chr1","221419237","221419522","44","220069474"
"chr1","1351643","1351711","chr10","482614","482679","7","869029"
"chr1","1400006","1400184","chr13","97316852","97317027","21","95916846"
"chr1","1401010","1401309","chr11","10516060","10516352","35","9115050"
"chr1","1418904","1419101","chr19","18182824","18183019","39","16763920"
"chr1","1419134","1419243","chr18","69941624","69941735","15","68522490"
"chr1","1452404","1452454","chr7","48580603","48580641","19","47128199"
"chr1","1456206","1456451","chr14","1474235","1474480","6","18029"
"chr1","1488060","1488345","chr1","153472046","153472335","50","151983986"
"chr1","1523963","1524197","chr10","77319293","77319525","35","75795330"
"chr1","1524208","1524260","chr17","1410111","1410165","4","114097"
"chr1","1524273","1524415","chr11","54810040","54810181","25","53285767"
"chr1","1582897","1583009","chr18","53163308","53163421","13","51580411"
"chr1","1621125","1621257","chr10","88726329","88726464","24","87105204"
"chr1","1747880","1748196","chr9","41028320","41028628","42","39280440"
"chr1","1759668","1759964","chr14","1777173","1777471","22","17505"
"chr1","1916326","1916610","chr14","1934045","1934329","14","17719"
"chr1","2127992","2128278","chr8","124457623","124457908","40","122329631"
"chr1","2128316","2128326","chr1","12115463","12115475","4","9987147"
"chr1","2212606","2212889","chr1","25270118","25270393","53","23057512"
"chr1","2272762","2273005","chr19","37831527","37831746","84","35558765"
"chr1","2374559","2374864","chr7","135597712","135598014","45","133223153"
"chr1","2685168","2685492","chr2","54548353","54548666","51","51863185"
"chr1","2796296","2796429","chr14","115196","115327","11","2681100"
"chr1","2867774","2868054","chrX","144242568","144242853","30","141374794"
"chr1","2897967","2898121","chr14","2913175","2913329","7","15208"
"chr1","2914563","2914638","chr11","5783369","5783440","18","2868806"
"chr1","2938280","2938586","chr4","87104955","87105257","40","84166675"
"chr1","2940754","2941047","chr13","25205500","25205803","42","22264746"
"chr1","3185682","3185827","chr14","3221977","3222126","12","36295"
"chr1","3195804","3195934","chr14","3231949","3232079","2","36145"
"chr1","3237615","3237747","chr14","3274033","3274165","11","36418"
"chr1","3344350","3344467","chr16","3094658","3094772","15","249692"
"chr1","3370688","3371011","chr11","23877168","23877477","50","20506480"
"chr1","3373675","3373815","chr3","10505206","10505358","41","7131531"
"chr1","3393594","3393890","chr3","75657452","75657750","46","72263858"
"chr1","3451810","3452125","chr14","3477851","3478165","11","26041"
"chr1","3475623","3475673","chr7","72989996","72990057","15","69514373"
"chr1","3558617","3558916","chr5","6941442","6941744","31","3382825"
"chr1","3566289","3566566","chr1","183489561","183489842","39","179923272"
"chr1","3593848","3594146","chr1","92366913","92367207","34","88773065"
"chr1","3595645","3595954","chr7","139271553","139271862","43","135675908"
"chr1","3605814","3606119","chr9","55550334","55550622","47","51944520"
"chr1","3629849","3630094","chr20","50585507","50585749","32","46955658"
"chr1","3652495","3652811","chr14","3712943","3713244","35","60448"
"chr1","3655671","3655841","chr11","98594389","98594561","25","94938718"
"chr1","3664968","3665093","chr15","50363942","50364066","26","46698974"
"chr1","3665172","3665228","chr7","84156819","84156876","11","80491647"
"chr1","3674645","3674956","chr7","157654660","157654971","37","153980015"
"chr1","3747117","3747194","chrX","53819136","53819211","12","50072019"
"chr1","3747207","3747343","chr6","138183633","138183768","16","134436426"
"chr1","3769888","3770174","chr8","41790956","41791247","44","38021068"
"chr1","3777801","3777873","chr14","3832894","3832967","2","55093"
"chr1","3893543","3893842","chr14","3945630","3945938","20","52087"
"chr1","3930514","3930808","chr14","3981487","3981776","14","50973"
"chr1","3999811","4000000","chr7","17489262","17489450","26","13489451"
"chr1","4055671","4055758","chr1","130067026","130067112","15","126011355"
"chr1","4124682","4124975","chr14","4184306","4184620","29","59624"
"chr1","4130107","4130390","chr14","4180146","4180427","11","50039"
"chr1","4147789","4148096","chr14","4200629","4200924","22","52840"
"chr1","4156149","4156445","chr11","10516060","10516352","38","6359911"
"chr1","4181697","4181990","chr19","17601367","17601654","30","13419670"
"chr1","4182290","4182570","chr14","4235232","4235534","39","52942"
"chr1","4192647","4192783","chr14","4245566","4245702","4","52919"
"chr1","4192787","4193089","chr14","4245706","4246007","23","52919"
"chr1","4231356","4231435","chrX","53819136","53819211","11","49587780"
"chr1","4309859","4310154","chr10","65759354","65759649","47","61449495"
"chr1","4314361","4314496","chr14","4367446","4367581","5","53085"
"chr1","4326284","4326592","chr5","780445","780757","38","3545839"
"chr1","4343814","4344049","chr2","200952186","200952421","45","196608372"
"chr1","4376531","4376843","chr14","352376","352682","42","4024155"
"chr1","4396199","4396505","chr14","4450675","4450976","14","54476"
"chr1","4414156","4414457","chr6","39737167","39737470","32","35323011"
"chr1","4424860","4425131","chrX","91814529","91814802","35","87389669"
"chr1","4426127","4426298","chr1","153934153","153934310","37","149508026"
"chr1","4426299","4426591","chr14","4478839","4479130","11","52540"
"chr1","4426592","4426741","chr3","13258523","13258667","38","8831931"
"chr1","4441099","4441272","chr14","4492435","4492595","20","51336"
"chr1","4465116","4465397","chr8","43465097","43465370","40","38999981"
"chr1","4568742","4568896","chr9","49926146","49926302","29","45357404"
"chr1","4592721","4592969","chr1","13806457","13806703","37","9213736"
"chr1","4600801","4601095","chr14","4654665","4654965","15","53864"
"chr1","4612602","4612703","chr2","108681244","108681339","21","104068642"
"chr1","4612704","4612919","chr10","26815632","26815844","32","22202928"
"chr1","4688528","4688826","chrX","50576766","50577063","39","45888238"
"chr1","4731406","4731718","chr14","4789833","4790146","12","58427"
"chr1","4753770","4754078","chr1","135875064","135875371","42","131121294"
"chr1","4766306","4766614","chr10","29617192","29617497","37","24850886"
"chr1","4770629","4770940","chr14","4829123","4829434","21","58494"
"chr1","4774504","4774804","chr14","4832970","4833271","14","58466"
"chr1","4813598","4813747","chr18","12366911","12367062","24","7553313"
"chr1","4813758","4814078","chr1","161364261","161364586","50","156550503"
"chr1","4814079","4814201","chr19","19481776","19481891","17","14667697"
"chr1","4820074","4820385","chr13","33131218","33131527","42","28311144"
"chr1","4820718","4821003","chr19","10872248","10872544","42","6051530"
"chr1","4835441","4835629","chr9","59384557","59384741","26","54549116"
"chr1","4837615","4837876","chr3","64800303","64800569","42","59962688"
"chr1","4837927","4837943","chr3","9839098","9839114","4","5001171"
"chr1","4874850","4875160","chr7","163349357","163349670","33","158474507"
"chr1","4877189","4877299","chr14","4939639","4939749","6","62450"
"chr1","4880768","4881084","chr10","29617192","29617497","45","24736424"
"chr1","4881854","4882165","chr7","157654660","157654971","40","152772806"
"chr1","4891800","4892100","chr3","178662983","178663277","43","173771183"
"chr1","4984305","4984460","chrX","113259087","113259241","23","108274782"
"chr1","4994369","4994665","chr1","61379055","61379355","43","56384686"
"chr1","4996703","4996995","chr6","166686121","166686419","51","161689418"
"chr1","5121654","5121736","chr3","43719125","43719208","19","38597471"
"chr1","5122008","5122220","chr16","15522473","15522673","71","10400465"
"chr1","5123450","5123759","chr2","54114833","54115140","43","48991383"
"chr1","5294663","5294831","chr7","153608579","153608747","24","148313916"
"chr1","5531314","5531547","chr14","5571460","5571694","11","40146"
"chr1","5532298","5532597","chr17","79850413","79850709","40","74318115"
"chr1","5588842","5589155","chr14","5629346","5629652","9","40504"
"chr1","5610684","5610981","chr9","113406449","113406738","44","107795765"
"chr1","5642565","5642865","chr8","53739604","53739906","43","48097039"
"chr1","5645044","5645346","chr13","25798258","25798557","35","20153214"
"chr1","5669913","5670218","chr14","5708163","5708472","20","38250"
"chr1","5676660","5676970","chr14","8749915","8750226","43","3073255"
"chr1","5690316","5690618","chr3","54637251","54637560","36","48946935"
"chr1","5697683","5697980","chr5","137741692","137741990","40","132044009"
"chr1","5699740","5700052","chr9","41028320","41028628","42","35328580"
"chr1","5711426","5711715","chr14","5756545","5756834","10","45119"
"chr1","5734484","5734781","chr11","10516060","10516352","39","4781576"
"chr1","5738480","5738800","chr1","32500112","32500424","70","26761632"
"chr1","5749886","5750020","chr15","4250970","4251104","16","1498916"
"chr1","5753716","5753813","chr3","36682660","36682754","12","30928944"
"chr1","5772611","5772701","chr10","1500001","1500093","14","4272610"
"chr1","5782818","5783117","chr4","118161804","118162102","41","112378986"
"chr1","5785612","5785901","chr10","78957964","78958251","42","73172352"
"chr1","5811410","5811708","chr14","5863415","5863714","12","52005"
"chr1","5911970","5912267","chr14","5997015","5997308","17","85045"
"chr1","5939167","5939470","chr14","6024991","6025284","13","85824"
"chr1","5999473","5999686","chr14","6086353","6086566","2","86880"
"chr1","6028418","6028661","chr1","30341666","30341906","50","24313248"
"chr1","6030010","6030319","chr2","22176166","22176475","41","16146156"
"chr1","6051514","6051800","chr4","127721269","127721556","44","121669755"
"chr1","6052606","6052861","chr14","6142237","6142492","5","89631"
"chr1","6074600","6074891","chr4","18525376","18525667","40","12450776"
"chr1","6075301","6075589","chr2","159132062","159132355","49","153056761"
"chr1","6075958","6076260","chr14","6166144","6166445","11","90186"
"chr1","6112038","6112350","chr11","1518482","1518791","40","4593556"
"chr1","6112772","6113071","chr2","169625969","169626271","42","163513197"
"chr1","6124822","6125104","chr14","6216153","6216446","26","91331"
"chr1","6130693","6130981","chr15","79681435","79681735","51","73550742"
"chr1","6157681","6157974","chr14","6250389","6250681","16","92708"
"chr1","6188620","6188931","chr14","6283888","6284192","15","95268"
"chr1","6201089","6201378","chr1","211417090","211417382","38","205216001"
"chr1","6230421","6230723","chr5","8868729","8869028","41","2638308"
"chr1","6237878","6238204","chr1","59916283","59916595","64","53678405"
"chr1","6239232","6239462","chr6","65376965","65377192","33","59137733"
"chr1","6252280","6252575","chr16","45210778","45211077","34","38958498"
"chr1","6254028","6254173","chr14","6351621","6351766","7","97593"
"chr1","6254467","6254658","chr14","6352065","6352247","18","97598"
"chr1","6265362","6265665","chr2","109129520","109129825","63","102864158"
"chr1","6276502","6276797","chr19","38053816","38054118","44","31777314"
"chr1","6300672","6300983","chr14","67904296","67904611","44","61603624"
"chr1","6383047","6383335","chr14","6491990","6492279","4","108943"
"chr1","6401037","6401328","chr4","18525376","18525667","36","12124339"
"chr1","6405595","6405891","chr14","6509100","6509399","22","103505"
"chr1","6407021","6407093","chr11","5783369","5783440","9","623652"
"chr1","6407812","6408094","chr6","77805501","77805783","39","71397689"
"chr1","6412877","6413183","chr14","6516400","6516691","18","103523"
"chr1","6419720","6420032","chr10","88330401","88330712","40","81910681"
"chr1","6420882","6421188","chr11","28744070","28744379","43","22323188"
"chr1","6421690","6421999","chr12","84681116","84681423","37","78259426"
"chr1","6436335","6436635","chr15","81895891","81896196","46","75459556"
"chr1","6448253","6448548","chr7","36332943","36333239","39","29884690"
"chr1","6456523","6456818","chr18","34042616","34042906","54","27586093"
"chr1","6476025","6476323","chrX","147666730","147667027","35","141190705"
"chr1","6501248","6501484","chr14","6607869","6608105","4","106621"
"chr1","6551872","6552066","chr15","79726376","79726569","23","73174504"
"chr1","6552224","6552538","chr12","116819439","116819752","47","110267215"
"chr1","6552949","6553239","chr14","6664179","6664469","6","111230"
"chr1","6597338","6597629","chr4","18525376","18525667","33","11928038"
"chr1","6660551","6660840","chr9","57275871","57276167","39","50615320"
"chr1","6670974","6671267","chr1","166064094","166064390","40","159393120"
"chr1","6676056","6676253","chr14","6788032","6788231","5","111976"
"chr1","6700056","6700355","chr1","25343836","25344135","33","18643780"
"chr1","6722878","6723165","chr20","73720457","73720740","44","66997579"
"chr1","6780130","6780142","chr1","12115463","12115475","8","5335333"
"chr1","6780408","6780628","chr1","126748824","126749046","40","119968416"
"chr1","6788301","6788606","chr14","6903232","6903542","12","114931"
"chr1","6838231","6838536","chr14","6957473","6957780","8","119242"
"chr1","6916478","6916795","chr2","157421590","157421899","50","150505112"
"chr1","6921930","6922213","chrX","128880664","128880948","41","121958734"
"chr1","7030020","7030183","chr3","170128116","170128280","29","163098096"
"chr1","7036514","7036810","chr20","742253","742546","37","6294261"
"chr1","7037747","7037966","chr7","78340129","78340349","50","71302382"
"chr1","7049140","7049497","chr13","9104448","9104784","72","2055308"
"chr1","7095262","7095559","chr4","32642038","32642334","49","25546776"
"chr1","7099389","7099692","chr4","44046776","44047080","42","36947387"
"chr1","7110477","7110791","chr20","50376728","50377032","50","43266251"
"chr1","7115579","7115888","chr13","75152117","75152428","48","68036538"
"chr1","7117015","7117306","chr11","45374861","45375156","43","38257846"
"chr1","7118674","7118959","chr14","7252649","7252956","29","133975"
"chr1","7120636","7120954","chr9","9319788","9320092","54","2199152"
"chr1","7125287","7125577","chr3","117800614","117800917","63","110675327"
"chr1","7131985","7132084","chr1","37238746","37238837","22","30106761"
"chr1","7138528","7138840","chr8","132581019","132581331","44","125442491"
"chr1","7140215","7140514","chr1","110195170","110195467","38","103054955"
"chr1","7143415","7143726","chr4","38607014","38607320","48","31463599"
"chr1","7147441","7147732","chr9","119075689","119075982","43","111928248"
"chr1","7155559","7155731","chr14","7292907","7293083","15","137348"
"chr1","7164277","7164602","chr14","7302007","7302288","48","137730"
"chr1","7165986","7166303","chr11","133475433","133475744","42","126309447"
"chr1","7173742","7174033","chr14","7313582","7313889","23","139840"
"chr1","7183270","7183562","chr2","137336693","137336985","49","130153423"
"chr1","7188169","7188462","chr14","7327442","7327751","29","139273"
"chr1","7189651","7189963","chr6","132315465","132315776","38","125125814"
"chr1","7198825","7199047","chr1","117019008","117019223","31","109820183"
"chr1","7236060","7236147","chr6","149454968","149455051","16","142218908"
"chr1","7238271","7238553","chr14","7381570","7381852","7","143299"
"chr1","7245039","7245114","chr3","50482577","50482653","17","43237538"
"chr1","7260811","7261113","chr7","155736932","155737240","51","148476121"
"chr1","7307937","7308271","chr5","153272771","153273078","76","145964834"
"chr1","7312511","7312798","chr8","92346531","92346819","32","85034020"
"chr1","7337631","7337805","chr13","97316852","97317027","18","89979221"
"chr1","7338107","7338242","chr7","96104656","96104790","15","88766549"
"chr1","7350024","7350318","chr2","203310670","203310965","42","195960646"
"chr1","7352871","7353177","chr5","109389898","109390198","40","102037027"
"chr1","7440657","7440964","chr9","41028320","41028628","40","33587663"
"chr1","7441868","7442175","chr19","15282895","15283197","46","7841027"
"chr1","7443916","7444117","chr19","28161787","28161989","42","20717871"
"chr1","7449891","7450204","chr1","360065","360372","44","7089826"
"chr1","7455410","7455616","chr16","75556706","75556906","31","68101296"
"chr1","7463591","7463680","chr18","15176255","15176344","20","7712664"
"chr1","7475259","7475559","chr14","7620301","7620602","24","145042"
"chr1","7496423","7496725","chr1","7401659","7401964","37","94764"
"chr1","7503809","7504017","chrX","82715064","82715273","27","75211255"
"chr1","7507070","7507366","chr19","10872248","10872544","31","3365178"
"chr1","7509556","7509689","chr14","11611721","11611855","15","4102165"
"chr1","7509997","7510107","chr1","177695356","177695463","21","170185359"
"chr1","7527075","7527190","chr1","26500638","26500747","24","18973563"
"chr1","7527188","7527273","chr1","140447130","140447217","14","132919942"
"chr1","7527286","7527567","chr5","154156823","154157113","40","146629537"
"chr1","7531714","7532018","chr14","7678837","7679134","12","147123"
"chr1","7533555","7533851","chr14","7681006","7681304","6","147451"
"chr1","7549547","7549830","chr11","47158355","47158645","40","39608808"
"chr1","7583719","7584046","chr4","4252867","4253196","68","3330852"
"chr1","7590763","7591065","chr14","7738706","7739008","7","147943"
"chr1","7608088","7608376","chr5","41773732","41774035","41","34165644"
"chr1","7618585","7618898","chr1","110824069","110824367","56","103205484"
"chr1","7639348","7639621","chr2","202622423","202622699","33","194983075"
"chr1","7643021","7643297","chr2","202622423","202622699","40","194979402"
"chr1","7645565","7645859","chr1","63236155","63236451","41","55590590"
"chr1","7655284","7655609","chr16","76763230","76763541","63","69107946"
"chr1","7659915","7660225","chr3","165511388","165511692","47","157851473"
"chr1","7660463","7660759","chr14","7805125","7805421","5","144662"
"chr1","7673413","7673712","chr6","64317330","64317632","42","56643917"
"chr1","7689662","7689972","chr1","111021","111334","37","7578641"
"chr1","7699077","7699372","chr7","40068470","40068774","41","32369393"
"chr1","7701794","7701970","chr13","97316852","97317027","24","89615058"
"chr1","7702262","7702333","chr13","32491815","32491889","18","24789553"
"chr1","7702642","7702775","chr15","4250970","4251104","15","3451672"
"chr1","7737006","7737190","chr19","43152236","43152425","27","35415230"
"chr1","7742607","7742906","chr4","116888019","116888318","39","109145412"
"chr1","7759031","7759332","chrX","124158161","124158455","43","116399130"
"chr1","7768541","7768844","chr1","128244927","128245230","35","120476386"
"chr1","7771731","7771861","chr14","7925483","7925614","3","153752"
"chr1","7774402","7774713","chr17","5712099","5712403","37","2062303"
"chr1","7816101","7816239","chrUn_NW_014806375v1","611","730","38","7815490"
"chr1","7840443","7840553","chr14","7988143","7988253","3","147700"
"chr1","7875791","7876072","chr15","47798385","47798667","42","39922594"
"chr1","7901512","7901789","chr8","92346531","92346819","42","84445019"
"chr1","7924080","7924380","chr1","87448547","87448862","49","79524467"
"chr1","7964721","7965034","chr16","11477200","11477506","43","3512479"
"chr1","7995491","7995793","chr14","753228","753529","30","7242263"
"chr1","8016083","8016195","chr11","47449845","47449958","11","39433762"
"chr1","8022854","8022939","chr10","1500001","1500093","19","6522853"
"chr1","8069788","8070084","chr6","1646886","1647184","42","6422902"
"chr1","8088053","8088356","chr14","8247592","8247889","14","159539"
"chr1","8119781","8119838","chr16","47339444","47339500","14","39219663"
"chr1","8121552","8121838","chr15","44115398","44115687","38","35993846"
"chr1","8143374","8143597","chrX","17105835","17106054","39","8962461"
"chr1","8161354","8161688","chr1","86850828","86851155","68","78689474"
"chr1","8174857","8175157","chr4","116888019","116888318","34","108713162"
"chr1","8219180","8219262","chr11","5783369","5783440","16","2435811"
"chr1","8221056","8221182","chr2","89035554","89035683","15","80814498"
"chr1","8225138","8225214","chr19","42485868","42485942","15","34260730"
"chr1","8225226","8225475","chr15","88547796","88548046","36","80322570"
"chr1","8227912","8228191","chr6","153101280","153101560","35","144873368"
"chr1","8228223","8228533","chr4","6726025","6726335","40","1502198"
"chr1","8234858","8235009","chr14","8404851","8405002","4","169993"
"chr1","8243372","8243563","chr1","5512571","5512753","32","2730801"
"chr1","8243574","8243783","chr4","116430588","116430800","29","108187014"
"chr1","8265790","8266100","chr9","41028320","41028628","42","32762530"
"chr1","8266101","8266235","chr14","8437060","8437194","3","170959"
"chr1","8268735","8269022","chr19","19097207","19097501","46","10828472"
"chr1","8271734","8271974","chr14","8442169","8442409","3","170435"
"chr1","8305522","8305834","chr9","53346767","53347080","43","45041245"
"chr1","8311453","8311775","chr3","127699157","127699471","48","119387704"
"chr1","8328771","8329078","chr8","42006299","42006607","40","33677528"
"chr1","8343716","8343822","chr3","64719023","64719132","14","56375307"
"chr1","8377548","8377834","chr7","147596611","147596908","40","139219063"
"chr1","8379364","8379666","chr4","85833400","85833701","36","77454036"
"chr1","8382567","8382871","chr1","10059296","10059597","45","1676729"
"chr1","8402824","8403123","chr19","13694753","13695051","33","5291929"
"chr1","8403717","8404016","chr6","135977377","135977673","38","127573660"
"chr1","8413717","8414050","chrX","44791376","44791714","51","36377659"
"chr1","8415255","8415414","chr3","61623126","61623281","28","53207871"
"chr1","8419479","8419571","chr10","91911723","91911814","15","83492244"
"chr1","8419883","8419936","chr5","58605105","58605166","17","50185222"
"chr1","8449904","8450198","chr14","8630713","8631009","13","180809"
"chr1","8464605","8464894","chr19","7814777","7815090","34","649828"
"chr1","8495921","8495986","chr10","482614","482679","6","8013307"
"chr1","8511185","8511474","chr17","16306459","16306757","37","7795274"
"chr1","8512326","8512488","chr11","3059206","3059361","48","5453120"
"chr1","8533045","8533083","chr14","8698150","8698188","1","165105"
"chr1","8552740","8553044","chr16","66952448","66952751","36","58399708"
"chr1","8553324","8553459","chr16","17736101","17736229","43","9182777"
"chr1","8565258","8565398","chr3","2515233","2515368","19","6050025"
"chr1","8573282","8573585","chr1","5241474","5241775","33","3331808"
"chr1","8590278","8590583","chr14","8749915","8750226","17","159637"
"chr1","8590992","8591284","chr7","136178277","136178567","41","127587285"
"chr1","8643645","8643953","chr2","1011747","1012059","47","7631898"
"chr1","8673798","8673917","chr17","92788486","92788607","18","84114688"
"chr1","8683043","8683343","chr9","92412810","92413107","38","83729767"
"chr1","8723228","8723328","chr8","38831694","38831794","19","30108466"
"chr1","8748465","8748761","chr14","8921673","8921971","7","173208"
"chr1","8771997","8772296","chr1","819465","819763","40","7952532"
"chr1","8774650","8774937","chr8","92346531","92346819","40","83571881"
"chr1","8827900","8828047","chr15","18215357","18215507","20","9387457"
"chr1","8841047","8841137","chr16","23107600","23107692","12","14266553"
"chr1","8841138","8841272","chr19","19228119","19228252","16","10386981"
"chr1","8841273","8841581","chr6","114508766","114509074","44","105667493"
"chr1","8841582","8841756","chr9","98467451","98467629","29","89625869"
"chr1","8841757","8841767","chr1","23520689","23520701","6","14678932"
"chr1","8866264","8866403","chr14","9048859","9048998","3","182595"
"chr1","8870144","8870473","chr14","9053023","9053348","17","182879"
"chr1","8874861","8875161","chr20","59318037","59318336","40","50443176"
"chr1","8876240","8876553","chr14","4829123","4829434","38","4047117"
"chr1","8880824","8880918","chr10","28082203","28082299","14","19201379"
"chr1","8882003","8882127","chr14","9067699","9067823","1","185696"
"chr1","8892152","8892452","chrX","8974520","8974818","46","82368"
"chr1","8905929","8906231","chr14","9100502","9100809","14","194573"
"chr1","8909195","8909493","chr14","9104302","9104602","42","195107"
"chr1","8937448","8937531","chr16","5000905","5000990","13","3936543"
"chr1","8937532","8937799","chr1","45110665","45110931","53","36173133"
"chr1","8938104","8938360","chr14","9133316","9133571","7","195212"
"chr1","8947761","8948047","chr14","19071766","19072056","45","10124005"
"chr1","8948048","8948354","chr2","54114833","54115140","38","45166785"
"chr1","8965332","8965633","chr14","9162023","9162325","12","196691"
"chr1","8970222","8970496","chr2","202622423","202622699","40","193652201"
"chr1","8973748","8974056","chr4","35839048","35839354","36","26865300"
"chr1","8977873","8977927","chr1","22204741","22204801","17","13226868"
"chr1","9006681","9006873","chr18","465080","465282","36","8541601"
"chr1","9012510","9012808","chr14","9212199","9212505","16","199689"
"chr1","9079484","9079767","chr20","34011233","34011516","39","24931749"
"chr1","9125399","9125648","chr14","9332867","9333115","4","207468"
"chr1","9134087","9134268","chr14","57135298","57135469","30","48001211"
"chr1","9137698","9137987","chrX","50576766","50577063","44","41439068"
"chr1","9161019","9161310","chr14","9369268","9369559","8","208249"
"chr1","9162038","9162293","chr14","9370269","9370524","4","208231"
"chr1","9182197","9182311","chr5","4846202","4846316","15","4335995"
"chr1","9194880","9195159","chr14","68525589","68525864","39","59330709"
"chr1","9217294","9217528","chr14","9427255","9427495","17","209961"
"chr1","9218702","9219011","chr14","9428665","9428974","6","209963"
"chr1","9224504","9224813","chr5","93197990","93198298","40","83973486"
"chr1","9228822","9229014","chr14","9439631","9439823","1","210809"
"chr1","9260044","9260222","chr13","97316852","97317027","26","88056808"
"chr1","9260533","9260671","chr14","9482173","9482306","6","221640"
"chr1","9262575","9262706","chr3","55264389","55264523","16","46001814"
"chr1","9263918","9263997","chr4","71392167","71392233","25","62128249"
"chr1","9265896","9266208","chr3","178948248","178948560","52","169682352"
"chr1","9276392","9276702","chr3","174233260","174233571","46","164956868"
"chr1","9320903","9321213","chr3","39810959","39811272","38","30490056"
"chr1","9325220","9325529","chr9","129633624","129633936","34","120308404"
"chr1","9336585","9336779","chr6","118614783","118614982","34","109278198"
"chr1","9348844","9348961","chr10","92376501","92376627","24","83027657"
"chr1","9367451","9367755","chr1","25343836","25344135","41","15976385"
"chr1","9374693","9375001","chr14","9598784","9599085","18","224091"
"chr1","9377459","9377608","chr16","39875174","39875318","18","30497715"
"chr1","9415350","9415480","chr16","23442242","23442374","15","14026892"
"chr1","9417939","9418048","chrX","44713717","44713825","15","35295778"
"chr1","9423210","9423388","chr3","179008791","179008964","29","169585581"
"chr1","9453762","9453850","chr2","107138023","107138115","16","97684261"
"chr1","9473933","9474226","chr17","9978126","9978424","33","504193"
"chr1","9479785","9480073","chr11","10516060","10516352","42","1036275"
"chr1","9489476","9489785","chr14","9717684","9717995","9","228208"
"chr1","9502884","9503194","chr14","9735458","9735771","10","232574"
"chr1","9561611","9561939","chr14","9799687","9800018","11","238076"
"chr1","9571863","9572203","chr7","116198207","116198535","68","106626344"
"chr1","9573010","9573328","chr14","9811153","9811471","3","238143"
"chr1","9645277","9645348","chr16","68740308","68740382","24","59095031"
"chr1","9648790","9649084","chr4","116888019","116888318","41","107239229"
"chr1","9813643","9813806","chr3","34905736","34905898","23","25092093"
"chr1","9829255","9829554","chr17","28761525","28761823","39","18932270"
"chr1","9896391","9896452","chr2","199647125","199647183","8","189750734"
"chr1","9924539","9924837","chr14","10216485","10216774","20","291946"
"chr1","9972973","9973181","chr14","10266540","10266748","9","293567"
"chr1","9999479","9999645","chr9","37466862","37467023","23","27467383"
"chr1","9999677","9999787","chr1","137731520","137731629","16","127731843"
"chr1","10022874","10023187","chr3","124729259","124729563","47","114706385"
"chr1","10023354","10023665","chr1","991950","992256","40","9031404"
"chr1","10056467","10056561","chr3","62677412","62677502","12","52620945"
"chr1","10075069","10075248","chr14","10369470","10369628","22","294401"
"chr1","10082064","10082374","chr11","117151786","117152096","31","107069722"
"chr1","10084887","10085068","chr19","30740975","30741154","25","20656088"
"chr1","10087275","10087574","chr14","8247592","8247889","37","1839683"
"chr1","10145265","10145400","chr8","93542610","93542745","13","83397345"
"chr1","10156724","10157039","chr19","51789381","51789681","58","41632657"
"chr1","10164271","10164569","chr19","10872248","10872544","40","707977"
"chr1","10190057","10190333","chr3","100426234","100426514","42","90236177"
"chr1","10194189","10194438","chr2","72603692","72603947","53","62409503"
"chr1","10196925","10197222","chr15","41562776","41563067","39","31365851"
"chr1","10228584","10228719","chr3","42911098","42911234","10","32682514"
"chr1","10249644","10249796","chr14","10542357","10542509","4","292713"
"chr1","10256063","10256361","chr15","84029141","84029444","38","73773078"
"chr1","10256672","10256773","chr17","455864","455963","19","9800808"
"chr1","10265379","10265457","chr1","38323452","38323522","18","28058073"
"chr1","10272081","10272137","chr14","10566879","10566935","0","294798"
"chr1","10286824","10286907","chr11","5783369","5783440","17","4503455"
"chr1","10292843","10293200","chr10","14391241","14391580","83","4098398"
"chr1","10294585","10294870","chrX","123968286","123968576","44","113673701"
"chr1","10298456","10298767","chr3","47996988","47997293","42","37698532"
"chr1","10304958","10305263","chr14","10601884","10602189","1","296926"
"chr1","10314963","10315104","chr1","64144238","64144379","13","53829275"
"chr1","10315391","10315470","chr1","8003941","8004019","12","2311450"
"chr1","10322092","10322419","chr16","44483690","44484004","38","34161598"
"chr1","10333776","10333910","chr15","4250970","4251104","16","6082806"
"chr1","10355031","10355306","chr14","10675770","10676045","3","320739"
"chr1","10365590","10365834","chr4","43015370","43015601","56","32649780"
"chr1","10384064","10384346","chr14","10704739","10705015","12","320675"
"chr1","10385710","10385726","chr3","46986214","46986228","4","36600504"
"chr1","10385727","10386022","chr3","36139696","36139995","37","25753969"
"chr1","10386023","10386198","chr4","15376246","15376424","29","4990223"
"chr1","10391825","10392098","chr1","31158749","31159016","49","20766924"
"chr1","10396846","10397153","chr7","143734732","143735041","39","133337886"
"chr1","10405021","10405080","chr15","78101083","78101139","6","67696062"
"chr1","10413511","10413766","chr14","10736333","10736584","15","322822"
"chr1","10421082","10421401","chr14","10744449","10744768","14","323367"
"chr1","10425696","10425999","chr4","35839048","35839354","35","25413352"
"chr1","10430632","10430818","chr15","26645405","26645588","59","16214773"
"chr1","10443777","10444084","chr14","10768306","10768598","24","324529"
"chr1","10446272","10446578","chr14","10771088","10771395","10","324816"
"chr1","10451145","10451457","chr7","163349357","163349670","37","152898212"
"chr1","10457151","10457333","chr14","10782258","10782442","10","325107"
"chr1","10462769","10463059","chr14","10796483","10796771","27","333714"
"chr1","10467947","10468245","chr6","138003267","138003568","40","127535320"
"chr1","10471526","10471835","chr14","10807376","10807685","6","335850"
"chr1","10497112","10497423","chr14","10879223","10879533","11","382111"
"chr1","10506498","10506663","chr2","178325767","178325929","36","167819269"
"chr1","10507273","10507437","chr3","170128116","170128280","30","159620843"
"chr1","10525106","10525368","chr2","46755803","46756071","45","36230697"
"chr1","10563440","10563735","chr19","10872248","10872544","38","308808"
"chr1","10565291","10565588","chr10","65759354","65759649","43","55194063"
"chr1","10571014","10571313","chr14","10955236","10955536","14","384222"
"chr1","10573537","10573604","chr14","10958467","10958534","0","384930"
"chr1","10573908","10574131","chr14","10958838","10959061","7","384930"
"chr1","10597402","10597706","chr1","1262430","1262730","58","9334972"
"chr1","10603933","10604218","chr14","10990601","10990888","11","386668"
"chr1","10610204","10610510","chr11","67527697","67527996","53","56917493"
"chr1","10627149","10627268","chr2","116083637","116083757","16","105456488"
"chr1","10635039","10635346","chr1","7401659","7401964","39","3233380"
"chr1","10643742","10644032","chr9","119075689","119075982","39","108431947"
"chr1","10676563","10676704","chr1","51958128","51958269","13","41281565"
"chr1","10734892","10735202","chr16","47688784","47689096","38","36953892"
"chr1","10785665","10785757","chr3","125839463","125839551","18","115053798"
"chr1","10879034","10879318","chr14","11277429","11277714","5","398395"
"chr1","10904252","10904554","chr2","200557095","200557398","38","189652843"
"chr1","10928882","10929017","chr12","110372139","110372274","14","99443257"
"chr1","10941382","10941766","chr14","11343307","11343616","79","401925"
"chr1","10947830","10948116","chr14","11350326","11350612","10","402496"
"chr1","10961406","10961637","chr16","43020457","43020675","38","32059051"
"chr1","10962395","10962712","chr16","10722368","10722681","35","240027"
"chr1","10969290","10969517","chr2","106667753","106667972","53","95698463"
"chr1","11014069","11014111","chr20","11795351","11795394","3","781282"
"chr1","11023309","11023620","chr20","69257451","69257758","42","58234142"
"chr1","11024336","11024648","chr19","34193976","34194287","34","23169640"
"chr1","11028164","11028176","chr3","96545603","96545615","3","85517439"
"chr1","11028813","11028940","chr19","2274277","2274401","22","8754536"
"chr1","11047930","11048249","chr14","11442833","11443140","19","394903"
"chr1","11064148","11064411","chr2","202622423","202622699","51","191558275"
"chr1","11076319","11076626","chr14","11486213","11486523","12","409894"
"chr1","11076637","11076933","chr10","73611382","73611677","40","62534745"
"chr1","11085834","11086132","chr14","11472608","11472902","11","386774"
"chr1","11091017","11091317","chr14","11478101","11478401","6","387084"
"chr1","11099568","11099866","chr7","126646043","126646347","38","115546475"
"chr1","11125374","11125431","chr14","7247591","7247645","10","3877783"
"chr1","11125432","11125726","chr8","72824038","72824332","43","61698606"
"chr1","11136537","11136588","chr15","86588152","86588203","5","75451615"
"chr1","11151461","11151523","chr14","11548158","11548220","2","396697"
"chr1","11153517","11153749","chr19","4171696","4171914","38","6981821"
"chr1","11161803","11161906","chr14","11559778","11559881","4","397975"
"chr1","11161907","11162200","chr14","11559882","11560175","7","397975"
"chr1","11162201","11162295","chr14","11560176","11560270","3","397975"
"chr1","11167972","11168249","chr2","81416446","81416730","56","70248474"
"chr1","11168801","11169112","chr4","28167501","28167808","42","16998700"
"chr1","11176620","11176942","chr6","172976638","172976945","51","161800018"
"chr1","11188926","11189216","chr1","45784463","45784759","36","34595537"
"chr1","11196192","11196493","chr14","11595508","11595806","14","399316"
"chr1","11203785","11203808","chr1","116529361","116529387","3","105325576"
"chr1","11204067","11204177","chr19","3725425","3725534","11","7478642"
"chr1","11222448","11222580","chr14","11611721","11611855","6","389273"
"chr1","11226030","11226333","chr7","42688737","42689037","45","31462707"
"chr1","11227890","11228034","chr10","5724705","5724850","23","5503185"
"chr1","11228329","11228507","chr14","422953","423122","29","10805376"
"chr1","11233174","11233481","chr1","37839928","37840237","40","26606754"
"chr1","11234045","11234375","chr14","11634596","11634889","43","400551"
"chr1","11243022","11243154","chr6","167127632","167127765","13","155884610"
"chr1","11246744","11246787","chr1","125697531","125697578","10","114450787"
"chr1","11281291","11281592","chr1","128244927","128245230","39","116963636"
"chr1","11286771","11287071","chr14","11694320","11694611","15","407549"
"chr1","11313563","11313687","chr15","50363942","50364066","25","39050379"
"chr1","11315780","11315947","chr7","84671483","84671650","25","73355703"
"chr1","11330571","11330862","chr14","11743808","11744102","10","413237"
"chr1","11346190","11346491","chr12","62295482","62295783","39","50949292"
"chr1","11400705","11401001","chr2","96578805","96579101","35","85178100"
"chr1","11407051","11407362","chr15","44498199","44498516","48","33091148"
"chr1","11408126","11408188","chr18","52792606","52792677","19","41384480"
"chr1","11414287","11414587","chr14","11832552","11832865","30","418265"
"chr1","11425270","11425574","chr19","2665112","2665405","48","8760158"
"chr1","11431357","11431410","chr1","24728338","24728392","6","13296981"
"chr1","11432876","11433153","chr3","155979918","155980198","44","144547042"
"chr1","11436964","11437150","chr14","11859384","11859568","4","422420"
"chr1","11437151","11437315","chr14","11859569","11859736","7","422418"
"chr1","11437317","11437487","chr4","164466389","164466559","25","153029072"
"chr1","11459825","11460112","chr3","17958050","17958339","40","6498225"
"chr1","11465799","11466054","chr14","11888820","11889074","5","423021"
"chr1","11469079","11469380","chr14","11892111","11892415","13","423032"
"chr1","11475677","11475973","chrX","129775504","129775813","48","118299827"
"chr1","11478643","11478958","chr7","126646043","126646347","45","115167400"
"chr1","11481135","11481447","chr14","11903655","11903965","16","422520"
"chr1","11484248","11484562","chr1","165289062","165289371","40","153804814"
"chr1","11488321","11488635","chr14","11910787","11911101","19","422466"
"chr1","11512050","11512343","chr10","72475306","72475600","43","60963256"
"chr1","11521350","11521488","chr16","17736101","17736229","27","6214751"
"chr1","11539529","11539803","chr3","12171346","12171616","46","631817"
"chr1","11550185","11550493","chr9","41028320","41028628","42","29478135"
"chr1","11618930","11619203","chr7","68251195","68251467","43","56632265"
"chr1","11630552","11630746","chr14","12060067","12060257","21","429515"
"chr1","11630761","11630926","chr8","63739359","63739525","33","52108598"
"chr1","11630959","11631159","chr14","12060067","12060257","22","429108"
"chr1","11649044","11649309","chr6","153299185","153299450","46","141650141"
"chr1","11691096","11691215","chr19","51174087","51174207","14","39482991"
"chr1","11732234","11732545","chr14","12158077","12158375","19","425843"
"chr1","11743047","11743362","chr19","8067185","8067494","42","3675862"
"chr1","11743415","11743567","chr8","113434986","113435134","22","101691571"
"chr1","11743588","11743662","chr16","39114949","39115024","10","27371361"
"chr1","11745976","11746286","chr1","154900380","154900688","40","143154404"
"chr1","11753834","11754144","chr2","97351845","97352150","33","85598011"
"chr1","11770203","11770497","chr4","116888019","116888318","45","105117816"
"chr1","11774574","11774873","chr5","41773732","41774035","43","29999158"
"chr1","11789354","11789438","chr14","12224618","12224702","3","435264"
"chr1","11792190","11792331","chr14","12226918","12227058","3","434728"
"chr1","11799857","11799889","chr1","42435115","42435139","11","30635258"
"chr1","11799922","11800165","chr13","42636158","42636398","37","30836236"
"chr1","11820520","11820750","chr14","12255880","12256112","5","435360"
"chr1","11822994","11823235","chr14","12258358","12258601","7","435364"
"chr1","11825470","11825764","chr14","12260837","12261131","6","435367"
"chr1","11834566","11834861","chr14","12269950","12270249","14","435384"
"chr1","11844164","11844472","chr14","12279851","12280160","16","435687"
"chr1","11855493","11855772","chr13","84882983","84883260","36","73027490"
"chr1","11942294","11942599","chr20","17904997","17905298","37","5962703"
"chr1","11956319","11956626","chr14","12392138","12392435","28","435819"
"chr1","11958167","11958299","chr3","155676954","155677086","13","143718787"
"chr1","11962430","11962716","chr1","35334937","35335214","49","23372507"
"chr1","11989840","11990140","chr4","32633053","32633351","53","20643213"
"chr1","12013953","12014259","chr14","12450648","12450945","17","436695"
"chr1","12017140","12017427","chr19","17601367","17601654","34","5584227"
"chr1","12029813","12030096","chr3","177679962","177680238","41","165650149"
"chr1","12034557","12034740","chr16","75556706","75556906","42","63522149"
"chr1","12042508","12042812","chr14","12478915","12479217","13","436407"
"chr1","12055064","12055412","chr14","12491159","12491459","56","436095"
"chr1","12133575","12133855","chr20","73720457","73720740","33","61586882"
"chr1","12189811","12190111","chr3","94292575","94292874","43","82102764"
"chr1","12205218","12205490","chr6","172017122","172017399","42","159811904"
"chr1","12243185","12243462","chr15","100197667","100197940","42","87954482"
"chr1","12339618","12339956","chr1","166570923","166571241","61","154231305"
"chr1","12342341","12342617","chr5","8821060","8821357","51","3521281"
"chr1","12352470","12352785","chr16","56606323","56606629","49","44253853"
"chr1","12403990","12404299","chr14","13010878","13011189","6","606888"
"chr1","12465228","12465360","chr11","101695100","101695234","22","89229872"
"chr1","12467249","12467443","chr8","93543077","93543266","33","81075828"
"chr1","12468829","12468956","chr14","12944365","12944492","1","475536"
"chr1","12469003","12469060","chr14","12944255","12944312","0","475252"
"chr1","12483949","12484248","chr18","2523617","2523913","45","9960332"
"chr1","12486700","12487013","chr3","36619575","36619882","33","24132875"
"chr1","12558068","12558384","chr15","8221425","8221739","45","4336643"
"chr1","12564297","12564360","chr7","84156819","84156876","10","71592522"
"chr1","12584681","12584973","chr20","742253","742546","37","11842428"
"chr1","12590094","12590256","chr14","12820760","12820923","9","230666"
"chr1","12590560","12590694","chr14","12820322","12820456","6","229762"
"chr1","12596259","12596388","chr14","12815098","12815227","2","218839"
"chr1","12600366","12600499","chr6","137988943","137989074","12","125388577"
"chr1","12604649","12604869","chr14","12808174","12808394","12","203525"
"chr1","12609473","12609768","chr3","123554854","123555147","37","110945381"
"chr1","12611994","12612289","chr3","123554854","123555147","37","110942860"
"chr1","12628776","12628996","chr14","12808174","12808394","16","179398"
"chr1","12654592","12654811","chr14","13072669","13072889","7","418077"
"chr1","12672861","12673161","chr7","36332943","36333239","34","23660082"
"chr1","12684536","12684840","chr1","7401659","7401964","31","5282877"
"chr1","12779635","12779705","chr2","204025554","204025617","22","191245919"
"chr1","12779706","12780003","chr14","13217212","13217515","17","437506"
"chr1","12780004","12780014","chr7","152902072","152902082","6","140122068"
"chr1","12862623","12862934","chrX","5074589","5074900","44","7788034"
"chr1","12960845","12961101","chr19","48532197","48532455","55","35571352"
"chr1","12985725","12985861","chr14","11611721","11611855","21","1374004"
"chr1","12985872","12985953","chr16","888441","888523","14","12097431"
"chr1","13022197","13022341","chr14","13453363","13453507","8","431166"
"chr1","13029800","13030132","chr13","48085839","48086168","47","35056039"
"chr1","13061901","13062205","chr1","195618508","195618814","47","182556607"
"chr1","13062211","13062342","chr10","334624","334755","11","12727587"
"chr1","13070253","13070543","chr6","124022628","124022913","43","110952375"
"chr1","13203588","13203811","chr5","77727996","77728225","39","64524408"
"chr1","13260536","13260804","chr4","25745870","25746131","41","12485334"
"chr1","13428198","13428507","chr11","28744070","28744379","44","15315872"
"chr1","13439440","13439532","chr10","90246625","90246717","14","76807185"
"chr1","13439539","13439724","chr14","13907855","13908046","27","468316"
"chr1","13601799","13602089","chr14","14068763","14069052","5","466964"
"chr1","13602688","13603010","chr4","7133671","7133981","44","6469017"
"chr1","13650890","13651228","chr7","35591450","35591794","59","21940560"
"chr1","13662607","13662912","chr16","34222054","34222358","39","20559447"
"chr1","13714583","13714659","chr2","199695563","199695640","14","185980980"
"chr1","13720671","13720762","chr11","1236198","1236292","9","12484473"
"chr1","13720788","13720922","chr15","50025346","50025482","15","36304558"
"chr1","13758575","13758709","chr14","14216488","14216622","4","457913"
"chr1","13810358","13810596","chr14","43115604","43115841","44","29305246"
"chr1","13821362","13821660","chr16","19825639","19825935","35","6004277"
"chr1","13821702","13821817","chr19","36473416","36473530","16","22651714"
"chr1","13850391","13850688","chr2","99776119","99776420","44","85925728"
"chr1","13856544","13856927","chrX","43266189","43266540","105","29409645"
"chr1","13866643","13866931","chr10","11738725","11739028","49","2127918"
"chr1","13931064","13931371","chr14","14387467","14387772","21","456403"
"chr1","13985525","13985824","chr4","116888019","116888318","39","102902494"
"chr1","13991185","13991496","chr14","14453074","14453388","14","461889"
"chr1","14003005","14003048","chr20","11795351","11795394","3","2207654"
"chr1","14015161","14015429","chr15","100197667","100197940","42","86182506"
"chr1","14073171","14073239","chr3","17118957","17119036","22","3045786"
"chr1","14095522","14095809","chr17","94903136","94903424","33","80807614"
"chr1","14098416","14098694","chr1","54881687","54881973","45","40783271"
"chr1","14123344","14123410","chr7","84156819","84156876","18","70033475"
"chr1","14124693","14124951","chr7","107332594","107332858","59","93207901"
"chr1","14130998","14131083","chr6","174779872","174779960","29","160648874"
"chr1","14409603","14409865","chr14","112568055","112568320","40","98158452"
"chr1","14429793","14429980","chr19","4388248","4388442","39","10041545"
"chr1","14430001","14430132","chr2","184715229","184715360","20","170285228"
"chr1","14747963","14748260","chr2","61336823","61337120","47","46588860"
"chr1","15010093","15010389","chr10","32330614","32330911","39","17320521"
"chr1","15168661","15168959","chr19","10872248","10872544","35","4296413"
"chr1","15191178","15191321","chr15","18215357","18215507","20","3024179"
"chr1","15195383","15195695","chr10","35917399","35917710","39","20722016"
"chr1","15206331","15206485","chr8","92748612","92748765","21","77542281"
"chr1","15232697","15232997","chrX","103838571","103838869","36","88605874"
"chr1","15266058","15266111","chr12","26443442","26443493","7","11177384"
"chr1","15280385","15280442","chr15","78101083","78101139","11","62820698"
"chr1","15281874","15282172","chr14","6024991","6025284","49","9256883"
"chr1","15286905","15287205","chr11","45374861","45375156","55","30087956"
"chr1","15314760","15314960","chr14","15719349","15719550","7","404589"
"chr1","15322842","15322951","chr14","15726380","15726489","0","403538"
"chr1","15346486","15346776","chr1","92366913","92367207","37","77020427"
"chr1","15367789","15368110","chr19","34193976","34194287","43","18826187"
"chr1","15377996","15378250","chr14","69186796","69187044","41","53808800"
"chr1","15447029","15447332","chr9","41028320","41028628","36","25581291"
"chr1","15476697","15477001","chr15","57057953","57058261","44","41581256"
"chr1","15493107","15493407","chr1","224090688","224090988","35","208597581"
"chr1","15495048","15495328","chr12","56842831","56843118","49","41347783"
"chr1","15498268","15498558","chr17","80327938","80328239","44","64829670"
"chr1","15503466","15503780","chr2","22176166","22176475","44","6672700"
"chr1","15505653","15505961","chr2","109129520","109129825","37","93623867"
"chr1","15509691","15509787","chr3","140379800","140379896","13","124870109"
"chr1","15512726","15513013","chr12","114039400","114039688","40","98526674"
"chr1","15548906","15549215","chr14","15958699","15959008","9","409793"
"chr1","15566730","15566861","chrX","915555","915687","18","14651175"
"chr1","15567172","15567311","chr6","138183633","138183768","18","122616461"
"chr1","15576073","15576385","chr9","91157613","91157919","45","75581540"
"chr1","15577178","15577265","chr1","130067026","130067112","14","114489848"
"chr1","15593086","15593310","chr1","215399576","215399785","47","199806490"
"chr1","15593311","15593385","chr11","45515108","45515173","15","29921797"
"chr1","15602383","15602697","chr9","41028320","41028628","46","25425937"
"chr1","15602698","15602835","chr11","122605956","122606091","11","107003258"
"chr1","15605736","15606036","chr3","163926008","163926304","39","148320272"
"chr1","15606334","15606664","chr1","53496213","53496539","57","37889879"
"chr1","15615865","15616061","chr1","27506165","27506367","35","11890300"
"chr1","15639134","15639399","chr15","106386877","106387144","40","90747743"
"chr1","15639413","15639473","chr7","16702562","16702623","7","1063149"
"chr1","15639477","15639607","chr8","39035196","39035326","15","23395719"
"chr1","15639611","15639915","chr2","87447080","87447383","39","71807469"
"chr1","15648849","15648945","chr4","33479031","33479125","17","17830182"
"chr1","15658416","15658732","chr11","75782693","75783006","48","60124277"
"chr1","15660433","15660735","chr1","129094903","129095211","42","113434470"
"chr1","15664522","15664814","chr10","13752081","13752368","48","1912441"
"chr1","15669694","15669983","chr19","43303408","43303693","38","27633714"
"chr1","15687370","15687671","chr14","16101962","16102263","11","414592"
"chr1","15687678","15687801","chr14","21749331","21749459","25","6061653"
"chr1","15699700","15700017","chr4","116888019","116888318","52","101188319"
"chr1","15712220","15712349","chr4","3618496","3618624","20","12093724"
"chr1","15721931","15722221","chrX","124158161","124158455","46","108436230"
"chr1","15794560","15794737","chr10","12496425","12496604","27","3298135"
"chr1","15795040","15795180","chr5","3311270","3311402","16","12483770"
"chr1","15853191","15853328","chr13","73519574","73519713","20","57666383"
"chr1","15853393","15853530","chr13","73519574","73519713","20","57666181"
"chr1","15924592","15924898","chr20","18760413","18760719","32","2835821"
"chr1","15939588","15939759","chr10","12770951","12771115","29","3168637"
"chr1","15939769","15940066","chr14","16346076","16346373","12","406307"
"chr1","15978236","15978533","chr3","36139696","36139995","39","20161460"
"chr1","16001265","16001570","chr6","68376310","68376603","47","52375045"
"chr1","16006854","16007118","chr9","63168470","63168747","46","47161616"
"chr1","16046611","16046904","chr1","93440412","93440706","36","77393801"
"chr1","16082013","16082320","chr14","16481745","16482049","20","399732"
"chr1","16175162","16175284","chr14","16573632","16573756","3","398470"
"chr1","16403516","16403829","chr20","51156263","51156570","40","34752747"
"chr1","16774613","16774855","chr2","91281429","91281663","44","74506816"
"chr1","16802616","16802870","chr14","12258358","12258601","47","4544258"
"chr1","16862826","16863182","chr14","17403198","17403519","54","540372"
"chr1","17129877","17130021","chr3","166226511","166226657","24","149096634"
"chr1","17131896","17132199","chr3","123915681","123915993","50","106783785"
"chr1","17156905","17157204","chr8","72824038","72824332","35","55667133"
"chr1","17165807","17166109","chr8","31436569","31436875","45","14270762"
"chr1","17185234","17185499","chr11","48517003","48517268","36","31331769"
"chr1","17194686","17194978","chr10","15295248","15295538","39","1899438"
"chr1","17203327","17203658","chr7","116198207","116198535","60","98994880"
"chr1","17205183","17205439","chr1","35388734","35389010","56","18183551"
"chr1","17242368","17242664","chr1","152100248","152100537","56","134857880"
"chr1","17249435","17249741","chr15","81895891","81896196","39","64646456"
"chr1","17255742","17256073","chr14","11153397","11153725","54","6102345"
"chr1","17258443","17258502","chr15","3676918","3676977","4","13581525"
"chr1","17266801","17266933","chr15","13283292","13283434","25","3983509"
"chr1","17268828","17269126","chr1","2856232","2856533","43","14412596"
"chr1","17269137","17269428","chr16","69576740","69577028","71","52307603"
"chr1","17278634","17278920","chr14","17973442","17973728","9","694808"
"chr1","17292055","17292350","chr7","46487049","46487340","41","29194994"
"chr1","17299104","17299413","chr7","126646043","126646347","41","109346939"
"chr1","17318788","17319109","chr12","48435","48744","46","17270353"
"chr1","17339629","17339943","chr14","18035592","18035880","28","695963"
"chr1","17355949","17356231","chr9","98185687","98185970","33","80829738"
"chr1","17357744","17358058","chr9","41028320","41028628","42","23670576"
"chr1","17359878","17360179","chr16","9270804","9271103","34","8089074"
"chr1","17422511","17422723","chr3","1785020","1785230","24","15637491"
"chr1","17427699","17427982","chr14","18112390","18112672","10","684691"
"chr1","17433108","17433206","chrX","24471895","24471992","22","7038787"
"chr1","17436306","17436610","chr19","15282895","15283197","39","2153411"
"chr1","17437725","17438022","chr4","116888019","116888318","34","99450294"
"chr1","17439271","17439579","chr14","18127794","18128102","12","688523"
"chr1","17439922","17440221","chr13","25798258","25798557","39","8358336"
"chr1","17442169","17442450","chr6","77805501","77805783","36","60363332"
"chr1","17445815","17446109","chr14","18129167","18129472","22","683352"
"chr1","17451604","17451885","chr14","18134948","18135229","8","683344"
"chr1","17451960","17452034","chr14","3832894","3832967","18","13619066"
"chr1","17466808","17467120","chr4","156993832","156994139","38","139527024"
"chr1","17467897","17468002","chr4","21807442","21807542","18","4339545"
"chr1","17468015","17468123","chr3","157769024","157769132","17","140301009"
"chr1","17468422","17468557","chr2","93826135","93826271","16","76357713"
"chr1","17472675","17472998","chr7","81613180","81613498","48","64140505"
"chr1","17473069","17473120","chr7","84156819","84156876","12","66683750"
"chr1","17480967","17481031","chr2","45056067","45056131","12","27575100"
"chr1","17487239","17487541","chr17","16306459","16306757","34","1180780"
"chr1","17500395","17500532","chr14","18179658","18179795","2","679263"
"chr1","17503823","17503958","chr19","20627699","20627832","13","3123876"
"chr1","17511212","17511511","chr14","18194918","18195219","9","683706"
"chr1","17519568","17519741","chr11","98594389","98594561","25","81074821"
"chr1","17525317","17525482","chr2","188522717","188522879","28","170997400"
"chr1","17528647","17528935","chr14","18212256","18212544","7","683609"
"chr1","17542130","17542422","chr11","45374861","45375156","40","27832731"
"chr1","17558604","17558909","chr19","5059189","5059494","49","12499415"
"chr1","17559067","17559360","chr6","133406856","133407151","48","115847789"
"chr1","17566302","17566613","chr2","201138593","201138900","44","183572291"
"chr1","17574867","17575177","chr8","37781388","37781691","42","20206521"
"chr1","17579881","17580182","chr14","18265211","18265513","10","685330"
"chr1","17580763","17581034","chr7","40055750","40056037","51","22474987"
"chr1","17601510","17601647","chr14","18281764","18281899","4","680254"
"chr1","17606247","17606550","chr7","147596611","147596908","48","129990364"
"chr1","17610936","17611248","chr4","16864649","16864956","50","746287"
"chr1","17619082","17619380","chr14","18305115","18305420","17","686033"
"chr1","17620760","17621060","chr2","53002380","53002677","41","35381620"
"chr1","17627528","17627739","chr3","1785020","1785230","32","15842508"
"chr1","17627740","17627798","chr16","74115735","74115793","5","56487995"
"chr1","17638394","17638702","chr3","157216589","157216897","43","139578195"
"chr1","17641084","17641140","chr1","173765247","173765305","11","156124163"
"chr1","17641446","17641584","chr1","130447870","130448006","14","112806424"
"chr1","17661593","17661769","chr20","17989183","17989361","16","327590"
"chr1","17661802","17661928","chr1","153640382","153640504","18","135978580"
"chr1","17665280","17665397","chr16","53378256","53378375","10","35712976"
"chr1","17665398","17665513","chr12","55947748","55947865","19","38282350"
"chr1","17677785","17678089","chr11","28744070","28744379","62","11066285"
"chr1","17683270","17683599","chr6","41583750","41584072","49","23900480"
"chr1","17688906","17689219","chr2","109129520","109129825","36","91440614"
"chr1","17718872","17719168","chr11","10516060","10516352","35","7202812"
"chr1","17719285","17719314","chr2","93494847","93494878","5","75775562"
"chr1","17756907","17757217","chr1","360065","360372","58","17396842"
"chr1","17759953","17760216","chr7","126392592","126392860","45","108632639"
"chr1","17762083","17762382","chrX","113297786","113298091","45","95535703"
"chr1","17766124","17766417","chr19","17732417","17732716","44","33707"
"chr1","17770868","17771159","chr1","128692929","128693228","41","110922061"
"chr1","17776881","17777173","chr10","84928622","84928916","49","67151741"
"chr1","17783690","17784007","chr14","18475904","18476193","32","692214"
"chr1","17802375","17802661","chr1","27399947","27400240","52","9597572"
"chr1","17808277","17808569","chr2","203310670","203310965","39","185502393"
"chr1","17811750","17812031","chr4","108900682","108900961","36","91088932"
"chr1","17827916","17828214","chr3","55293888","55294185","35","37465972"
"chr1","17828405","17828697","chr15","46215391","46215683","37","28386986"
"chr1","17855757","17856046","chr17","30770702","30770992","34","12914945"
"chr1","17861565","17861853","chr14","18558526","18558828","18","696961"
"chr1","17866875","17867187","chr11","109802651","109802961","45","91935776"
"chr1","17870951","17871233","chr14","18572082","18572358","14","701131"
"chr1","17877684","17877765","chr14","18585456","18585537","1","707772"
"chr1","17886304","17886540","chr14","18579480","18579716","5","693176"
"chr1","17888420","17888557","chr9","49242238","49242370","14","31353818"
"chr1","17927481","17927786","chr12","120981550","120981858","37","103054069"
"chr1","17932513","17932814","chr1","125115707","125116004","56","107183194"
"chr1","17932815","17932977","chrX","49203601","49203768","31","31270786"
"chr1","17943340","17943638","chr14","18651691","18651985","8","708351"
"chr1","17953033","17953167","chr1","61836384","61836519","14","43883351"
"chr1","17955813","17955886","chrX","30226458","30226524","16","12270645"
"chr1","17958665","17958960","chr1","71849992","71850283","36","53891327"
"chr1","18003239","18003513","chr16","20711152","20711433","52","2707913"
"chr1","18005060","18005356","chr5","42031778","42032069","43","24026718"
"chr1","18009396","18009519","chr15","83675949","83676072","15","65666553"
"chr1","18009553","18009731","chr14","57135298","57135469","29","39125745"
"chr1","18049671","18049924","chr7","67039207","67039460","36","48989536"
"chr1","18054637","18054941","chr11","119877526","119877831","48","101822889"
"chr1","18069388","18069694","chr5","151788359","151788660","43","133718971"
"chr1","18077569","18077870","chr9","58360929","58361231","33","40283360"
"chr1","18084087","18084279","chr11","28187909","28188098","36","10103822"
"chr1","18094179","18094490","chr4","34151114","34151419","37","16056935"
"chr1","18107568","18107674","chr4","33479031","33479125","24","15371463"
"chr1","18115369","18115624","chr7","36062297","36062553","35","17946928"
"chr1","18121511","18121777","chr13","95832413","95832679","50","77710902"
"chr1","18131283","18131572","chr14","18848649","18848940","8","717366"
"chr1","18147321","18147477","chr3","34905736","34905898","28","16758415"
"chr1","18167467","18167779","chr1","212367041","212367355","38","194199574"
"chr1","18233423","18233736","chr1","143592850","143593159","42","125359427"
"chr1","18236059","18236352","chr9","55550334","55550622","40","37314275"
"chr1","18298640","18298952","chr9","53346767","53347080","35","35048127"
"chr1","18405857","18406153","chr1","221241596","221241888","49","202835739"
"chr1","18411086","18411199","chr1","12836859","12836969","20","5574227"
"chr1","18454220","18454519","chr3","36139696","36139995","35","17685476"
"chr1","18461026","18461324","chr20","30296139","30296439","7","11835113"
"chr1","18463314","18463622","chr1","360065","360372","38","18103249"
"chr1","18521710","18521990","chr14","73094085","73094381","52","54572375"
"chr1","18546443","18546759","chr14","19248727","19249046","7","702284"
"chr1","18587334","18587633","chr1","22038074","22038373","32","3450740"
"chr1","18599040","18599303","chr14","19302546","19302809","11","703506"
"chr1","18639941","18640237","chr20","72740195","72740503","51","54100254"
"chr1","18641717","18642026","chr10","54564473","54564781","32","35922756"
"chr1","18643006","18643289","chr14","19354856","19355143","10","711850"
"chr1","18679070","18679206","chr10","88726329","88726464","12","70047259"
"chr1","18680840","18681152","chr14","19392655","19392962","16","711815"
"chr1","18691927","18692236","chr14","19404644","19404953","14","712717"
"chr1","18695321","18695592","chr14","19412476","19412746","9","717155"
"chr1","18709589","18709907","chr14","19420384","19420693","14","710795"
"chr1","18716937","18717238","chr2","100612347","100612648","38","81895410"
"chr1","18721120","18721420","chr3","163926008","163926304","38","145204888"
"chr1","18726404","18726677","chr9","30695175","30695451","40","11968771"
"chr1","18729365","18729651","chr8","140397921","140398221","48","121668556"
"chr1","18739956","18740255","chrX","18471611","18471916","43","268345"
"chr1","18746057","18746191","chr6","138183633","138183768","14","119437576"
"chr1","18752531","18752825","chr20","71835522","71835822","43","53082991"
"chr1","18753917","18754219","chr14","19467773","19468075","13","713856"
"chr1","18761747","18762027","chr12","124749960","124750242","40","105988213"
"chr1","18774624","18774856","chr10","15123559","15123791","32","3651065"
"chr1","18774880","18775012","chr14","19489303","19489435","3","714423"
"chr1","18792009","18792312","chr19","7082504","7082800","41","11709505"
"chr1","18802963","18803267","chrX","51543519","51543820","38","32740556"
"chr1","18808458","18808750","chr13","22579395","22579688","38","3770937"
"chr1","18860200","18860404","chr2","203364920","203365133","35","184504720"
"chr1","18902941","18903240","chr11","74878801","74879097","41","55975860"
"chr1","18914860","18915159","chr8","72824038","72824332","31","53909178"
"chr1","18922240","18922492","chr14","19638431","19638683","11","716191"
"chr1","18929503","18929796","chr16","413150","413444","37","18516353"
"chr1","18958381","18958681","chr14","19675677","19675986","12","717296"
"chr1","18985164","18985468","chr7","17830213","17830515","45","1154951"
"chr1","19001570","19001881","chr10","29617192","29617497","36","10615622"
"chr1","19047651","19047956","chr1","50659016","50659314","39","31611365"
"chr1","19055237","19055547","chr15","26986646","26986958","43","7931409"
"chr1","19102001","19102049","chr7","84156819","84156876","13","65054818"
"chr1","19116914","19117125","chr10","26815632","26815844","25","7698718"
"chr1","19117126","19117184","chr5","77640408","77640466","4","58523282"
"chr1","19128419","19128729","chr12","113865750","113866059","36","94737331"
"chr1","19138267","19138569","chr19","15282895","15283197","29","3855372"
"chr1","19150251","19150408","chr7","18914726","18914884","24","235525"
"chr1","19150706","19150840","chr14","108531794","108531929","17","89381088"
"chr1","19193793","19194096","chr1","360065","360372","49","18833728"
"chr1","19195079","19195379","chr14","19906550","19906850","4","711471"
"chr1","19212319","19212619","chr9","577467","577766","46","18634852"
"chr1","19339806","19340103","chr7","163786549","163786851","42","144446743"
"chr1","19361614","19361915","chr14","20074468","20074767","8","712854"
"chr1","19368009","19368187","chr2","18211006","18211184","31","1157003"
"chr1","19368477","19368612","chr5","127162809","127162944","12","107794332"
"chr1","19378018","19378342","chr1","26010816","26011138","50","6632798"
"chr1","19387656","19387951","chr13","39151635","39151928","42","19763979"
"chr1","19396698","19396994","chr2","61336823","61337120","39","41940125"
"chr1","19401281","19401586","chr6","148660399","148660709","39","129259118"
"chr1","19404184","19404468","chr9","55550334","55550622","38","36146150"
"chr1","19425303","19425603","chr16","72877211","72877508","36","53451908"
"chr1","19477840","19478147","chr6","64317330","64317632","36","44839490"
"chr1","19496248","19496563","chr20","74189190","74189498","44","54692942"
"chr1","19509835","19510123","chr8","72824038","72824332","43","53314203"
"chr1","19513398","19513538","chr6","132796444","132796576","23","113283046"
"chr1","19527592","19527893","chrX","95420033","95420334","48","75892441"
"chr1","19550101","19550374","chr7","95908104","95908383","48","76358003"
"chr1","19576957","19577244","chr8","92346531","92346819","38","72769574"
"chr1","19610253","19610329","chr16","68740308","68740382","13","49130055"
"chr1","19610408","19610697","chr9","28574258","28574547","33","8963850"
"chr1","19612146","19612386","chr12","120953048","120953286","37","101340902"
"chr1","19616560","19616783","chr4","107638826","107639041","35","88022266"
"chr1","19748733","19749034","chr11","93067265","93067565","42","73318532"
"chr1","19766373","19766506","chr10","88726329","88726464","12","68959956"
"chr1","19806721","19806794","chr19","49017918","49017989","12","29211197"
"chr1","19806872","19806978","chr19","3725425","3725534","21","16081447"
"chr1","19984264","19984475","chr14","20678628","20678839","5","694364"
"chr1","20008621","20008931","chr14","20703778","20704077","19","695157"
"chr1","20022437","20022734","chr14","20716755","20717052","6","694318"
"chr1","20060220","20060293","chr11","5783369","5783440","18","14276851"
"chr1","20060306","20060381","chr11","5783369","5783440","20","14276937"
"chr1","20101518","20101823","chr14","20801693","20801994","12","700175"
"chr1","20171438","20171745","chr14","20870035","20870347","11","698597"
"chr1","20338856","20339153","chr10","87589639","87589938","38","67250783"
"chr1","20346568","20346667","chr5","40421917","40422020","18","20075349"
"chr1","20425352","20425472","chr16","53380403","53380521","15","32955051"
"chr1","20448395","20448695","chr20","51848731","51849031","30","31400336"
"chr1","20541853","20542152","chr14","21236438","21236736","7","694585"
"chr1","20677749","20678046","chr14","118323717","118324009","43","97645968"
"chr1","20700088","20700382","chr14","21387820","21388119","11","687732"
"chr1","20716513","20716725","chr5","78553351","78553566","34","57836838"
"chr1","20719588","20719887","chr3","36139696","36139995","34","15420108"
"chr1","20723239","20723531","chr4","103241337","103241629","43","82518098"
"chr1","20758514","20758825","chr19","34193976","34194287","38","13435462"
"chr1","20773958","20774265","chr14","21460581","21460862","35","686623"
"chr1","20803953","20804089","chr14","21489140","21489276","8","685187"
"chr1","20820780","20821023","chr19","45957645","45957883","45","25136865"
"chr1","21066121","21066423","chr7","68779914","68780215","35","47713793"
"chr1","21067800","21067928","chr14","21749331","21749459","4","681531"
"chr1","21076271","21076512","chr14","21758701","21758941","17","682430"
"chr1","21078437","21078730","chr15","41562776","41563067","44","20484339"
"chr1","21125602","21125913","chr19","14838074","14838384","49","6287528"
"chr1","21190970","21191270","chr14","21868513","21868811","16","677543"
"chr1","21290347","21290465","chr1","221572060","221572181","16","200281713"
"chr1","21290499","21290671","chr12","119197527","119197691","29","97907028"
"chr1","21324228","21324457","chr16","43020457","43020675","41","21696229"
"chr1","21366959","21367260","chr1","188693941","188694241","29","167326982"
"chr1","21394426","21394577","chr2","107460602","107460759","38","86066176"
"chr1","21453442","21453747","chr14","22119306","22119611","5","665864"
"chr1","21498971","21499275","chr20","40615595","40615897","37","19116624"
"chr1","21517921","21518220","chr9","106742446","106742741","38","85224525"
"chr1","21596890","21597184","chr1","63236155","63236451","40","41639265"
"chr1","21607726","21608035","chr20","69257451","69257758","36","47649725"
"chr1","21661153","21661419","chr7","44101708","44101973","34","22440555"
"chr1","21686709","21687002","chr1","93440412","93440706","40","71753703"
"chr1","21752729","21753045","chr14","22411607","22411921","6","658878"
"chr1","21759662","21759768","chr14","22418487","22418593","2","658825"
"chr1","21876597","21876875","chrX","22526053","22526330","39","649456"
"chr1","21898142","21898408","chr1","209253776","209254040","45","187355634"
"chr1","21948866","21949154","chr13","24715240","24715537","53","2766374"
"chr1","21992833","21993133","chr19","38053816","38054118","32","16060983"
"chr1","22002047","22002216","chr14","22709090","22709268","13","707043"
"chr1","22113860","22114157","chrX","103838571","103838869","36","81724711"
"chr1","22275729","22275877","chr4","27782067","27782208","27","5506338"
"chr1","22275889","22275949","chr4","136472824","136472887","12","114196935"
"chr1","22505795","22506095","chr14","23204153","23204451","7","698358"
"chr1","22566194","22566511","chr1","128244927","128245230","47","105678733"
"chr1","22674890","22675143","chr16","19330180","19330447","66","3344710"
"chr1","22742427","22742736","chr9","41028320","41028628","43","18285893"
"chr1","22804076","22804284","chr3","1785020","1785230","35","21019056"
"chr1","22818110","22818413","chr14","23523969","23524267","11","705859"
"chr1","22838505","22838566","chr18","49058340","49058401","13","26219835"
"chr1","22941351","22941437","chr1","128690856","128690939","14","105749505"
"chr1","22963498","22963766","chr14","23662455","23662723","14","698957"
"chr1","23017504","23017793","chr4","103241337","103241629","41","80223833"
"chr1","23028476","23028607","chr4","31378529","31378660","15","8350053"
"chr1","23062074","23062209","chr6","138183633","138183768","13","115121559"
"chr1","23127291","23127439","chr14","23817437","23817587","9","690146"
"chr1","23237422","23237510","chr14","23929684","23929772","2","692262"
"chr1","23282272","23282570","chr1","67123290","67123588","39","43841018"
"chr1","23315002","23315281","chr2","202622423","202622699","39","179307421"
"chr1","23338347","23338608","chr6","172017122","172017399","45","148678775"
"chr1","23365241","23365547","chr11","104085481","104085789","50","80720240"
"chr1","23529121","23529322","chr8","10737939","10738143","34","12791182"
"chr1","23564803","23564866","chr16","26048439","26048502","15","2483636"
"chr1","23631027","23631158","chr14","24379140","24379263","10","748113"
"chr1","23658746","23659028","chr19","28036730","28037014","46","4377984"
"chr1","23751146","23751283","chrX","44648979","44649114","19","20897833"
"chr1","23783895","23784192","chr5","78645105","78645407","44","54861210"
"chr1","23792117","23792415","chr19","13694753","13695051","36","10097364"
"chr1","23831999","23832276","chr19","18031320","18031559","86","5800679"
"chr1","23854306","23854616","chr1","56128414","56128722","44","32274108"
"chr1","23865216","23865270","chr10","47503125","47503178","10","23637909"
"chr1","23865388","23865559","chr11","127755842","127756008","36","103890454"
"chr1","23865565","23865830","chr7","36062297","36062553","57","12196732"
"chr1","23949274","23949395","chr7","94212790","94212910","29","70263516"
"chr1","24014062","24014169","chr1","18420294","18420402","19","5593768"
