"chr1","8388316","8388618","KQ056279v1","849408","849712","136","7538908"
"chr1","41942895","41943205","KQ056279v1","849408","849712","131","41093487"
"chr1","218103554","218103843","KQ056320v1","1110386","1110614","119","216993168"
"chr1","30408564","30408860","KQ056279v1","849408","849712","137","29559156"
"chr1","204472167","204472462","KQ056279v1","849408","849712","134","203622759"
"chr1","232783785","232784094","KQ056279v1","849408","849712","130","231934377"
"chr1","6422432","6422741","KQ056279v1","849408","849712","130","5573024"
"chr1","10747818","10748117","KQ056279v1","849408","849712","130","9898410"
"chr1","11665216","11665554","KQ056279v1","849408","849712","152","10815808"
"chr1","11927355","11927665","KQ056279v1","849408","849712","131","11077947"
"chr1","14417715","14418044","KQ056279v1","849408","849712","149","13568307"
"chr1","38010867","38011172","KQ056279v1","849408","849712","133","37161459"
"chr1","54394696","54395001","KQ056279v1","849408","849712","133","53545288"
"chr1","86900704","86900834","KQ054191v1","2982721","2982848","52","83917983"
"chr1","88997611","88997911","KQ056279v1","849408","849712","135","88148203"
"chr1","120848251","120848564","KQ056279v1","849408","849712","133","119998843"
"chr1","163446595","163446918","KQ056279v1","849408","849712","149","162597187"
"chr1","183107549","183107847","KQ056279v1","849408","849712","133","182258141"
"chr1","184942413","184942718","KQ056320v1","1110386","1110614","133","183832027"
"chr1","187432903","187433209","KQ056279v1","849408","849712","131","186583495"
"chr1","204079017","204079304","KQ056279v1","849408","849712","138","203229609"
"chr1","225574620","225574920","KQ056279v1","849408","849712","132","224725212"
"chr1","225705852","225706162","KQ056279v1","849408","849712","131","224856444"
"chr1","233963291","233963600","KQ056279v1","849408","849712","131","233113883"
"chr1","90921","91213","KQ056279v1","849408","849712","138","758487"
"chr1","94820","95080","KQ056320v1","1110386","1110614","94","1015566"
"chr1","121270","121565","KQ056279v1","849408","849712","139","728138"
"chr1","259774","260073","KQ056279v1","849408","849712","134","589634"
"chr1","267498","267793","KQ056279v1","849408","849712","135","581910"
"chr1","271411","271664","KQ056320v1","1110386","1110614","100","838975"
"chr1","349179","349478","KQ056279v1","849408","849712","132","500229"
"chr1","356880","357175","KQ056279v1","849408","849712","135","492528"
"chr1","375923","376219","KQ056279v1","849408","849712","136","473485"
"chr1","405150","405469","KQ056279v1","849408","849712","137","444258"
"chr1","477285","477578","KQ056279v1","849408","849712","138","372123"
"chr1","591453","591763","KQ056279v1","849408","849712","133","257955"
"chr1","604123","604421","KQ056279v1","849408","849712","134","245285"
"chr1","640899","641219","KQ056279v1","849408","849712","137","208509"
"chr1","712229","712524","KQ056279v1","849408","849712","138","137179"
"chr1","899022","899326","KQ056320v1","1110386","1110614","132","211364"
"chr1","928112","928412","KQ056279v1","849408","849712","133","78704"
"chr1","986090","986389","KQ056279v1","849408","849712","133","136682"
"chr1","1009400","1009701","KQ056279v1","849408","849712","133","159992"
"chr1","1015757","1016057","KQ056320v1","1110386","1110614","134","94629"
"chr1","1094398","1094699","KQ056279v1","849408","849712","132","244990"
"chr1","1105606","1105883","KQ055766v1","3547210","3547415","131","2441604"
"chr1","1131428","1131715","KQ055766v1","3547210","3547415","129","2415782"
"chr1","1133803","1134109","KQ056279v1","849408","849712","132","284395"
"chr1","1186834","1187145","KQ056279v1","849408","849712","132","337426"
"chr1","1189833","1190130","KQ056279v1","849408","849712","130","340425"
"chr1","1193045","1193345","KQ056279v1","849408","849712","132","343637"
"chr1","1256601","1256911","KQ056279v1","849408","849712","133","407193"
"chr1","1261646","1261880","KQ056320v1","1110386","1110614","85","151260"
"chr1","1266540","1266839","KQ056279v1","849408","849712","140","417132"
"chr1","1277549","1277843","KQ056279v1","849408","849712","140","428141"
"chr1","1279401","1279700","KQ056279v1","849408","849712","136","429993"
"chr1","1282753","1283049","KQ056279v1","849408","849712","132","433345"
"chr1","1317865","1318169","KQ056279v1","849408","849712","134","468457"
"chr1","1363602","1363901","KQ056279v1","849408","849712","136","514194"
"chr1","1369160","1369454","KQ056279v1","849408","849712","138","519752"
"chr1","1369804","1370096","KQ053387v1","3926299","3926571","135","2556495"
"chr1","1379611","1379928","KQ056279v1","849408","849712","131","530203"
"chr1","1383651","1383887","KQ055766v1","3547210","3547415","105","2163559"
"chr1","1385459","1385634","KQ053421v1","800854","801016","78","584605"
"chr1","1389091","1389379","KQ055766v1","3547210","3547415","135","2158119"
"chr1","1389679","1389968","KQ055766v1","3547210","3547415","136","2157531"
"chr1","1396747","1397046","KQ056279v1","849408","849712","135","547339"
"chr1","1402847","1403155","KQ056279v1","849408","849712","133","553439"
"chr1","1403242","1403541","KQ056279v1","849408","849712","138","553834"
"chr1","1404148","1404453","KQ056279v1","849408","849712","131","554740"
"chr1","1416771","1417071","KQ056279v1","849408","849712","134","567363"
"chr1","1428719","1429019","KQ056279v1","849408","849712","134","579311"
"chr1","1442934","1443242","KQ056279v1","849408","849712","135","593526"
"chr1","1447109","1447402","KQ056279v1","849408","849712","128","597701"
"chr1","1447838","1448138","KQ056279v1","849408","849712","130","598430"
"chr1","1450048","1450341","KQ056279v1","849408","849712","132","600640"
"chr1","1451045","1451334","KQ056279v1","849408","849712","130","601637"
"chr1","1454934","1455243","KQ056320v1","1110386","1110614","128","344548"
"chr1","1457313","1457623","KQ056279v1","849408","849712","129","607905"
"chr1","1465310","1465616","KQ056320v1","1110386","1110614","132","354924"
"chr1","1473131","1473368","KQ056320v1","1110386","1110614","82","362745"
"chr1","1473369","1473495","KQ057290v1","2343170","2343267","56","869801"
"chr1","1474183","1474488","KQ056279v1","849408","849712","129","624775"
"chr1","1476516","1476806","KQ056279v1","849408","849712","135","627108"
"chr1","1484185","1484480","KQ056279v1","849408","849712","140","634777"
"chr1","1487210","1487504","KQ056279v1","849408","849712","131","637802"
"chr1","1498963","1499270","KQ056279v1","849408","849712","130","649555"
"chr1","1500271","1500568","KQ056279v1","849408","849712","133","650863"
"chr1","1500672","1500959","KQ055766v1","3547210","3547415","136","2046538"
"chr1","1501253","1501554","KQ056279v1","849408","849712","130","651845"
"chr1","1502205","1502506","KQ056320v1","1110386","1110614","127","391819"
"chr1","1502943","1503245","KQ056279v1","849408","849712","135","653535"
"chr1","1506776","1507078","KQ056279v1","849408","849712","125","657368"
"chr1","1521023","1521328","KQ056279v1","849408","849712","130","671615"
"chr1","1525414","1525713","KQ056279v1","849408","849712","142","676006"
"chr1","1531492","1531805","KQ056279v1","849408","849712","135","682084"
"chr1","1549240","1549548","KQ056279v1","849408","849712","134","699832"
"chr1","1549693","1549991","KQ056279v1","849408","849712","138","700285"
"chr1","1553394","1553493","KQ052969v1","4385577","4385658","49","2832183"
"chr1","1553494","1553808","KQ056279v1","849408","849712","144","704086"
"chr1","1570965","1571274","KQ056279v1","849408","849712","133","721557"
"chr1","1571795","1572094","KQ056279v1","849408","849712","145","722387"
"chr1","1572147","1572432","KQ055766v1","3547210","3547415","137","1975063"
"chr1","1572451","1572756","KQ056279v1","849408","849712","131","723043"
"chr1","1575714","1576011","KQ056320v1","1110386","1110614","139","465328"
"chr1","1584236","1584531","KQ056279v1","849408","849712","137","734828"
"chr1","1585472","1585762","KQ056279v1","849408","849712","136","736064"
"chr1","1586473","1586777","KQ056279v1","849408","849712","137","737065"
"chr1","1587398","1587689","KQ056279v1","849408","849712","137","737990"
"chr1","1587895","1588161","KQ056320v1","1110386","1110614","107","477509"
"chr1","1588249","1588479","KQ056320v1","1110386","1110614","63","477863"
"chr1","1589161","1589406","KQ056320v1","1110386","1110614","80","478775"
"chr1","1589494","1589769","KQ056320v1","1110386","1110614","121","479108"
"chr1","1590534","1590826","KQ053387v1","3926299","3926571","141","2335765"
"chr1","1608913","1609216","KQ056279v1","849408","849712","126","759505"
"chr1","1619092","1619387","KQ056279v1","849408","849712","140","769684"
"chr1","1649102","1649399","KQ056320v1","1110386","1110614","137","538716"
"chr1","1649992","1650288","KQ056279v1","849408","849712","133","800584"
"chr1","1650356","1650664","KQ056320v1","1110386","1110614","132","539970"
"chr1","1652725","1653022","KQ056320v1","1110386","1110614","130","542339"
"chr1","1654651","1654957","KQ056279v1","849408","849712","135","805243"
"chr1","1656505","1656716","KQ055766v1","3547210","3547415","91","1890705"
"chr1","1656718","1656760","KQ058264v1","1177230","1177281","14","479488"
"chr1","1660228","1660552","KQ056279v1","849408","849712","148","810820"
"chr1","1660610","1660913","KQ056320v1","1110386","1110614","129","550224"
"chr1","1667125","1667437","KQ056279v1","849408","849712","132","817717"
"chr1","1670424","1670716","KQ056320v1","1110386","1110614","137","560038"
"chr1","1677468","1677750","KQ056320v1","1110386","1110614","113","567082"
"chr1","1681188","1681506","KQ056279v1","849408","849712","136","831780"
"chr1","1681704","1682018","KQ056279v1","849408","849712","135","832296"
"chr1","1684510","1684814","KQ056279v1","849408","849712","132","835102"
"chr1","1686775","1687085","KQ056279v1","849408","849712","131","837367"
"chr1","1695562","1695857","KQ056279v1","849408","849712","138","846154"
"chr1","1719614","1719914","KQ056279v1","849408","849712","138","870206"
"chr1","1720086","1720396","KQ056279v1","849408","849712","133","870678"
"chr1","1721869","1722077","KQ055766v1","3547210","3547415","85","1825341"
"chr1","1722079","1722121","KQ058264v1","1177230","1177281","15","544849"
"chr1","1725539","1725863","KQ056279v1","849408","849712","148","876131"
"chr1","1725921","1726231","KQ056279v1","849408","849712","133","876513"
"chr1","1726234","1726531","KQ055766v1","3547210","3547415","145","1820976"
"chr1","1731096","1731403","KQ056279v1","849408","849712","139","881688"
"chr1","1733498","1733809","KQ056279v1","849408","849712","128","884090"
"chr1","1736216","1736518","KQ056279v1","849408","849712","133","886808"
"chr1","1740326","1740620","KQ056279v1","849408","849712","139","890918"
"chr1","1747793","1748088","KQ056279v1","849408","849712","138","898385"
"chr1","1763203","1763337","KQ057213v1","1595322","1595444","53","167881"
"chr1","1770520","1770756","KQ056320v1","1110386","1110614","81","660134"
"chr1","1783748","1784040","KQ056279v1","849408","849712","137","934340"
"chr1","1804012","1804309","KQ056279v1","849408","849712","143","954604"
"chr1","1807699","1808008","KQ056279v1","849408","849712","133","958291"
"chr1","1811413","1811712","KQ056279v1","849408","849712","136","962005"
"chr1","1811784","1812086","KQ056279v1","849408","849712","132","962376"
"chr1","1814831","1815141","KQ056320v1","1110386","1110614","136","704445"
"chr1","1822294","1822614","KQ056279v1","849408","849712","139","972886"
"chr1","1822961","1823267","KQ056279v1","849408","849712","132","973553"
"chr1","1828914","1828939","KQ057373v1","337161","337180","12","1491753"
"chr1","1834668","1834967","KQ056279v1","849408","849712","135","985260"
"chr1","1837256","1837553","KQ056279v1","849408","849712","134","987848"
"chr1","1838436","1838743","KQ056279v1","849408","849712","128","989028"
"chr1","1842150","1842453","KQ056279v1","849408","849712","134","992742"
"chr1","1843914","1844224","KQ056279v1","849408","849712","131","994506"
"chr1","1859727","1859865","KQ054804v1","1309512","1309610","57","550215"
"chr1","1860482","1860655","KQ053520v1","1223334","1223471","67","637148"
"chr1","1864981","1865288","KQ056279v1","849408","849712","130","1015573"
"chr1","1866673","1866973","KQ056279v1","849408","849712","135","1017265"
"chr1","1868904","1869214","KQ056279v1","849408","849712","127","1019496"
"chr1","1879425","1879727","KQ056279v1","849408","849712","131","1030017"
"chr1","1884683","1884982","KQ056279v1","849408","849712","137","1035275"
"chr1","1885552","1885857","KQ056279v1","849408","849712","135","1036144"
"chr1","1886704","1887012","KQ056279v1","849408","849712","132","1037296"
"chr1","1896884","1897190","KQ056279v1","849408","849712","130","1047476"
"chr1","1900499","1900804","KQ056279v1","849408","849712","130","1051091"
"chr1","1902344","1902637","KQ056279v1","849408","849712","134","1052936"
"chr1","1903507","1903817","KQ056279v1","849408","849712","135","1054099"
"chr1","1905698","1905998","KQ056279v1","849408","849712","134","1056290"
"chr1","1907716","1908009","KQ056279v1","849408","849712","135","1058308"
"chr1","1912152","1912456","KQ056279v1","849408","849712","140","1062744"
"chr1","1913490","1913801","KQ056279v1","849408","849712","130","1064082"
"chr1","1931153","1931454","KQ056279v1","849408","849712","127","1081745"
"chr1","1931458","1931778","KQ056279v1","849408","849712","139","1082050"
"chr1","1932115","1932422","KQ056320v1","1110386","1110614","132","821729"
"chr1","1932892","1933185","KQ056279v1","849408","849712","137","1083484"
"chr1","1940831","1941138","KQ056279v1","849408","849712","130","1091423"
"chr1","1976849","1977147","KQ056279v1","849408","849712","138","1127441"
"chr1","1983686","1983988","KQ056279v1","849408","849712","134","1134278"
"chr1","1991758","1992052","KQ056279v1","849408","849712","136","1142350"
"chr1","1992478","1992773","KQ056279v1","849408","849712","137","1143070"
"chr1","1993702","1994011","KQ056279v1","849408","849712","128","1144294"
"chr1","1995628","1995935","KQ056279v1","849408","849712","129","1146220"
"chr1","1998595","1998906","KQ056279v1","849408","849712","125","1149187"
"chr1","1999884","2000000","KQ054804v1","1309512","1309610","37","690372"
"chr1","2001318","2001625","KQ056320v1","1110386","1110614","130","890932"
"chr1","2010127","2010440","KQ056279v1","849408","849712","128","1160719"
"chr1","2026554","2026862","KQ056279v1","849408","849712","131","1177146"
"chr1","2040397","2040700","KQ056279v1","849408","849712","133","1190989"
"chr1","2042485","2042793","KQ056279v1","849408","849712","125","1193077"
"chr1","2054942","2055240","KQ056279v1","849408","849712","132","1205534"
"chr1","2056716","2057027","KQ056279v1","849408","849712","131","1207308"
"chr1","2065397","2065702","KQ056279v1","849408","849712","135","1215989"
"chr1","2078845","2079141","KQ056279v1","849408","849712","135","1229437"
"chr1","2098649","2098980","KQ056279v1","849408","849712","148","1249241"
"chr1","2102303","2102631","KQ056279v1","849408","849712","143","1252895"
"chr1","2118337","2118636","KQ056279v1","849408","849712","128","1268929"
"chr1","2131818","2132105","KQ056279v1","849408","849712","137","1282410"
"chr1","2143017","2143328","KQ056279v1","849408","849712","131","1293609"
"chr1","2149877","2150182","KQ056279v1","849408","849712","133","1300469"
"chr1","2158922","2159120","KQ056320v1","1110386","1110614","79","1048536"
"chr1","2163609","2163923","KQ056279v1","849408","849712","130","1314201"
"chr1","2171049","2171358","KQ056279v1","849408","849712","141","1321641"
"chr1","2188728","2189034","KQ056279v1","849408","849712","128","1339320"
"chr1","2201738","2202046","KQ056320v1","1110386","1110614","128","1091352"
"chr1","2206552","2206848","KQ056279v1","849408","849712","135","1357144"
"chr1","2211437","2211748","KQ056279v1","849408","849712","135","1362029"
"chr1","2211901","2212201","KQ056279v1","849408","849712","133","1362493"
"chr1","2217030","2217336","KQ056279v1","849408","849712","133","1367622"
"chr1","2217649","2217958","KQ056279v1","849408","849712","140","1368241"
"chr1","2219559","2219878","KQ056279v1","849408","849712","130","1370151"
"chr1","2225779","2226069","KQ055766v1","3547210","3547415","138","1321431"
"chr1","2241397","2241692","KQ056279v1","849408","849712","137","1391989"
"chr1","2243956","2244263","KQ056279v1","849408","849712","134","1394548"
"chr1","2275515","2275804","KQ056279v1","849408","849712","131","1426107"
"chr1","2287339","2287553","KQ056320v1","1110386","1110614","69","1176953"
"chr1","2369070","2369380","KQ056279v1","849408","849712","129","1519662"
"chr1","2370924","2371210","KQ055766v1","3547210","3547415","134","1176286"
"chr1","2371242","2371254","KQ053135v1","5226462","5226474","6","2855220"
"chr1","2414971","2415273","KQ056279v1","849408","849712","136","1565563"
"chr1","2424706","2425013","KQ056279v1","849408","849712","132","1575298"
"chr1","2548533","2548840","KQ056279v1","849408","849712","140","1699125"
"chr1","2578696","2578774","KQ055893v1","1307174","1307227","34","1271522"
"chr1","2578775","2578832","KQ052970v1","21557311","21557365","13","18978536"
"chr1","2617146","2617450","KQ056279v1","849408","849712","132","1767738"
"chr1","2843242","2843528","KQ055766v1","3547210","3547415","135","703968"
"chr1","3010266","3010565","KQ056279v1","849408","849712","131","2160858"
"chr1","3200337","3200641","KQ056279v1","849408","849712","133","2350929"
"chr1","3256577","3256880","KQ056279v1","849408","849712","130","2407169"
"chr1","3343622","3343940","KQ056279v1","849408","849712","139","2494214"
"chr1","3425076","3425369","KQ056320v1","1110386","1110614","126","2314690"
"chr1","3485650","3485961","KQ056279v1","849408","849712","130","2636242"
"chr1","3513967","3514267","KQ056279v1","849408","849712","137","2664559"
"chr1","3655897","3656192","KQ056279v1","849408","849712","132","2806489"
"chr1","3744184","3744457","KQ055766v1","3547210","3547415","131","196974"
"chr1","3749880","3750182","KQ056279v1","849408","849712","133","2900472"
"chr1","3751610","3751900","KQ055766v1","3547210","3547415","142","204400"
"chr1","3757641","3757942","KQ056279v1","849408","849712","132","2908233"
"chr1","3793915","3794220","KQ056279v1","849408","849712","132","2944507"
"chr1","3798168","3798478","KQ056279v1","849408","849712","129","2948760"
"chr1","3803127","3803435","KQ056279v1","849408","849712","129","2953719"
"chr1","3807444","3807768","KQ056279v1","849408","849712","132","2958036"
"chr1","3830492","3830805","KQ056279v1","849408","849712","128","2981084"
"chr1","3836020","3836323","KQ056279v1","849408","849712","136","2986612"
"chr1","3842082","3842379","KQ056279v1","849408","849712","137","2992674"
"chr1","3848251","3848547","KQ056279v1","849408","849712","137","2998843"
"chr1","3866900","3867195","KQ056279v1","849408","849712","138","3017492"
"chr1","3887278","3887580","KQ056279v1","849408","849712","133","3037870"
"chr1","3894326","3894630","KQ056320v1","1110386","1110614","132","2783940"
"chr1","3897670","3897962","KQ056279v1","849408","849712","138","3048262"
"chr1","3901880","3902184","KQ056279v1","849408","849712","129","3052472"
"chr1","3935088","3935379","KQ055766v1","3547210","3547415","138","387878"
"chr1","3951151","3951443","KQ056279v1","849408","849712","132","3101743"
"chr1","4005845","4006127","KQ055766v1","3547210","3547415","135","458635"
"chr1","4007279","4007581","KQ056279v1","849408","849712","133","3157871"
"chr1","4013284","4013501","KQ056320v1","1110386","1110614","72","2902898"
"chr1","4043926","4044214","KQ055766v1","3547210","3547415","137","496716"
"chr1","4052006","4052309","KQ056279v1","849408","849712","134","3202598"
"chr1","4073586","4073893","KQ056279v1","849408","849712","131","3224178"
"chr1","4142389","4142678","KQ056279v1","849408","849712","141","3292981"
"chr1","4151793","4152101","KQ056279v1","849408","849712","134","3302385"
"chr1","4160908","4161208","KQ056279v1","849408","849712","130","3311500"
"chr1","4230185","4230476","KQ056279v1","849408","849712","140","3380777"
"chr1","4232385","4232692","KQ056279v1","849408","849712","130","3382977"
"chr1","4453101","4453410","KQ056279v1","849408","849712","135","3603693"
"chr1","4555383","4555694","KQ056279v1","849408","849712","130","3705975"
"chr1","4590142","4590450","KQ056279v1","849408","849712","131","3740734"
"chr1","4599163","4599470","KQ056320v1","1110386","1110614","131","3488777"
"chr1","4740504","4740805","KQ056279v1","849408","849712","134","3891096"
"chr1","4974497","4974798","KQ056279v1","849408","849712","131","4125089"
"chr1","5098485","5098783","KQ056279v1","849408","849712","133","4249077"
"chr1","5154658","5154953","KQ056279v1","849408","849712","137","4305250"
"chr1","5159646","5159941","KQ056279v1","849408","849712","132","4310238"
"chr1","5210453","5210759","KQ056279v1","849408","849712","133","4361045"
"chr1","5242494","5242795","KQ056320v1","1110386","1110614","132","4132108"
"chr1","5251677","5251964","KQ055766v1","3547210","3547415","136","1704467"
"chr1","5279528","5279837","KQ056279v1","849408","849712","131","4430120"
"chr1","5288481","5288786","KQ056279v1","849408","849712","133","4439073"
"chr1","5295383","5295702","KQ056279v1","849408","849712","132","4445975"
"chr1","5321720","5322020","KQ056279v1","849408","849712","140","4472312"
"chr1","5500254","5500554","KQ056320v1","1110386","1110614","131","4389868"
"chr1","5596164","5596476","KQ056279v1","849408","849712","134","4746756"
"chr1","5599932","5600227","KQ056279v1","849408","849712","128","4750524"
"chr1","5703955","5704265","KQ056279v1","849408","849712","135","4854547"
"chr1","5799230","5799533","KQ056279v1","849408","849712","135","4949822"
"chr1","5814869","5815168","KQ056279v1","849408","849712","131","4965461"
"chr1","5837666","5837963","KQ056279v1","849408","849712","137","4988258"
"chr1","5847925","5848218","KQ056279v1","849408","849712","136","4998517"
"chr1","5912257","5912567","KQ056279v1","849408","849712","133","5062849"
"chr1","5925604","5925914","KQ056279v1","849408","849712","130","5076196"
"chr1","6037871","6038176","KQ056279v1","849408","849712","127","5188463"
"chr1","6115031","6115237","KQ053278v1","1905148","1905302","93","4209883"
"chr1","6119149","6119211","KQ053089v1","728215","728274","12","5390934"
"chr1","6119212","6119397","KQ053278v1","1905148","1905302","84","4214064"
"chr1","6173102","6173403","KQ056279v1","849408","849712","133","5323694"
"chr1","6191386","6191702","KQ056279v1","849408","849712","135","5341978"
"chr1","6194894","6195158","KQ056320v1","1110386","1110614","113","5084508"
"chr1","6195164","6195464","KQ056279v1","849408","849712","139","5345756"
"chr1","6203977","6204272","KQ056279v1","849408","849712","130","5354569"
"chr1","6227574","6227878","KQ056279v1","849408","849712","131","5378166"
"chr1","6228339","6228641","KQ056279v1","849408","849712","132","5378931"
"chr1","6236785","6237076","KQ056279v1","849408","849712","136","5387377"
"chr1","6255202","6255475","KQ056279v1","849408","849712","120","5405794"
"chr1","6286949","6287084","KQ054191v1","2982721","2982848","49","3304228"
"chr1","6292880","6293188","KQ056320v1","1110386","1110614","128","5182494"
"chr1","6315470","6315783","KQ056279v1","849408","849712","137","5466062"
"chr1","6325118","6325417","KQ056279v1","849408","849712","133","5475710"
"chr1","6332535","6332850","KQ056279v1","849408","849712","133","5483127"
"chr1","6339954","6340265","KQ056279v1","849408","849712","133","5490546"
"chr1","6341461","6341752","KQ056279v1","849408","849712","139","5492053"
"chr1","6365491","6365783","KQ056320v1","1110386","1110614","136","5255105"
"chr1","6366917","6367214","KQ056279v1","849408","849712","135","5517509"
"chr1","6374996","6375283","KQ056279v1","849408","849712","132","5525588"
"chr1","6377789","6378063","KQ055766v1","3547210","3547415","124","2830579"
"chr1","6378900","6379193","KQ056279v1","849408","849712","138","5529492"
"chr1","6381854","6382130","KQ055766v1","3547210","3547415","122","2834644"
"chr1","6383190","6383486","KQ056279v1","849408","849712","135","5533782"
"chr1","6383709","6384003","KQ056279v1","849408","849712","139","5534301"
"chr1","6388109","6388408","KQ056279v1","849408","849712","134","5538701"
"chr1","6388757","6389065","KQ056279v1","849408","849712","130","5539349"
"chr1","6394582","6394892","KQ056320v1","1110386","1110614","131","5284196"
"chr1","6399686","6399986","KQ056279v1","849408","849712","139","5550278"
"chr1","6400576","6400879","KQ056279v1","849408","849712","129","5551168"
"chr1","6402258","6402559","KQ056279v1","849408","849712","128","5552850"
"chr1","6404426","6404707","KQ055766v1","3547210","3547415","129","2857216"
"chr1","6406146","6406451","KQ056279v1","849408","849712","126","5556738"
"chr1","6410006","6410316","KQ056279v1","849408","849712","133","5560598"
"chr1","6412418","6412720","KQ056279v1","849408","849712","132","5563010"
"chr1","6479276","6479585","KQ056279v1","849408","849712","133","5629868"
"chr1","6504559","6504868","KQ056279v1","849408","849712","131","5655151"
"chr1","6517944","6518231","KQ055766v1","3547210","3547415","140","2970734"
"chr1","6518847","6519140","KQ056279v1","849408","849712","137","5669439"
"chr1","6524739","6525038","KQ056279v1","849408","849712","132","5675331"
"chr1","6536065","6536345","KQ055766v1","3547210","3547415","128","2988855"
"chr1","6537841","6537959","KQ054804v1","1309512","1309610","38","5228329"
"chr1","6537960","6538011","KQ052970v1","21557311","21557365","8","15019351"
"chr1","6540119","6540421","KQ056320v1","1110386","1110614","132","5429733"
"chr1","6543194","6543492","KQ056279v1","849408","849712","135","5693786"
"chr1","6551750","6552058","KQ056279v1","849408","849712","133","5702342"
"chr1","6558886","6559192","KQ056279v1","849408","849712","132","5709478"
"chr1","6560701","6561007","KQ056279v1","849408","849712","127","5711293"
"chr1","6562170","6562467","KQ056279v1","849408","849712","141","5712762"
"chr1","6567280","6567579","KQ056279v1","849408","849712","133","5717872"
"chr1","6568169","6568482","KQ056279v1","849408","849712","131","5718761"
"chr1","6575686","6575993","KQ056279v1","849408","849712","136","5726278"
"chr1","6594421","6594717","KQ056279v1","849408","849712","137","5745013"
"chr1","6598601","6598911","KQ056320v1","1110386","1110614","130","5488215"
"chr1","6608273","6608552","KQ056320v1","1110386","1110614","111","5497887"
"chr1","6643278","6643574","KQ056279v1","849408","849712","138","5793870"
"chr1","6643879","6644114","KQ056320v1","1110386","1110614","99","5533493"
"chr1","6657656","6657944","KQ055766v1","3547210","3547415","136","3110446"
"chr1","6659776","6660089","KQ056279v1","849408","849712","131","5810368"
"chr1","6664233","6664537","KQ056279v1","849408","849712","128","5814825"
"chr1","6669957","6670207","KQ056320v1","1110386","1110614","102","5559571"
"chr1","6671250","6671535","KQ055766v1","3547210","3547415","135","3124040"
"chr1","6671537","6671818","KQ056279v1","849408","849712","129","5822129"
"chr1","6687355","6687656","KQ056279v1","849408","849712","132","5837947"
"chr1","6690645","6690846","KQ055766v1","3547210","3547415","90","3143435"
"chr1","6694684","6694996","KQ056279v1","849408","849712","137","5845276"
"chr1","6703838","6704155","KQ056279v1","849408","849712","131","5854430"
"chr1","6712989","6713287","KQ056279v1","849408","849712","134","5863581"
"chr1","6714159","6714458","KQ056279v1","849408","849712","136","5864751"
"chr1","6732451","6732731","KQ055766v1","3547210","3547415","128","3185241"
"chr1","6735360","6735693","KQ056279v1","849408","849712","154","5885952"
"chr1","6759271","6759571","KQ056279v1","849408","849712","132","5909863"
"chr1","6769810","6770123","KQ056279v1","849408","849712","129","5920402"
"chr1","6810525","6810813","KQ055766v1","3547210","3547415","137","3263315"
"chr1","6830025","6830343","KQ056279v1","849408","849712","137","5980617"
"chr1","6830807","6831117","KQ056279v1","849408","849712","130","5981399"
"chr1","6836941","6837254","KQ056279v1","849408","849712","138","5987533"
"chr1","6929352","6929662","KQ056279v1","849408","849712","135","6079944"
"chr1","6936711","6937006","KQ056279v1","849408","849712","130","6087303"
"chr1","6952149","6952456","KQ056279v1","849408","849712","130","6102741"
"chr1","7030840","7031001","KQ053520v1","1223334","1223471","62","5807506"
"chr1","7031028","7031120","KQ053223v1","3198961","3199032","45","3832067"
"chr1","7037558","7037850","KQ056279v1","849408","849712","136","6188150"
"chr1","7126769","7127068","KQ056279v1","849408","849712","133","6277361"
"chr1","7147140","7147439","KQ056279v1","849408","849712","132","6297732"
"chr1","7157062","7157373","KQ056279v1","849408","849712","131","6307654"
"chr1","7157878","7158176","KQ056279v1","849408","849712","137","6308470"
"chr1","7166074","7166365","KQ056279v1","849408","849712","132","6316666"
"chr1","7203818","7204137","KQ056279v1","849408","849712","130","6354410"
"chr1","7204810","7205128","KQ056279v1","849408","849712","139","6355402"
"chr1","7214361","7214665","KQ056279v1","849408","849712","130","6364953"
"chr1","7225092","7225383","KQ056279v1","849408","849712","139","6375684"
"chr1","7226827","7227132","KQ056279v1","849408","849712","128","6377419"
"chr1","7242648","7242766","KQ054804v1","1309512","1309610","43","5933136"
"chr1","7242811","7242991","KQ053520v1","1223334","1223471","72","6019477"
"chr1","7256278","7256584","KQ056279v1","849408","849712","132","6406870"
"chr1","7344747","7345050","KQ056279v1","849408","849712","135","6495339"
"chr1","7370901","7371210","KQ056320v1","1110386","1110614","131","6260515"
"chr1","7484508","7484802","KQ055766v1","3547210","3547415","136","3937298"
"chr1","7523597","7523908","KQ056279v1","849408","849712","132","6674189"
"chr1","7542881","7543166","KQ055766v1","3547210","3547415","137","3995671"
"chr1","7545944","7546255","KQ056279v1","849408","849712","131","6696536"
"chr1","7635326","7635627","KQ056279v1","849408","849712","135","6785918"
"chr1","7638986","7639278","KQ055766v1","3547210","3547415","138","4091776"
"chr1","7682890","7683202","KQ056279v1","849408","849712","137","6833482"
"chr1","7727122","7727421","KQ056279v1","849408","849712","129","6877714"
"chr1","7741282","7741574","KQ055766v1","3547210","3547415","139","4194072"
"chr1","7741853","7741936","KQ053643v1","500515","500594","27","7241338"
"chr1","7743815","7744126","KQ056279v1","849408","849712","132","6894407"
"chr1","7765746","7766045","KQ056279v1","849408","849712","130","6916338"
"chr1","7778914","7779224","KQ056279v1","849408","849712","131","6929506"
"chr1","7785975","7786261","KQ055766v1","3547210","3547415","137","4238765"
"chr1","7812345","7812649","KQ056320v1","1110386","1110614","132","6701959"
"chr1","7815704","7816017","KQ056279v1","849408","849712","135","6966296"
"chr1","7875063","7875373","KQ056279v1","849408","849712","129","7025655"
"chr1","7889785","7890076","KQ056279v1","849408","849712","140","7040377"
"chr1","7898472","7898741","KQ056320v1","1110386","1110614","103","6788086"
"chr1","7913760","7914013","KQ055766v1","3547210","3547415","114","4366550"
"chr1","7944266","7944553","KQ055766v1","3547210","3547415","136","4397056"
"chr1","7974348","7974641","KQ056279v1","849408","849712","140","7124940"
"chr1","7976711","7977019","KQ056279v1","849408","849712","131","7127303"
"chr1","7979876","7980177","KQ056279v1","849408","849712","133","7130468"
"chr1","7981656","7981957","KQ056279v1","849408","849712","136","7132248"
"chr1","7995793","7996094","KQ056279v1","849408","849712","133","7146385"
"chr1","7996303","7996599","KQ056279v1","849408","849712","134","7146895"
"chr1","8045230","8045483","KQ056320v1","1110386","1110614","103","6934844"
"chr1","8079706","8080010","KQ056279v1","849408","849712","134","7230298"
"chr1","8087549","8087767","KQ056320v1","1110386","1110614","76","6977163"
"chr1","8112092","8112398","KQ056279v1","849408","849712","134","7262684"
"chr1","8137138","8137442","KQ056279v1","849408","849712","133","7287730"
"chr1","8144928","8145238","KQ056320v1","1110386","1110614","134","7034542"
"chr1","8146936","8147246","KQ056279v1","849408","849712","135","7297528"
"chr1","8164264","8164564","KQ056279v1","849408","849712","129","7314856"
"chr1","8171000","8171295","KQ056279v1","849408","849712","138","7321592"
"chr1","8173346","8173644","KQ056279v1","849408","849712","139","7323938"
"chr1","8198965","8199251","KQ056320v1","1110386","1110614","112","7088579"
"chr1","8240746","8241065","KQ056279v1","849408","849712","136","7391338"
"chr1","8241069","8241377","KQ056279v1","849408","849712","130","7391661"
"chr1","8243580","8243763","KQ053278v1","1905148","1905302","77","6338432"
"chr1","8255014","8255302","KQ055766v1","3547210","3547415","135","4707804"
"chr1","8258100","8258394","KQ056279v1","849408","849712","139","7408692"
"chr1","8261717","8262018","KQ056279v1","849408","849712","135","7412309"
"chr1","8262055","8262363","KQ056320v1","1110386","1110614","133","7151669"
"chr1","8275222","8275513","KQ056279v1","849408","849712","137","7425814"
"chr1","8279116","8279401","KQ055766v1","3547210","3547415","136","4731906"
"chr1","8331797","8332091","KQ056279v1","849408","849712","138","7482389"
"chr1","8337428","8337716","KQ055766v1","3547210","3547415","138","4790218"
"chr1","8341926","8342233","KQ056279v1","849408","849712","129","7492518"
"chr1","8368188","8368499","KQ056279v1","849408","849712","126","7518780"
"chr1","8369801","8370089","KQ055766v1","3547210","3547415","138","4822591"
"chr1","8385731","8385993","KQ056320v1","1110386","1110614","100","7275345"
"chr1","8416304","8416615","KQ056279v1","849408","849712","135","7566896"
"chr1","8426174","8426468","KQ056279v1","849408","849712","134","7576766"
"chr1","8446676","8446978","KQ056279v1","849408","849712","136","7597268"
"chr1","8467636","8467943","KQ056279v1","849408","849712","130","7618228"
"chr1","8482400","8482707","KQ056320v1","1110386","1110614","131","7372014"
"chr1","8489769","8490069","KQ053387v1","3926299","3926571","139","4563470"
"chr1","8494445","8494736","KQ056279v1","849408","849712","138","7645037"
"chr1","8529285","8529599","KQ056279v1","849408","849712","138","7679877"
"chr1","8576889","8577190","KQ056279v1","849408","849712","135","7727481"
"chr1","8600751","8601016","KQ056320v1","1110386","1110614","104","7490365"
"chr1","8634746","8635034","KQ055766v1","3547210","3547415","133","5087536"
"chr1","8638784","8639072","KQ056279v1","849408","849712","137","7789376"
"chr1","8657021","8657336","KQ056279v1","849408","849712","130","7807613"
"chr1","8697397","8697687","KQ056279v1","849408","849712","136","7847989"
"chr1","8705835","8706141","KQ056320v1","1110386","1110614","133","7595449"
"chr1","8708906","8709218","KQ056279v1","849408","849712","129","7859498"
"chr1","8710515","8710814","KQ056279v1","849408","849712","134","7861107"
"chr1","8732803","8733120","KQ056279v1","849408","849712","136","7883395"
"chr1","8736225","8736506","KQ055766v1","3547210","3547415","134","5189015"
"chr1","8747013","8747300","KQ056279v1","849408","849712","137","7897605"
"chr1","8771629","8771939","KQ056320v1","1110386","1110614","130","7661243"
"chr1","8777534","8777834","KQ056279v1","849408","849712","135","7928126"
"chr1","8794116","8794381","KQ056320v1","1110386","1110614","121","7683730"
"chr1","8808856","8809160","KQ056320v1","1110386","1110614","134","7698470"
"chr1","8829090","8829376","KQ056279v1","849408","849712","121","7979682"
"chr1","8833802","8834102","KQ056279v1","849408","849712","138","7984394"
"chr1","8842025","8842372","KQ056279v1","849408","849712","157","7992617"
"chr1","8867553","8867829","KQ055766v1","3547210","3547415","131","5320343"
"chr1","8876616","8876691","KQ056108v1","962331","962397","17","7914285"
"chr1","8876692","8876816","KQ058355v1","1518506","1518613","46","7358186"
"chr1","8876993","8877251","KQ055766v1","3547210","3547415","127","5329783"
"chr1","8882431","8882760","KQ056279v1","849408","849712","145","8033023"
"chr1","8888724","8889031","KQ056279v1","849408","849712","131","8039316"
"chr1","8890572","8890876","KQ056279v1","849408","849712","133","8041164"
"chr1","8892861","8893161","KQ056320v1","1110386","1110614","132","7782475"
"chr1","8906589","8906892","KQ056279v1","849408","849712","135","8057181"
"chr1","8927939","8928250","KQ056279v1","849408","849712","127","8078531"
"chr1","8934435","8934737","KQ056279v1","849408","849712","134","8085027"
"chr1","8978356","8978666","KQ056279v1","849408","849712","131","8128948"
"chr1","8995167","8995463","KQ056279v1","849408","849712","139","8145759"
"chr1","9023326","9023618","KQ056279v1","849408","849712","138","8173918"
"chr1","9026887","9027197","KQ056279v1","849408","849712","133","8177479"
"chr1","9032593","9032881","KQ055766v1","3547210","3547415","139","5485383"
"chr1","9036559","9036869","KQ056279v1","849408","849712","133","8187151"
"chr1","9059133","9059442","KQ056279v1","849408","849712","132","8209725"
"chr1","9063682","9063994","KQ056279v1","849408","849712","132","8214274"
"chr1","9087194","9087503","KQ056320v1","1110386","1110614","135","7976808"
"chr1","9088503","9088810","KQ056279v1","849408","849712","132","8239095"
"chr1","9108796","9109075","KQ056279v1","849408","849712","136","8259388"
"chr1","9136178","9136479","KQ056279v1","849408","849712","125","8286770"
"chr1","9204910","9205210","KQ056279v1","849408","849712","137","8355502"
"chr1","9218378","9218682","KQ056279v1","849408","849712","130","8368970"
"chr1","9230539","9230848","KQ056320v1","1110386","1110614","128","8120153"
"chr1","9258984","9259287","KQ056279v1","849408","849712","127","8409576"
"chr1","9277317","9277616","KQ056279v1","849408","849712","134","8427909"
"chr1","9291177","9291484","KQ056279v1","849408","849712","129","8441769"
"chr1","9343783","9344087","KQ056279v1","849408","849712","132","8494375"
"chr1","9389293","9389594","KQ056279v1","849408","849712","127","8539885"
"chr1","9396377","9396687","KQ056279v1","849408","849712","137","8546969"
"chr1","9420633","9420916","KQ055766v1","3547210","3547415","135","5873423"
"chr1","9463752","9464049","KQ056320v1","1110386","1110614","141","8353366"
"chr1","9508729","9509037","KQ056279v1","849408","849712","126","8659321"
"chr1","9511874","9512197","KQ056279v1","849408","849712","137","8662466"
"chr1","9517447","9517743","KQ056279v1","849408","849712","134","8668039"
"chr1","9519372","9519662","KQ056279v1","849408","849712","135","8669964"
"chr1","9521735","9522043","KQ056320v1","1110386","1110614","129","8411349"
"chr1","9523156","9523460","KQ056279v1","849408","849712","130","8673748"
"chr1","9523562","9523873","KQ056279v1","849408","849712","131","8674154"
"chr1","9527194","9527348","KQ053278v1","1905148","1905302","58","7622046"
"chr1","9533797","9534100","KQ056320v1","1110386","1110614","133","8423411"
"chr1","9541148","9541448","KQ056320v1","1110386","1110614","132","8430762"
"chr1","9541797","9542095","KQ056279v1","849408","849712","133","8692389"
"chr1","9546175","9546483","KQ056279v1","849408","849712","130","8696767"
"chr1","9553212","9553531","KQ056279v1","849408","849712","128","8703804"
"chr1","9555111","9555417","KQ056279v1","849408","849712","129","8705703"
"chr1","9560327","9560572","KQ056320v1","1110386","1110614","113","8449941"
"chr1","9562920","9563223","KQ056279v1","849408","849712","137","8713512"
"chr1","9565246","9565527","KQ056279v1","849408","849712","125","8715838"
"chr1","9565597","9565904","KQ056279v1","849408","849712","132","8716189"
"chr1","9568570","9568863","KQ056279v1","849408","849712","136","8719162"
"chr1","9572331","9572632","KQ056279v1","849408","849712","136","8722923"
"chr1","9574932","9575241","KQ056279v1","849408","849712","132","8725524"
"chr1","9577928","9578217","KQ056279v1","849408","849712","134","8728520"
"chr1","9583736","9584010","KQ056320v1","1110386","1110614","118","8473350"
"chr1","9587953","9588249","KQ056279v1","849408","849712","137","8738545"
"chr1","9616436","9616733","KQ056279v1","849408","849712","135","8767028"
"chr1","9622812","9623114","KQ056279v1","849408","849712","136","8773404"
"chr1","9624648","9624973","KQ056279v1","849408","849712","149","8775240"
"chr1","9632859","9633157","KQ056279v1","849408","849712","130","8783451"
"chr1","9636886","9637191","KQ056320v1","1110386","1110614","130","8526500"
"chr1","9638451","9638750","KQ056279v1","849408","849712","136","8789043"
"chr1","9661715","9662007","KQ055766v1","3547210","3547415","138","6114505"
"chr1","9683157","9683467","KQ056279v1","849408","849712","130","8833749"
"chr1","9707780","9708093","KQ056279v1","849408","849712","127","8858372"
"chr1","9739815","9740115","KQ056279v1","849408","849712","129","8890407"
"chr1","9747764","9748061","KQ056279v1","849408","849712","133","8898356"
"chr1","9756785","9757076","KQ056279v1","849408","849712","134","8907377"
"chr1","9757245","9757540","KQ056279v1","849408","849712","133","8907837"
"chr1","9759271","9759581","KQ056279v1","849408","849712","136","8909863"
"chr1","9771979","9772140","KQ057648v1","4146126","4146286","57","5625853"
"chr1","9772167","9772281","KQ054804v1","1309512","1309610","44","8462655"
"chr1","9787403","9787688","KQ056279v1","849408","849712","120","8937995"
"chr1","9788586","9788893","KQ056279v1","849408","849712","134","8939178"
"chr1","9790852","9791162","KQ056320v1","1110386","1110614","139","8680466"
"chr1","9796395","9796704","KQ056279v1","849408","849712","137","8946987"
"chr1","9799361","9799660","KQ056279v1","849408","849712","137","8949953"
"chr1","9800438","9800759","KQ056279v1","849408","849712","127","8951030"
"chr1","9806598","9806908","KQ056279v1","849408","849712","130","8957190"
"chr1","9813818","9814122","KQ056279v1","849408","849712","134","8964410"
"chr1","9818778","9819093","KQ056279v1","849408","849712","129","8969370"
"chr1","9828875","9829166","KQ055766v1","3547210","3547415","138","6281665"
"chr1","9832145","9832458","KQ056279v1","849408","849712","132","8982737"
"chr1","9837371","9837672","KQ056279v1","849408","849712","132","8987963"
"chr1","9838375","9838687","KQ056279v1","849408","849712","131","8988967"
"chr1","9857199","9857507","KQ056279v1","849408","849712","140","9007791"
"chr1","9864336","9864627","KQ056279v1","849408","849712","138","9014928"
"chr1","9865319","9865633","KQ056279v1","849408","849712","134","9015911"
"chr1","9892143","9892439","KQ056279v1","849408","849712","132","9042735"
"chr1","9894906","9895206","KQ056279v1","849408","849712","131","9045498"
"chr1","9905427","9905729","KQ056279v1","849408","849712","139","9056019"
"chr1","9919075","9919357","KQ055766v1","3547210","3547415","134","6371865"
"chr1","9931250","9931561","KQ056279v1","849408","849712","129","9081842"
"chr1","9932970","9933284","KQ056279v1","849408","849712","137","9083562"
"chr1","9937113","9937415","KQ056279v1","849408","849712","135","9087705"
"chr1","9940180","9940478","KQ056279v1","849408","849712","129","9090772"
"chr1","9940482","9940616","KQ054191v1","2982721","2982848","52","6957761"
"chr1","9952029","9952318","KQ056279v1","849408","849712","130","9102621"
"chr1","9962202","9962499","KQ056279v1","849408","849712","132","9112794"
"chr1","9962678","9962980","KQ056279v1","849408","849712","132","9113270"
"chr1","9968069","9968371","KQ056279v1","849408","849712","137","9118661"
"chr1","9968489","9968789","KQ056279v1","849408","849712","127","9119081"
"chr1","9970413","9970707","KQ056320v1","1110386","1110614","133","8860027"
"chr1","9973426","9973732","KQ056279v1","849408","849712","132","9124018"
"chr1","9974391","9974687","KQ056279v1","849408","849712","134","9124983"
"chr1","9979519","9979818","KQ056279v1","849408","849712","129","9130111"
"chr1","9987360","9987643","KQ055766v1","3547210","3547415","135","6440150"
"chr1","9992630","9992936","KQ056279v1","849408","849712","134","9143222"
"chr1","9998396","9998706","KQ056279v1","849408","849712","135","9148988"
"chr1","10017201","10017494","KQ056279v1","849408","849712","137","9167793"
"chr1","10019247","10019546","KQ056279v1","849408","849712","131","9169839"
"chr1","10023595","10023887","KQ053387v1","3926299","3926571","137","6097296"
"chr1","10026268","10026569","KQ056320v1","1110386","1110614","133","8915882"
"chr1","10031900","10032187","KQ055766v1","3547210","3547415","138","6484690"
"chr1","10034992","10035296","KQ056279v1","849408","849712","135","9185584"
"chr1","10035390","10035705","KQ056279v1","849408","849712","132","9185982"
"chr1","10035761","10036043","KQ055766v1","3547210","3547415","132","6488551"
"chr1","10043422","10043727","KQ056279v1","849408","849712","131","9194014"
"chr1","10053139","10053448","KQ056279v1","849408","849712","131","9203731"
"chr1","10067728","10068027","KQ056279v1","849408","849712","131","9218320"
"chr1","10085960","10086270","KQ056320v1","1110386","1110614","132","8975574"
"chr1","10099981","10100288","KQ056279v1","849408","849712","133","9250573"
"chr1","10101499","10101806","KQ056279v1","849408","849712","133","9252091"
"chr1","10138102","10138396","KQ056279v1","849408","849712","135","9288694"
"chr1","10145316","10145627","KQ056279v1","849408","849712","131","9295908"
"chr1","10147946","10148240","KQ056279v1","849408","849712","135","9298538"
"chr1","10150880","10151176","KQ056279v1","849408","849712","135","9301472"
"chr1","10159391","10159709","KQ056279v1","849408","849712","136","9309983"
"chr1","10168612","10168919","KQ056320v1","1110386","1110614","129","9058226"
"chr1","10173197","10173494","KQ056279v1","849408","849712","132","9323789"
"chr1","10175371","10175650","KQ055766v1","3547210","3547415","123","6628161"
"chr1","10175678","10175700","KQ053135v1","5226462","5226474","11","4949216"
"chr1","10183443","10183739","KQ056279v1","849408","849712","134","9334035"
"chr1","10199515","10199816","KQ056320v1","1110386","1110614","134","9089129"
"chr1","10202165","10202469","KQ056279v1","849408","849712","129","9352757"
"chr1","10206521","10206616","KQ054301v1","2802436","2802513","31","7404085"
"chr1","10229576","10229895","KQ056279v1","849408","849712","134","9380168"
"chr1","10239775","10240064","KQ055766v1","3547210","3547415","135","6692565"
"chr1","10244616","10244911","KQ056279v1","849408","849712","137","9395208"
"chr1","10254595","10254900","KQ056279v1","849408","849712","133","9405187"
"chr1","10282925","10283231","KQ056279v1","849408","849712","126","9433517"
"chr1","10291429","10291723","KQ056279v1","849408","849712","137","9442021"
"chr1","10313549","10313849","KQ056279v1","849408","849712","129","9464141"
"chr1","10332502","10332814","KQ056320v1","1110386","1110614","130","9222116"
"chr1","10333410","10333695","KQ055766v1","3547210","3547415","136","6786200"
"chr1","10364725","10365024","KQ056279v1","849408","849712","128","9515317"
"chr1","10372664","10372798","KQ054804v1","1309512","1309610","60","9063152"
"chr1","10373115","10373257","KQ054191v1","2982721","2982848","50","7390394"
"chr1","10384846","10385155","KQ056279v1","849408","849712","132","9535438"
"chr1","10386543","10386847","KQ056279v1","849408","849712","134","9537135"
"chr1","10390504","10390805","KQ056279v1","849408","849712","132","9541096"
"chr1","10402529","10402822","KQ056279v1","849408","849712","139","9553121"
"chr1","10405855","10406152","KQ056279v1","849408","849712","144","9556447"
"chr1","10420858","10421154","KQ056320v1","1110386","1110614","128","9310472"
"chr1","10441621","10441924","KQ056279v1","849408","849712","127","9592213"
"chr1","10447698","10448006","KQ056279v1","849408","849712","129","9598290"
"chr1","10454167","10454471","KQ056279v1","849408","849712","128","9604759"
"chr1","10455492","10455793","KQ056279v1","849408","849712","130","9606084"
"chr1","10460908","10461207","KQ056279v1","849408","849712","135","9611500"
"chr1","10461861","10462157","KQ055766v1","3547210","3547415","141","6914651"
"chr1","10470415","10470724","KQ056320v1","1110386","1110614","134","9360029"
"chr1","10470782","10471086","KQ056279v1","849408","849712","130","9621374"
"chr1","10477071","10477369","KQ056279v1","849408","849712","135","9627663"
"chr1","10478750","10479050","KQ056279v1","849408","849712","137","9629342"
"chr1","10488499","10488802","KQ056279v1","849408","849712","134","9639091"
"chr1","10508195","10508490","KQ056279v1","849408","849712","123","9658787"
"chr1","10508944","10509246","KQ056279v1","849408","849712","141","9659536"
"chr1","10511972","10512257","KQ055766v1","3547210","3547415","139","6964762"
"chr1","10546585","10546884","KQ056279v1","849408","849712","134","9697177"
"chr1","10554008","10554324","KQ056279v1","849408","849712","141","9704600"
"chr1","10572535","10572835","KQ056279v1","849408","849712","138","9723127"
"chr1","10577563","10577845","KQ056320v1","1110386","1110614","113","9467177"
"chr1","10586629","10586923","KQ056320v1","1110386","1110614","112","9476243"
"chr1","10619824","10620142","KQ056279v1","849408","849712","138","9770416"
"chr1","10645249","10645535","KQ055766v1","3547210","3547415","138","7098039"
"chr1","10840615","10840925","KQ056279v1","849408","849712","131","9991207"
"chr1","10885612","10885924","KQ056279v1","849408","849712","135","10036204"
"chr1","10915046","10915366","KQ056279v1","849408","849712","136","10065638"
"chr1","10918939","10919241","KQ056279v1","849408","849712","129","10069531"
"chr1","10921377","10921668","KQ055766v1","3547210","3547415","140","7374167"
"chr1","10927988","10928286","KQ056279v1","849408","849712","137","10078580"
"chr1","10932641","10932932","KQ056279v1","849408","849712","137","10083233"
"chr1","10956472","10956776","KQ056279v1","849408","849712","128","10107064"
"chr1","11001499","11001805","KQ056279v1","849408","849712","131","10152091"
"chr1","11004426","11004726","KQ056320v1","1110386","1110614","133","9894040"
"chr1","11006457","11006725","KQ056320v1","1110386","1110614","113","9896071"
"chr1","11019572","11019865","KQ056279v1","849408","849712","138","10170164"
"chr1","11028698","11028981","KQ056320v1","1110386","1110614","115","9918312"
"chr1","11028984","11029299","KQ056279v1","849408","849712","132","10179576"
"chr1","11031242","11031546","KQ056279v1","849408","849712","140","10181834"
"chr1","11049728","11050017","KQ055766v1","3547210","3547415","141","7502518"
"chr1","11055418","11055713","KQ056279v1","849408","849712","137","10206010"
"chr1","11057324","11057561","KQ057648v1","4146126","4146286","117","6911198"
"chr1","11067150","11067452","KQ056279v1","849408","849712","134","10217742"
"chr1","11095432","11095737","KQ056279v1","849408","849712","131","10246024"
"chr1","11097445","11097740","KQ056279v1","849408","849712","132","10248037"
"chr1","11119285","11119599","KQ056279v1","849408","849712","132","10269877"
"chr1","11141705","11142002","KQ055766v1","3547210","3547415","142","7594495"
"chr1","11142035","11142045","KQ053135v1","5226462","5226474","3","5915573"
"chr1","11164063","11164354","KQ056279v1","849408","849712","129","10314655"
"chr1","11167788","11168084","KQ056279v1","849408","849712","133","10318380"
"chr1","11172276","11172578","KQ056279v1","849408","849712","138","10322868"
"chr1","11185800","11186105","KQ056279v1","849408","849712","129","10336392"
"chr1","11200734","11201030","KQ056279v1","849408","849712","137","10351326"
"chr1","11217397","11217710","KQ056279v1","849408","849712","144","10367989"
"chr1","11222201","11222496","KQ056279v1","849408","849712","134","10372793"
"chr1","11238764","11239073","KQ056279v1","849408","849712","140","10389356"
"chr1","11241041","11241341","KQ056279v1","849408","849712","131","10391633"
"chr1","11261221","11261487","KQ056320v1","1110386","1110614","113","10150835"
"chr1","11270746","11271053","KQ056320v1","1110386","1110614","129","10160360"
"chr1","11271255","11271542","KQ055766v1","3547210","3547415","142","7724045"
"chr1","11287649","11287952","KQ056320v1","1110386","1110614","133","10177263"
"chr1","11304346","11304647","KQ056279v1","849408","849712","134","10454938"
"chr1","11318329","11318617","KQ053387v1","3926299","3926571","140","7392030"
"chr1","11322554","11322872","KQ056279v1","849408","849712","137","10473146"
"chr1","11329820","11330118","KQ056279v1","849408","849712","135","10480412"
"chr1","11334030","11334338","KQ056279v1","849408","849712","132","10484622"
"chr1","11370529","11370809","KQ055766v1","3547210","3547415","128","7823319"
"chr1","11381524","11381655","KQ054804v1","1309512","1309610","50","10072012"
"chr1","11381660","11381958","KQ056279v1","849408","849712","134","10532252"
"chr1","11389693","11390002","KQ056279v1","849408","849712","132","10540285"
"chr1","11497394","11497687","KQ056279v1","849408","849712","140","10647986"
"chr1","11509829","11510124","KQ056279v1","849408","849712","122","10660421"
"chr1","11548086","11548401","KQ056279v1","849408","849712","132","10698678"
"chr1","11549633","11549931","KQ056279v1","849408","849712","135","10700225"
"chr1","11584370","11584452","KQ053945v1","3805","3878","33","11580565"
"chr1","11628043","11628348","KQ056279v1","849408","849712","132","10778635"
"chr1","11635643","11635949","KQ056279v1","849408","849712","130","10786235"
"chr1","11662945","11663256","KQ056279v1","849408","849712","136","10813537"
"chr1","11669932","11670228","KQ056279v1","849408","849712","136","10820524"
"chr1","11674023","11674333","KQ056279v1","849408","849712","132","10824615"
"chr1","11710633","11710935","KQ056279v1","849408","849712","143","10861225"
"chr1","11758052","11758358","KQ056279v1","849408","849712","130","10908644"
"chr1","11769675","11769959","KQ056320v1","1110386","1110614","128","10659289"
"chr1","11781629","11781931","KQ056320v1","1110386","1110614","133","10671243"
"chr1","11814751","11815050","KQ056279v1","849408","849712","133","10965343"
"chr1","11820485","11820785","KQ056279v1","849408","849712","133","10971077"
"chr1","11843165","11843467","KQ056320v1","1110386","1110614","136","10732779"
"chr1","11846319","11846619","KQ056279v1","849408","849712","135","10996911"
"chr1","11884109","11884421","KQ056279v1","849408","849712","129","11034701"
"chr1","11890412","11890698","KQ056320v1","1110386","1110614","126","10780026"
"chr1","11896698","11897007","KQ056279v1","849408","849712","132","11047290"
"chr1","11897747","11898057","KQ056279v1","849408","849712","132","11048339"
"chr1","11916111","11916420","KQ056279v1","849408","849712","131","11066703"
"chr1","11917655","11917953","KQ056279v1","849408","849712","134","11068247"
"chr1","11951648","11951941","KQ056279v1","849408","849712","125","11102240"
"chr1","11962265","11962575","KQ056279v1","849408","849712","133","11112857"
"chr1","11983045","11983370","KQ056279v1","849408","849712","145","11133637"
"chr1","11994307","11994618","KQ056279v1","849408","849712","127","11144899"
"chr1","12021113","12021423","KQ056279v1","849408","849712","126","11171705"
"chr1","12036125","12036423","KQ055766v1","3547210","3547415","143","8488915"
"chr1","12070243","12070503","KQ056320v1","1110386","1110614","92","10959857"
"chr1","12092496","12092807","KQ056279v1","849408","849712","132","11243088"
"chr1","12154438","12154757","KQ056279v1","849408","849712","138","11305030"
"chr1","12197844","12198141","KQ056279v1","849408","849712","137","11348436"
"chr1","12217111","12217411","KQ056279v1","849408","849712","137","11367703"
"chr1","12223102","12223408","KQ056279v1","849408","849712","133","11373694"
"chr1","12225350","12225646","KQ056279v1","849408","849712","137","11375942"
"chr1","12260016","12260324","KQ056320v1","1110386","1110614","133","11149630"
"chr1","12290442","12290737","KQ056279v1","849408","849712","140","11441034"
"chr1","12305957","12306230","KQ056320v1","1110386","1110614","101","11195571"
"chr1","12322055","12322314","KQ056320v1","1110386","1110614","89","11211669"
"chr1","12331449","12331738","KQ056320v1","1110386","1110614","114","11221063"
"chr1","12353252","12353556","KQ056320v1","1110386","1110614","131","11242866"
"chr1","12367593","12367905","KQ056279v1","849408","849712","148","11518185"
"chr1","12379772","12380068","KQ056279v1","849408","849712","140","11530364"
"chr1","12493207","12493501","KQ056279v1","849408","849712","128","11643799"
"chr1","12495150","12495457","KQ056279v1","849408","849712","140","11645742"
"chr1","12512335","12512450","KQ053147v1","249910","249999","41","12262425"
"chr1","12512553","12512745","KQ053520v1","1223334","1223471","83","11289219"
"chr1","12515777","12516065","KQ055766v1","3547210","3547415","140","8968567"
"chr1","12516070","12516372","KQ056279v1","849408","849712","135","11666662"
"chr1","12520696","12520991","KQ056279v1","849408","849712","138","11671288"
"chr1","12559967","12560259","KQ056279v1","849408","849712","137","11710559"
"chr1","12572160","12572469","KQ056279v1","849408","849712","131","11722752"
"chr1","12576281","12576582","KQ056279v1","849408","849712","130","11726873"
"chr1","12627649","12627963","KQ056279v1","849408","849712","130","11778241"
"chr1","12633306","12633617","KQ056279v1","849408","849712","135","11783898"
"chr1","12642532","12642843","KQ056279v1","849408","849712","130","11793124"
"chr1","12665214","12665524","KQ056279v1","849408","849712","128","11815806"
"chr1","12690759","12691051","KQ055766v1","3547210","3547415","138","9143549"
"chr1","12707852","12708145","KQ056279v1","849408","849712","135","11858444"
"chr1","12744808","12745102","KQ056279v1","849408","849712","135","11895400"
"chr1","12764923","12765238","KQ056279v1","849408","849712","129","11915515"
"chr1","12854345","12854555","KQ056320v1","1110386","1110614","79","11743959"
"chr1","12922255","12922548","KQ056279v1","849408","849712","138","12072847"
"chr1","12952586","12952858","KQ056320v1","1110386","1110614","109","11842200"
"chr1","13009820","13010122","KQ056279v1","849408","849712","132","12160412"
"chr1","13089247","13089563","KQ056279v1","849408","849712","134","12239839"
"chr1","13122097","13122312","KQ056320v1","1110386","1110614","75","12011711"
"chr1","13137226","13137542","KQ056279v1","849408","849712","135","12287818"
"chr1","13218837","13219138","KQ056279v1","849408","849712","132","12369429"
"chr1","13229749","13230056","KQ056279v1","849408","849712","132","12380341"
"chr1","13235314","13235617","KQ056279v1","849408","849712","127","12385906"
"chr1","13238761","13239063","KQ056279v1","849408","849712","131","12389353"
"chr1","13248934","13249206","KQ056320v1","1110386","1110614","108","12138548"
"chr1","13279237","13279530","KQ056279v1","849408","849712","138","12429829"
"chr1","13364578","13364873","KQ056279v1","849408","849712","136","12515170"
"chr1","13373677","13373978","KQ056279v1","849408","849712","136","12524269"
"chr1","13376032","13376337","KQ056279v1","849408","849712","132","12526624"
"chr1","13396318","13396640","KQ056279v1","849408","849712","140","12546910"
"chr1","13417735","13417910","KQ053520v1","1223334","1223471","67","12194401"
"chr1","13417954","13418073","KQ054804v1","1309512","1309610","41","12108442"
"chr1","13428783","13429061","KQ055766v1","3547210","3547415","125","9881573"
"chr1","13441574","13441881","KQ056320v1","1110386","1110614","134","12331188"
"chr1","13444166","13444458","KQ056279v1","849408","849712","134","12594758"
"chr1","13444570","13444873","KQ056279v1","849408","849712","135","12595162"
"chr1","13447908","13448202","KQ056279v1","849408","849712","129","12598500"
"chr1","13452160","13452393","KQ055766v1","3547210","3547415","93","9904950"
"chr1","13466132","13466426","KQ055766v1","3547210","3547415","138","9918922"
"chr1","13472587","13472899","KQ056320v1","1110386","1110614","134","12362201"
"chr1","13481380","13481694","KQ056279v1","849408","849712","126","12631972"
"chr1","13485296","13485589","KQ056279v1","849408","849712","133","12635888"
"chr1","13525792","13526089","KQ056320v1","1110386","1110614","122","12415406"
"chr1","13527411","13527705","KQ056279v1","849408","849712","139","12678003"
"chr1","13530277","13530580","KQ056279v1","849408","849712","131","12680869"
"chr1","13530862","13531166","KQ056279v1","849408","849712","142","12681454"
"chr1","13546512","13546787","KQ056320v1","1110386","1110614","106","12436126"
"chr1","13552677","13552977","KQ056279v1","849408","849712","137","12703269"
"chr1","13568522","13568810","KQ055766v1","3547210","3547415","136","10021312"
"chr1","13574568","13574902","KQ056279v1","849408","849712","149","12725160"
"chr1","13594706","13595024","KQ056279v1","849408","849712","134","12745298"
"chr1","13602074","13602339","KQ056320v1","1110386","1110614","116","12491688"
"chr1","13610941","13611248","KQ056279v1","849408","849712","130","12761533"
"chr1","13625666","13625964","KQ056279v1","849408","849712","138","12776258"
"chr1","13630300","13630606","KQ056279v1","849408","849712","135","12780892"
"chr1","13634434","13634740","KQ056279v1","849408","849712","129","12785026"
"chr1","13640489","13640797","KQ056279v1","849408","849712","129","12791081"
"chr1","13643515","13643817","KQ056279v1","849408","849712","132","12794107"
"chr1","13649024","13649320","KQ056279v1","849408","849712","142","12799616"
"chr1","13660741","13661036","KQ056279v1","849408","849712","143","12811333"
"chr1","13668328","13668631","KQ056279v1","849408","849712","132","12818920"
"chr1","13671826","13671958","KQ053520v1","1223334","1223471","52","12448492"
"chr1","13680856","13681152","KQ056279v1","849408","849712","137","12831448"
"chr1","13690502","13690802","KQ056279v1","849408","849712","128","12841094"
"chr1","13694578","13694877","KQ056279v1","849408","849712","137","12845170"
"chr1","13710805","13711100","KQ056320v1","1110386","1110614","132","12600419"
"chr1","13713874","13714168","KQ056279v1","849408","849712","131","12864466"
"chr1","13739036","13739347","KQ056279v1","849408","849712","135","12889628"
"chr1","13743118","13743426","KQ056279v1","849408","849712","136","12893710"
"chr1","13755970","13756282","KQ056279v1","849408","849712","135","12906562"
"chr1","13768075","13768382","KQ056279v1","849408","849712","139","12918667"
"chr1","13771450","13771748","KQ056279v1","849408","849712","134","12922042"
"chr1","13774695","13774989","KQ056279v1","849408","849712","127","12925287"
"chr1","13785824","13786135","KQ056279v1","849408","849712","136","12936416"
"chr1","13808210","13808483","KQ056320v1","1110386","1110614","126","12697824"
"chr1","13810483","13810792","KQ056279v1","849408","849712","127","12961075"
"chr1","13817719","13817947","KQ055766v1","3547210","3547415","94","10270509"
"chr1","13822387","13822691","KQ056320v1","1110386","1110614","132","12712001"
"chr1","13825433","13825729","KQ056279v1","849408","849712","135","12976025"
"chr1","13839022","13839332","KQ056279v1","849408","849712","127","12989614"
"chr1","13864201","13864398","KQ056320v1","1110386","1110614","80","12753815"
"chr1","13875608","13875915","KQ056320v1","1110386","1110614","133","12765222"
"chr1","13921633","13921930","KQ056279v1","849408","849712","140","13072225"
"chr1","13923292","13923592","KQ056279v1","849408","849712","127","13073884"
"chr1","13958289","13958596","KQ056279v1","849408","849712","134","13108881"
"chr1","13979647","13979954","KQ056279v1","849408","849712","129","13130239"
"chr1","13984007","13984309","KQ056279v1","849408","849712","137","13134599"
"chr1","14060085","14060386","KQ056279v1","849408","849712","130","13210677"
"chr1","14082914","14083092","KQ053278v1","1905148","1905302","79","12177766"
"chr1","14092083","14092390","KQ056279v1","849408","849712","132","13242675"
"chr1","14162533","14162843","KQ056320v1","1110386","1110614","133","13052147"
"chr1","14175100","14175402","KQ056279v1","849408","849712","131","13325692"
"chr1","14211211","14211523","KQ056279v1","849408","849712","130","13361803"
"chr1","14258222","14258529","KQ056279v1","849408","849712","140","13408814"
"chr1","14328422","14328715","KQ056279v1","849408","849712","140","13479014"
"chr1","14349855","14350152","KQ056279v1","849408","849712","138","13500447"
"chr1","14353226","14353518","KQ056279v1","849408","849712","132","13503818"
"chr1","14365050","14365342","KQ056279v1","849408","849712","135","13515642"
"chr1","14375605","14375911","KQ056279v1","849408","849712","131","13526197"
"chr1","14413309","14413618","KQ056279v1","849408","849712","131","13563901"
"chr1","14447257","14447538","KQ055766v1","3547210","3547415","128","10900047"
"chr1","14452971","14453254","KQ055766v1","3547210","3547415","134","10905761"
"chr1","14457813","14458118","KQ056279v1","849408","849712","136","13608405"
"chr1","14466687","14466977","KQ056279v1","849408","849712","141","13617279"
"chr1","14503202","14503492","KQ055766v1","3547210","3547415","138","10955992"
"chr1","14514039","14514330","KQ055766v1","3547210","3547415","139","10966829"
"chr1","14547604","14547861","KQ055766v1","3547210","3547415","130","11000394"
"chr1","14556104","14556407","KQ056279v1","849408","849712","134","13706696"
"chr1","14569321","14569621","KQ056279v1","849408","849712","133","13719913"
"chr1","14579346","14579654","KQ056320v1","1110386","1110614","135","13468960"
"chr1","14610227","14610522","KQ055766v1","3547210","3547415","138","11063017"
"chr1","14622409","14622705","KQ056279v1","849408","849712","133","13773001"
"chr1","14644352","14644660","KQ056279v1","849408","849712","128","13794944"
"chr1","14664642","14664953","KQ056279v1","849408","849712","132","13815234"
"chr1","14681665","14681985","KQ056279v1","849408","849712","141","13832257"
"chr1","14762444","14762752","KQ056320v1","1110386","1110614","127","13652058"
"chr1","14777020","14777295","KQ055766v1","3547210","3547415","127","11229810"
"chr1","14781041","14781346","KQ056279v1","849408","849712","132","13931633"
"chr1","14798390","14798733","KQ056279v1","849408","849712","160","13948982"
"chr1","14801673","14801983","KQ056279v1","849408","849712","133","13952265"
"chr1","14834357","14834659","KQ056279v1","849408","849712","127","13984949"
"chr1","14858940","14859228","KQ056279v1","849408","849712","122","14009532"
"chr1","14890841","14891142","KQ056279v1","849408","849712","131","14041433"
"chr1","14900472","14900770","KQ056279v1","849408","849712","132","14051064"
"chr1","14902228","14902527","KQ056279v1","849408","849712","129","14052820"
"chr1","14904778","14905060","KQ055766v1","3547210","3547415","132","11357568"
"chr1","14905564","14905845","KQ055766v1","3547210","3547415","130","11358354"
"chr1","14928169","14928472","KQ056279v1","849408","849712","135","14078761"
"chr1","14933841","14934154","KQ056279v1","849408","849712","137","14084433"
"chr1","14946324","14946563","KQ056320v1","1110386","1110614","77","13835938"
"chr1","14954675","14954964","KQ056279v1","849408","849712","137","14105267"
"chr1","14975750","14976061","KQ056279v1","849408","849712","132","14126342"
"chr1","15001871","15002179","KQ056279v1","849408","849712","131","14152463"
"chr1","15006775","15007083","KQ056279v1","849408","849712","132","14157367"
"chr1","15010387","15010689","KQ056279v1","849408","849712","132","14160979"
"chr1","15027071","15027379","KQ056320v1","1110386","1110614","131","13916685"
"chr1","15032181","15032490","KQ056279v1","849408","849712","137","14182773"
"chr1","15043634","15043885","KQ056320v1","1110386","1110614","84","13933248"
"chr1","15167046","15167356","KQ056279v1","849408","849712","134","14317638"
"chr1","15170735","15170987","KQ056320v1","1110386","1110614","105","14060349"
"chr1","15228711","15229015","KQ056279v1","849408","849712","131","14379303"
"chr1","15263539","15263820","KQ055766v1","3547210","3547415","134","11716329"
"chr1","15270873","15271163","KQ056279v1","849408","849712","122","14421465"
"chr1","15274969","15275261","KQ055766v1","3547210","3547415","136","11727759"
"chr1","15284199","15284496","KQ056279v1","849408","849712","135","14434791"
"chr1","15290695","15291013","KQ056279v1","849408","849712","143","14441287"
"chr1","15292326","15292585","KQ056320v1","1110386","1110614","94","14181940"
"chr1","15296252","15296552","KQ056279v1","849408","849712","131","14446844"
"chr1","15302444","15302730","KQ055766v1","3547210","3547415","136","11755234"
"chr1","15307729","15308029","KQ056279v1","849408","849712","131","14458321"
"chr1","15315481","15315785","KQ056279v1","849408","849712","129","14466073"
"chr1","15359708","15359963","KQ056320v1","1110386","1110614","112","14249322"
"chr1","15391290","15391302","KQ053135v1","5226462","5226474","5","10164828"
"chr1","15391331","15391376","KQ056456v1","2024450","2024493","13","13366881"
"chr1","15391386","15391491","KQ054804v1","1309512","1309610","36","14081874"
"chr1","15392251","15392543","KQ055766v1","3547210","3547415","139","11845041"
"chr1","15395032","15395324","KQ056279v1","849408","849712","140","14545624"
"chr1","15406358","15406658","KQ056279v1","849408","849712","132","14556950"
"chr1","15418300","15418604","KQ056320v1","1110386","1110614","130","14307914"
"chr1","15422580","15422883","KQ056279v1","849408","849712","130","14573172"
"chr1","15448340","15448645","KQ056279v1","849408","849712","133","14598932"
"chr1","15482776","15483066","KQ056279v1","849408","849712","118","14633368"
"chr1","15494582","15494889","KQ056279v1","849408","849712","135","14645174"
"chr1","15512876","15513177","KQ056279v1","849408","849712","130","14663468"
"chr1","15539234","15539544","KQ056279v1","849408","849712","131","14689826"
"chr1","15549534","15549838","KQ056320v1","1110386","1110614","132","14439148"
"chr1","15563546","15563871","KQ056279v1","849408","849712","148","14714138"
"chr1","15585768","15586050","KQ055766v1","3547210","3547415","130","12038558"
"chr1","15586332","15586625","KQ056279v1","849408","849712","140","14736924"
"chr1","15607236","15607543","KQ056279v1","849408","849712","134","14757828"
"chr1","15619451","15619748","KQ056279v1","849408","849712","129","14770043"
"chr1","15623779","15624072","KQ056279v1","849408","849712","137","14774371"
"chr1","15630834","15631142","KQ056279v1","849408","849712","133","14781426"
"chr1","15642787","15643081","KQ056279v1","849408","849712","136","14793379"
"chr1","15650872","15651151","KQ055766v1","3547210","3547415","130","12103662"
"chr1","15652542","15652854","KQ056279v1","849408","849712","127","14803134"
"chr1","15686649","15686948","KQ056279v1","849408","849712","139","14837241"
"chr1","15687183","15687456","KQ055766v1","3547210","3547415","132","12139973"
"chr1","15701508","15701808","KQ056279v1","849408","849712","135","14852100"
"chr1","15709945","15710245","KQ056279v1","849408","849712","134","14860537"
"chr1","15713652","15713938","KQ055766v1","3547210","3547415","138","12166442"
"chr1","15752510","15752779","KQ056320v1","1110386","1110614","104","14642124"
"chr1","15763355","15763661","KQ056320v1","1110386","1110614","134","14652969"
"chr1","15774937","15775246","KQ056320v1","1110386","1110614","130","14664551"
"chr1","15781716","15782017","KQ056279v1","849408","849712","131","14932308"
"chr1","15783567","15783881","KQ056279v1","849408","849712","136","14934159"
"chr1","15791403","15791703","KQ056279v1","849408","849712","134","14941995"
"chr1","15797070","15797368","KQ056279v1","849408","849712","137","14947662"
"chr1","15805886","15806183","KQ056279v1","849408","849712","134","14956478"
"chr1","15810963","15811260","KQ056279v1","849408","849712","138","14961555"
"chr1","15813865","15814163","KQ056279v1","849408","849712","129","14964457"
"chr1","15819246","15819555","KQ056279v1","849408","849712","134","14969838"
"chr1","15821706","15822007","KQ056279v1","849408","849712","129","14972298"
"chr1","15822137","15822442","KQ056279v1","849408","849712","134","14972729"
"chr1","15829044","15829328","KQ056320v1","1110386","1110614","122","14718658"
"chr1","15831412","15831723","KQ056279v1","849408","849712","132","14982004"
"chr1","15832620","15832893","KQ055766v1","3547210","3547415","126","12285410"
"chr1","15855991","15856289","KQ056279v1","849408","849712","129","15006583"
"chr1","15859906","15860209","KQ056279v1","849408","849712","130","15010498"
"chr1","15862767","15863060","KQ056279v1","849408","849712","139","15013359"
"chr1","15866343","15866651","KQ056279v1","849408","849712","128","15016935"
"chr1","15868439","15868733","KQ056279v1","849408","849712","137","15019031"
"chr1","15872311","15872619","KQ056279v1","849408","849712","135","15022903"
"chr1","15879676","15879969","KQ055766v1","3547210","3547415","138","12332466"
"chr1","15887277","15887594","KQ056279v1","849408","849712","137","15037869"
"chr1","15892002","15892322","KQ056279v1","849408","849712","136","15042594"
"chr1","15909844","15910151","KQ056320v1","1110386","1110614","131","14799458"
"chr1","15926692","15926991","KQ056279v1","849408","849712","139","15077284"
"chr1","15977025","15977322","KQ056279v1","849408","849712","136","15127617"
"chr1","15977623","15977928","KQ056279v1","849408","849712","135","15128215"
"chr1","16186176","16186463","KQ055766v1","3547210","3547415","138","12638966"
"chr1","16194852","16195161","KQ056320v1","1110386","1110614","136","15084466"
"chr1","16261705","16262011","KQ056279v1","849408","849712","135","15412297"
"chr1","16263182","16263448","KQ057648v1","4146126","4146286","134","12117056"
"chr1","16276100","16276409","KQ056279v1","849408","849712","134","15426692"
"chr1","16297580","16297885","KQ056279v1","849408","849712","131","15448172"
"chr1","16303744","16304104","KQ056279v1","849408","849712","169","15454336"
"chr1","16309914","16310211","KQ056279v1","849408","849712","131","15460506"
"chr1","16314640","16314904","KQ056320v1","1110386","1110614","107","15204254"
"chr1","16331132","16331422","KQ055766v1","3547210","3547415","137","12783922"
"chr1","16334152","16334440","KQ056279v1","849408","849712","137","15484744"
"chr1","16337978","16338269","KQ056279v1","849408","849712","139","15488570"
"chr1","16339977","16340209","KQ056320v1","1110386","1110614","69","15229591"
"chr1","16345569","16345865","KQ056279v1","849408","849712","133","15496161"
"chr1","16346412","16346716","KQ056279v1","849408","849712","131","15497004"
"chr1","16347711","16348022","KQ056320v1","1110386","1110614","131","15237325"
"chr1","16357209","16357501","KQ056279v1","849408","849712","134","15507801"
"chr1","16359085","16359385","KQ056279v1","849408","849712","128","15509677"
"chr1","16363651","16363953","KQ056279v1","849408","849712","139","15514243"
"chr1","16371450","16371760","KQ056279v1","849408","849712","136","15522042"
"chr1","16379123","16379402","KQ056279v1","849408","849712","132","15529715"
"chr1","16389073","16389286","KQ056320v1","1110386","1110614","70","15278687"
"chr1","16389287","16389610","KQ056279v1","849408","849712","156","15539879"
"chr1","16389611","16389743","KQ057213v1","1595322","1595444","52","14794289"
"chr1","16402250","16402559","KQ056279v1","849408","849712","128","15552842"
"chr1","16411509","16411818","KQ056279v1","849408","849712","126","15562101"
"chr1","16415553","16415857","KQ056320v1","1110386","1110614","136","15305167"
"chr1","16418261","16418567","KQ056279v1","849408","849712","124","15568853"
"chr1","16470841","16471153","KQ056279v1","849408","849712","131","15621433"
"chr1","16478965","16479247","KQ056279v1","849408","849712","134","15629557"
"chr1","16481604","16481910","KQ056279v1","849408","849712","131","15632196"
"chr1","16504549","16504881","KQ056279v1","849408","849712","142","15655141"
"chr1","16517733","16518053","KQ056279v1","849408","849712","132","15668325"
"chr1","16526742","16527058","KQ056279v1","849408","849712","137","15677334"
"chr1","16531125","16531346","KQ055766v1","3547210","3547415","95","12983915"
"chr1","16580045","16580347","KQ056279v1","849408","849712","132","15730637"
"chr1","16586341","16586646","KQ056279v1","849408","849712","132","15736933"
"chr1","16629358","16629654","KQ056279v1","849408","849712","138","15779950"
"chr1","16640887","16641199","KQ056320v1","1110386","1110614","137","15530501"
"chr1","16721187","16721504","KQ056279v1","849408","849712","128","15871779"
"chr1","16786832","16787116","KQ055766v1","3547210","3547415","132","13239622"
"chr1","16876571","16876791","KQ055766v1","3547210","3547415","93","13329361"
"chr1","16880870","16881176","KQ056279v1","849408","849712","142","16031462"
"chr1","16941448","16941754","KQ056279v1","849408","849712","133","16092040"
"chr1","16943258","16943559","KQ056279v1","849408","849712","133","16093850"
"chr1","17007544","17007849","KQ056320v1","1110386","1110614","134","15897158"
"chr1","17008669","17008974","KQ053387v1","3926299","3926571","145","13082370"
"chr1","17016726","17017028","KQ056279v1","849408","849712","134","16167318"
"chr1","17017109","17017332","KQ055766v1","3547210","3547415","88","13469899"
"chr1","17057753","17058051","KQ056279v1","849408","849712","136","16208345"
"chr1","17104001","17104318","KQ056279v1","849408","849712","135","16254593"
"chr1","17126783","17127078","KQ056279v1","849408","849712","135","16277375"
"chr1","17133764","17134066","KQ056279v1","849408","849712","133","16284356"
"chr1","17171580","17171890","KQ056279v1","849408","849712","132","16322172"
"chr1","17182570","17182876","KQ056279v1","849408","849712","130","16333162"
"chr1","17191360","17191657","KQ056279v1","849408","849712","132","16341952"
"chr1","17226768","17227047","KQ056279v1","849408","849712","136","16377360"
"chr1","17247911","17248212","KQ056279v1","849408","849712","130","16398503"
"chr1","17275159","17275459","KQ056320v1","1110386","1110614","122","16164773"
"chr1","17289044","17289345","KQ056279v1","849408","849712","132","16439636"
"chr1","17294896","17295190","KQ056320v1","1110386","1110614","128","16184510"
"chr1","17316409","17316709","KQ056279v1","849408","849712","134","16467001"
"chr1","17318682","17318987","KQ056279v1","849408","849712","132","16469274"
"chr1","17376305","17376697","KQ056279v1","849408","849712","199","16526897"
"chr1","17380377","17380645","KQ056320v1","1110386","1110614","124","16269991"
"chr1","17387467","17387755","KQ055766v1","3547210","3547415","136","13840257"
"chr1","17431051","17431360","KQ056279v1","849408","849712","130","16581643"
"chr1","17445198","17445498","KQ056279v1","849408","849712","132","16595790"
"chr1","17453726","17454027","KQ056279v1","849408","849712","138","16604318"
"chr1","17456185","17456499","KQ056279v1","849408","849712","130","16606777"
"chr1","17461247","17461557","KQ056320v1","1110386","1110614","133","16350861"
"chr1","17462258","17462554","KQ056279v1","849408","849712","134","16612850"
"chr1","17464471","17464772","KQ056279v1","849408","849712","134","16615063"
"chr1","17484953","17485260","KQ056279v1","849408","849712","127","16635545"
"chr1","17500083","17500386","KQ056279v1","849408","849712","127","16650675"
"chr1","17534129","17534421","KQ056279v1","849408","849712","138","16684721"
"chr1","17637501","17637803","KQ056279v1","849408","849712","137","16788093"
"chr1","17704470","17704770","KQ056279v1","849408","849712","135","16855062"
"chr1","17708948","17709195","KQ056320v1","1110386","1110614","123","16598562"
"chr1","17748388","17748700","KQ056320v1","1110386","1110614","135","16638002"
"chr1","17840201","17840480","KQ056320v1","1110386","1110614","105","16729815"
"chr1","17848748","17849057","KQ056279v1","849408","849712","129","16999340"
"chr1","17857481","17857783","KQ056279v1","849408","849712","134","17008073"
"chr1","17922567","17922862","KQ056279v1","849408","849712","133","17073159"
"chr1","17937573","17937882","KQ056279v1","849408","849712","134","17088165"
"chr1","17947991","17948301","KQ056279v1","849408","849712","133","17098583"
"chr1","17950072","17950364","KQ056279v1","849408","849712","131","17100664"
"chr1","17970492","17970792","KQ056279v1","849408","849712","134","17121084"
"chr1","18042386","18042693","KQ056279v1","849408","849712","132","17192978"
"chr1","18148130","18148431","KQ056279v1","849408","849712","134","17298722"
