"chr1","150994813","150995102","GL873545","4448210","4448481","100","146546603"
"chr1","105119588","105119883","GL873545","4448210","4448481","89","100671378"
"chr1","115212000","115212306","GL873545","4448210","4448481","105","110763790"
"chr1","150208272","150208551","GL873545","4448210","4448481","105","145760062"
"chr1","173801237","173801531","GL873545","4448210","4448481","98","169353027"
"chr1","245497746","245498015","GL873545","4448210","4448481","107","241049536"
"chr1","129999","130313","GL873545","4448210","4448481","103","4318211"
"chr1","134066","134374","GL873545","4448210","4448481","105","4314144"
"chr1","401982","402263","GL873545","4448210","4448481","109","4046228"
"chr1","485986","486300","GL873545","4448210","4448481","103","3962224"
"chr1","490053","490357","GL873545","4448210","4448481","102","3958157"
"chr1","637735","638016","GL873545","4448210","4448481","109","3810475"
"chr1","720977","721291","GL873545","4448210","4448481","103","3727233"
"chr1","725052","725360","GL873545","4448210","4448481","106","3723158"
"chr1","757489","757782","GL873545","4448210","4448481","89","3690721"
"chr1","770305","770568","GL873545","4448210","4448481","102","3677905"
"chr1","988306","988614","GL873545","4448210","4448481","105","3459904"
"chr1","1016678","1016971","GL873545","4448210","4448481","107","3431532"
"chr1","1060087","1060375","GL873545","4448210","4448481","107","3388123"
"chr1","1251750","1252032","GL873545","4448210","4448481","100","3196460"
"chr1","1265652","1265930","GL873545","4448210","4448481","111","3182558"
"chr1","1363902","1364197","GL873545","4448210","4448481","97","3084308"
"chr1","1370275","1370571","GL873545","4448210","4448481","95","3077935"
"chr1","1488479","1488768","GL873545","4448210","4448481","99","2959731"
"chr1","1499300","1499531","GL873536","5689208","5689413","81","4189908"
"chr1","1561085","1561381","GL873545","4448210","4448481","97","2887125"
"chr1","1611568","1611872","GL873545","4448210","4448481","95","2836642"
"chr1","1614735","1615044","GL873545","4448210","4448481","107","2833475"
"chr1","1638931","1639240","GL873545","4448210","4448481","96","2809279"
"chr1","1645364","1645676","GL873545","4448210","4448481","109","2802846"
"chr1","1653027","1653321","GL873545","4448210","4448481","101","2795183"
"chr1","1663480","1663768","GL873545","4448210","4448481","104","2784730"
"chr1","1673388","1673679","GL873545","4448210","4448481","108","2774822"
"chr1","1693694","1693995","GL873545","4448210","4448481","103","2754516"
"chr1","1695269","1695561","GL873545","4448210","4448481","108","2752941"
"chr1","1706073","1706372","GL873545","4448210","4448481","94","2742137"
"chr1","1712502","1712814","GL873545","4448210","4448481","109","2735708"
"chr1","1720401","1720694","GL873545","4448210","4448481","102","2727809"
"chr1","1729390","1729678","GL873545","4448210","4448481","109","2718820"
"chr1","1735924","1736214","GL873545","4448210","4448481","106","2712286"
"chr1","1746960","1747269","GL873545","4448210","4448481","103","2701250"
"chr1","1747498","1747792","GL873545","4448210","4448481","106","2700712"
"chr1","1776502","1776796","GL873545","4448210","4448481","91","2671708"
"chr1","1850988","1851128","GL873522","7345196","7345311","47","5494208"
"chr1","1851432","1851558","GL873522","7345196","7345311","49","5493764"
"chr1","1882641","1882933","GL873545","4448210","4448481","95","2565569"
"chr1","1896397","1896690","GL873545","4448210","4448481","88","2551813"
"chr1","1947874","1948170","GL873545","4448210","4448481","91","2500336"
"chr1","2008546","2008840","GL873545","4448210","4448481","89","2439664"
"chr1","2053116","2053398","GL873545","4448210","4448481","102","2395094"
"chr1","2258552","2258845","GL873545","4448210","4448481","88","2189658"
"chr1","2649545","2649812","GL873545","4448210","4448481","101","1798665"
"chr1","3448472","3448774","GL873545","4448210","4448481","90","999738"
"chr1","3737578","3737875","GL873545","4448210","4448481","93","710632"
"chr1","3843769","3844059","GL873545","4448210","4448481","94","604441"
"chr1","4125469","4125775","GL873545","4448210","4448481","95","322741"
"chr1","4227045","4227335","GL873545","4448210","4448481","98","221165"
"chr1","4444890","4445191","GL873545","4448210","4448481","96","3320"
"chr1","4885290","4885586","GL873545","4448210","4448481","86","437080"
"chr1","4909154","4909456","GL873545","4448210","4448481","92","460944"
"chr1","5073531","5073830","GL873545","4448210","4448481","91","625321"
"chr1","5227672","5227944","GL873545","4448210","4448481","108","779462"
"chr1","5262671","5262954","GL873545","4448210","4448481","103","814461"
"chr1","5265003","5265259","GL873545","4448210","4448481","104","816793"
"chr1","5306447","5306726","GL873545","4448210","4448481","101","858237"
"chr1","5348486","5348759","GL873545","4448210","4448481","106","900276"
"chr1","5694746","5695051","GL873545","4448210","4448481","98","1246536"
"chr1","5718381","5718659","GL873545","4448210","4448481","102","1270171"
"chr1","6113968","6114266","GL873545","4448210","4448481","99","1665758"
"chr1","6232860","6233153","GL873545","4448210","4448481","91","1784650"
"chr1","6233834","6234173","GL873545","4448210","4448481","129","1785624"
"chr1","6239723","6240032","GL873545","4448210","4448481","99","1791513"
"chr1","6275451","6275743","GL873545","4448210","4448481","100","1827241"
"chr1","6344484","6344793","GL873545","4448210","4448481","99","1896274"
"chr1","6380318","6380610","GL873545","4448210","4448481","84","1932108"
"chr1","6400017","6400305","GL873545","4448210","4448481","105","1951807"
"chr1","6400912","6401169","GL873545","4448210","4448481","117","1952702"
"chr1","6432842","6433149","GL873545","4448210","4448481","91","1984632"
"chr1","6433163","6433456","GL873545","4448210","4448481","110","1984953"
"chr1","6514481","6514783","GL873545","4448210","4448481","91","2066271"
"chr1","6522604","6522905","GL873545","4448210","4448481","89","2074394"
"chr1","6527654","6527953","GL873545","4448210","4448481","90","2079444"
"chr1","6529310","6529637","GL873545","4448210","4448481","115","2081100"
"chr1","6556730","6557031","GL873545","4448210","4448481","98","2108520"
"chr1","6612154","6612450","GL873545","4448210","4448481","96","2163944"
"chr1","6616026","6616325","GL873545","4448210","4448481","89","2167816"
"chr1","6655822","6656122","GL873545","4448210","4448481","92","2207612"
"chr1","6693400","6693681","GL873545","4448210","4448481","103","2245190"
"chr1","6733394","6733599","GL873540","20171858","20172028","60","13438464"
"chr1","6757346","6757660","GL873545","4448210","4448481","106","2309136"
"chr1","6781290","6781564","GL873545","4448210","4448481","102","2333080"
"chr1","6943567","6943876","GL873545","4448210","4448481","103","2495357"
"chr1","7284217","7284499","GL873545","4448210","4448481","99","2836007"
"chr1","7521547","7521842","GL873545","4448210","4448481","98","3073337"
"chr1","7706884","7707183","GL873545","4448210","4448481","92","3258674"
"chr1","7731292","7731600","GL873545","4448210","4448481","102","3283082"
"chr1","7842221","7842516","GL873545","4448210","4448481","101","3394011"
"chr1","7854064","7854369","GL873545","4448210","4448481","90","3405854"
"chr1","7877593","7877886","GL873545","4448210","4448481","88","3429383"
"chr1","7886771","7887070","GL873545","4448210","4448481","100","3438561"
"chr1","7894700","7894938","GL873536","5689208","5689413","101","2205492"
"chr1","7934429","7934736","GL873545","4448210","4448481","99","3486219"
"chr1","7969585","7969877","GL873545","4448210","4448481","97","3521375"
"chr1","7977751","7977985","GL873545","4448210","4448481","123","3529541"
"chr1","7977986","7978295","GL873545","4448210","4448481","100","3529776"
"chr1","7978296","7978375","GL873525","40670586","40670666","33","32692290"
"chr1","7990873","7991180","GL873545","4448210","4448481","106","3542663"
"chr1","8001891","8002187","GL873545","4448210","4448481","91","3553681"
"chr1","8007006","8007302","GL873545","4448210","4448481","90","3558796"
"chr1","8168635","8168925","GL873545","4448210","4448481","90","3720425"
"chr1","8175846","8176125","GL873545","4448210","4448481","109","3727636"
"chr1","8180415","8180715","GL873545","4448210","4448481","93","3732205"
"chr1","8188030","8188340","GL873545","4448210","4448481","105","3739820"
"chr1","8195768","8196078","GL873545","4448210","4448481","103","3747558"
"chr1","8206122","8206394","GL873545","4448210","4448481","92","3757912"
"chr1","8210777","8211067","GL873545","4448210","4448481","97","3762567"
"chr1","8216435","8216692","GL873536","5689208","5689413","103","2527227"
"chr1","8256801","8257090","GL873545","4448210","4448481","92","3808591"
"chr1","8275713","8276030","GL873545","4448210","4448481","98","3827503"
"chr1","8323211","8323511","GL873545","4448210","4448481","92","3875001"
"chr1","8336130","8336428","GL873545","4448210","4448481","102","3887920"
"chr1","8383579","8383860","GL873545","4448210","4448481","103","3935369"
"chr1","8436039","8436345","GL873545","4448210","4448481","99","3987829"
"chr1","8448477","8448886","GL873545","4448210","4448481","187","4000267"
"chr1","8454526","8454834","GL873545","4448210","4448481","98","4006316"
"chr1","8480121","8480435","GL873545","4448210","4448481","108","4031911"
"chr1","8539394","8539703","GL873545","4448210","4448481","102","4091184"
"chr1","8610309","8610619","GL873545","4448210","4448481","104","4162099"
"chr1","8700027","8700328","GL873545","4448210","4448481","90","4251817"
"chr1","8724565","8724848","GL873545","4448210","4448481","88","4276355"
"chr1","8726136","8726452","GL873545","4448210","4448481","108","4277926"
"chr1","8729218","8729522","GL873545","4448210","4448481","88","4281008"
"chr1","8758092","8758380","GL873545","4448210","4448481","101","4309882"
"chr1","8773545","8773831","GL873545","4448210","4448481","103","4325335"
"chr1","8779248","8779380","GL873522","7345196","7345311","47","1434052"
"chr1","8788363","8788662","GL873545","4448210","4448481","93","4340153"
"chr1","8795047","8795323","GL873545","4448210","4448481","104","4346837"
"chr1","8826566","8826881","GL873545","4448210","4448481","102","4378356"
"chr1","8855017","8855328","GL873545","4448210","4448481","97","4406807"
"chr1","8881105","8881414","GL873545","4448210","4448481","97","4432895"
"chr1","8887404","8887711","GL873545","4448210","4448481","96","4439194"
"chr1","8900649","8900943","GL873545","4448210","4448481","94","4452439"
"chr1","9064770","9065071","GL873545","4448210","4448481","92","4616560"
"chr1","9167352","9167660","GL873545","4448210","4448481","99","4719142"
"chr1","9214804","9215111","GL873545","4448210","4448481","101","4766594"
"chr1","9284989","9285206","GL873536","5689208","5689413","84","3595781"
"chr1","9359422","9359721","GL873545","4448210","4448481","91","4911212"
"chr1","9408593","9408911","GL873545","4448210","4448481","105","4960383"
"chr1","9412231","9412522","GL873545","4448210","4448481","97","4964021"
"chr1","9463285","9463583","GL873545","4448210","4448481","87","5015075"
"chr1","9497785","9498072","GL873545","4448210","4448481","87","5049575"
"chr1","9513806","9514107","GL873545","4448210","4448481","92","5065596"
"chr1","9514624","9514920","GL873545","4448210","4448481","100","5066414"
"chr1","9515821","9516130","GL873545","4448210","4448481","104","5067611"
"chr1","9522876","9523155","GL873545","4448210","4448481","105","5074666"
"chr1","9531887","9532165","GL873545","4448210","4448481","111","5083677"
"chr1","9537372","9537679","GL873545","4448210","4448481","100","5089162"
"chr1","9575336","9575640","GL873545","4448210","4448481","97","5127126"
"chr1","9620320","9620617","GL873545","4448210","4448481","90","5172110"
"chr1","9650142","9650447","GL873545","4448210","4448481","95","5201932"
"chr1","9695562","9695872","GL873545","4448210","4448481","94","5247352"
"chr1","9725597","9725904","GL873545","4448210","4448481","95","5277387"
"chr1","9744752","9745051","GL873545","4448210","4448481","100","5296542"
"chr1","9804843","9805141","GL873545","4448210","4448481","99","5356633"
"chr1","9829798","9830104","GL873545","4448210","4448481","97","5381588"
"chr1","9908078","9908356","GL873545","4448210","4448481","102","5459868"
"chr1","9916055","9916356","GL873545","4448210","4448481","96","5467845"
"chr1","9925600","9925879","GL873545","4448210","4448481","102","5477390"
"chr1","9956732","9957029","GL873545","4448210","4448481","97","5508522"
"chr1","9957339","9957590","GL873545","4448210","4448481","100","5509129"
"chr1","9958428","9958737","GL873545","4448210","4448481","98","5510218"
"chr1","9959401","9959706","GL873545","4448210","4448481","99","5511191"
"chr1","9963409","9963706","GL873545","4448210","4448481","101","5515199"
"chr1","10015160","10015465","GL873545","4448210","4448481","103","5566950"
"chr1","10022360","10022651","GL873545","4448210","4448481","103","5574150"
"chr1","10038815","10039080","GL873545","4448210","4448481","99","5590605"
"chr1","10042367","10042671","GL873545","4448210","4448481","90","5594157"
"chr1","10070921","10071204","GL873545","4448210","4448481","98","5622711"
"chr1","10086698","10086971","GL873545","4448210","4448481","95","5638488"
"chr1","10126019","10126301","GL873545","4448210","4448481","108","5677809"
"chr1","10135458","10135751","GL873545","4448210","4448481","89","5687248"
"chr1","10197434","10197702","GL873545","4448210","4448481","102","5749224"
"chr1","10202544","10202844","GL873545","4448210","4448481","95","5754334"
"chr1","10214280","10214587","GL873545","4448210","4448481","95","5766070"
"chr1","10222972","10223254","GL873545","4448210","4448481","97","5774762"
"chr1","10242528","10242814","GL873545","4448210","4448481","109","5794318"
"chr1","10246464","10246762","GL873545","4448210","4448481","89","5798254"
"chr1","10329453","10329747","GL873545","4448210","4448481","99","5881243"
"chr1","10336155","10336446","GL873545","4448210","4448481","99","5887945"
"chr1","10377657","10377950","GL873545","4448210","4448481","98","5929447"
"chr1","10382122","10382412","GL873545","4448210","4448481","96","5933912"
"chr1","10414811","10415105","GL873545","4448210","4448481","98","5966601"
"chr1","10443399","10443707","GL873545","4448210","4448481","98","5995189"
"chr1","10469522","10469818","GL873545","4448210","4448481","94","6021312"
"chr1","10499446","10499746","GL873545","4448210","4448481","93","6051236"
"chr1","10552162","10552451","GL873545","4448210","4448481","97","6103952"
"chr1","10560719","10561016","GL873545","4448210","4448481","101","6112509"
"chr1","10577126","10577430","GL873545","4448210","4448481","103","6128916"
"chr1","10621340","10621644","GL873545","4448210","4448481","100","6173130"
"chr1","10730826","10731115","GL873545","4448210","4448481","98","6282616"
"chr1","10879368","10879683","GL873545","4448210","4448481","102","6431158"
"chr1","10925958","10926208","GL873536","5689208","5689413","87","5236750"
"chr1","10944959","10945215","GL873545","4448210","4448481","110","6496749"
"chr1","10975126","10975431","GL873545","4448210","4448481","94","6526916"
"chr1","11002547","11002826","GL873545","4448210","4448481","101","6554337"
"chr1","11047820","11048123","GL873545","4448210","4448481","96","6599610"
"chr1","11049361","11049637","GL873545","4448210","4448481","99","6601151"
"chr1","11096932","11097231","GL873545","4448210","4448481","96","6648722"
"chr1","11102417","11102718","GL873545","4448210","4448481","91","6654207"
"chr1","11118229","11118534","GL873545","4448210","4448481","91","6670019"
"chr1","11172589","11172879","GL873545","4448210","4448481","97","6724379"
"chr1","11218150","11218442","GL873545","4448210","4448481","101","6769940"
"chr1","11248945","11249217","GL873545","4448210","4448481","104","6800735"
"chr1","11267281","11267590","GL873545","4448210","4448481","93","6819071"
"chr1","11679534","11679826","GL873545","4448210","4448481","99","7231324"
"chr1","11699959","11700255","GL873545","4448210","4448481","89","7251749"
"chr1","11709905","11710205","GL873545","4448210","4448481","95","7261695"
"chr1","11730960","11731261","GL873545","4448210","4448481","94","7282750"
"chr1","11752976","11753267","GL873545","4448210","4448481","95","7304766"
"chr1","11760813","11761137","GL873545","4448210","4448481","108","7312603"
"chr1","11793142","11793446","GL873545","4448210","4448481","95","7344932"
"chr1","11798729","11799041","GL873545","4448210","4448481","97","7350519"
"chr1","11831182","11831453","GL873545","4448210","4448481","106","7382972"
"chr1","11895778","11896085","GL873545","4448210","4448481","92","7447568"
"chr1","11901873","11902181","GL873545","4448210","4448481","97","7453663"
"chr1","11926783","11927092","GL873545","4448210","4448481","93","7478573"
"chr1","11933099","11933403","GL873545","4448210","4448481","91","7484889"
"chr1","11935626","11935922","GL873545","4448210","4448481","92","7487416"
"chr1","11979262","11979528","GL873545","4448210","4448481","95","7531052"
"chr1","12015178","12015476","GL873545","4448210","4448481","99","7566968"
"chr1","12023714","12024017","GL873545","4448210","4448481","97","7575504"
"chr1","12027930","12028224","GL873545","4448210","4448481","98","7579720"
"chr1","12048822","12049131","GL873545","4448210","4448481","103","7600612"
"chr1","12114728","12115006","GL873545","4448210","4448481","100","7666518"
"chr1","12118855","12119163","GL873545","4448210","4448481","96","7670645"
"chr1","12124542","12124829","GL873545","4448210","4448481","98","7676332"
"chr1","12131802","12132091","GL873545","4448210","4448481","97","7683592"
"chr1","12159245","12159544","GL873545","4448210","4448481","84","7711035"
"chr1","12224943","12225242","GL873545","4448210","4448481","90","7776733"
"chr1","12309482","12309791","GL873545","4448210","4448481","97","7861272"
"chr1","12357728","12358019","GL873545","4448210","4448481","95","7909518"
"chr1","12365424","12365720","GL873545","4448210","4448481","89","7917214"
"chr1","12399199","12399494","GL873545","4448210","4448481","99","7950989"
"chr1","12446136","12446440","GL873545","4448210","4448481","89","7997926"
"chr1","12456222","12456355","GL873522","7345196","7345311","40","5111026"
"chr1","12467171","12467469","GL873545","4448210","4448481","100","8018961"
"chr1","12483719","12484021","GL873545","4448210","4448481","92","8035509"
"chr1","12526928","12527210","GL873545","4448210","4448481","102","8078718"
"chr1","12528737","12529049","GL873545","4448210","4448481","107","8080527"
"chr1","12562108","12562397","GL873545","4448210","4448481","95","8113898"
"chr1","12628824","12629123","GL873545","4448210","4448481","85","8180614"
"chr1","12667517","12667808","GL873545","4448210","4448481","91","8219307"
"chr1","12686796","12687095","GL873545","4448210","4448481","95","8238586"
"chr1","12689512","12689819","GL873545","4448210","4448481","103","8241302"
"chr1","12822056","12822312","GL873545","4448210","4448481","105","8373846"
"chr1","12839437","12839723","GL873545","4448210","4448481","93","8391227"
"chr1","12851922","12852216","GL873545","4448210","4448481","110","8403712"
"chr1","12852234","12852540","GL873545","4448210","4448481","101","8404024"
"chr1","12876665","12876921","GL873536","5689208","5689413","105","7187457"
"chr1","13046923","13047179","GL873536","5689208","5689413","105","7357715"
"chr1","13064678","13064971","GL873545","4448210","4448481","102","8616468"
"chr1","13080180","13080436","GL873545","4448210","4448481","106","8631970"
"chr1","13111876","13112160","GL873545","4448210","4448481","115","8663666"
"chr1","13120557","13120846","GL873545","4448210","4448481","112","8672347"
"chr1","13146353","13146609","GL873545","4448210","4448481","106","8698143"
"chr1","13161821","13162114","GL873545","4448210","4448481","102","8713611"
"chr1","13181763","13182019","GL873536","5689208","5689413","105","7492555"
"chr1","13227988","13228284","GL873545","4448210","4448481","92","8779778"
"chr1","13242972","13243210","GL873536","5689208","5689413","87","7553764"
"chr1","13324888","13325144","GL873545","4448210","4448481","105","8876678"
"chr1","13363814","13364109","GL873545","4448210","4448481","89","8915604"
"chr1","13374380","13374683","GL873545","4448210","4448481","100","8926170"
"chr1","13386739","13387043","GL873545","4448210","4448481","95","8938529"
"chr1","13398492","13398793","GL873545","4448210","4448481","90","8950282"
"chr1","13409364","13409550","GL873540","20171858","20172028","61","6762494"
"chr1","13445361","13445668","GL873545","4448210","4448481","106","8997151"
"chr1","13471642","13471949","GL873545","4448210","4448481","98","9023432"
"chr1","13488267","13488568","GL873545","4448210","4448481","95","9040057"
"chr1","13493783","13494075","GL873545","4448210","4448481","105","9045573"
"chr1","13498350","13498652","GL873545","4448210","4448481","93","9050140"
"chr1","13532046","13532331","GL873545","4448210","4448481","99","9083836"
"chr1","13548609","13548909","GL873545","4448210","4448481","94","9100399"
"chr1","13590942","13591229","GL873545","4448210","4448481","95","9142732"
"chr1","13630615","13630890","GL873545","4448210","4448481","95","9182405"
"chr1","13652560","13652863","GL873545","4448210","4448481","99","9204350"
"chr1","13663396","13663691","GL873545","4448210","4448481","111","9215186"
"chr1","13668008","13668316","GL873545","4448210","4448481","99","9219798"
"chr1","13705702","13706005","GL873545","4448210","4448481","98","9257492"
"chr1","13765465","13765764","GL873545","4448210","4448481","97","9317255"
"chr1","14036794","14037076","GL873545","4448210","4448481","104","9588584"
"chr1","14057126","14057431","GL873545","4448210","4448481","84","9608916"
"chr1","14090833","14091133","GL873545","4448210","4448481","85","9642623"
"chr1","14254841","14255149","GL873545","4448210","4448481","92","9806631"
"chr1","14366951","14367243","GL873545","4448210","4448481","94","9918741"
"chr1","14395891","14396184","GL873545","4448210","4448481","95","9947681"
"chr1","14485619","14485911","GL873545","4448210","4448481","90","10037409"
"chr1","14527270","14527565","GL873545","4448210","4448481","92","10079060"
"chr1","14695511","14695803","GL873545","4448210","4448481","95","10247301"
"chr1","14700250","14700484","GL873545","4448210","4448481","116","10252040"
"chr1","14730090","14730381","GL873545","4448210","4448481","98","10281880"
"chr1","14814219","14814513","GL873545","4448210","4448481","103","10366009"
"chr1","14893092","14893391","GL873545","4448210","4448481","95","10444882"
"chr1","14971116","14971422","GL873545","4448210","4448481","96","10522906"
"chr1","14979154","14979434","GL873545","4448210","4448481","109","10530944"
"chr1","14985723","14986032","GL873545","4448210","4448481","102","10537513"
"chr1","15015133","15015450","GL873545","4448210","4448481","107","10566923"
"chr1","15058739","15059044","GL873545","4448210","4448481","104","10610529"
"chr1","15141373","15141668","GL873545","4448210","4448481","91","10693163"
"chr1","15203253","15203560","GL873545","4448210","4448481","100","10755043"
"chr1","15237969","15238269","GL873545","4448210","4448481","96","10789759"
"chr1","15241953","15242253","GL873545","4448210","4448481","90","10793743"
"chr1","15293438","15293746","GL873545","4448210","4448481","102","10845228"
"chr1","15397851","15398142","GL873545","4448210","4448481","90","10949641"
"chr1","15420535","15420817","GL873545","4448210","4448481","102","10972325"
"chr1","15538116","15538420","GL873545","4448210","4448481","94","11089906"
"chr1","15558921","15559237","GL873545","4448210","4448481","102","11110711"
"chr1","15577294","15577589","GL873545","4448210","4448481","90","11129084"
"chr1","15590556","15590867","GL873545","4448210","4448481","103","11142346"
"chr1","15595498","15595790","GL873545","4448210","4448481","92","11147288"
"chr1","15609130","15609436","GL873545","4448210","4448481","98","11160920"
"chr1","15610695","15610985","GL873545","4448210","4448481","100","11162485"
"chr1","15613879","15614193","GL873545","4448210","4448481","97","11165669"
"chr1","15625644","15625916","GL873545","4448210","4448481","103","11177434"
"chr1","15631806","15632102","GL873545","4448210","4448481","97","11183596"
"chr1","15672404","15672699","GL873545","4448210","4448481","102","11224194"
"chr1","15694072","15694378","GL873545","4448210","4448481","94","11245862"
"chr1","15787657","15787964","GL873545","4448210","4448481","94","11339447"
"chr1","15825393","15825700","GL873545","4448210","4448481","96","11377183"
"chr1","15826185","15826478","GL873545","4448210","4448481","94","11377975"
"chr1","15840809","15841106","GL873545","4448210","4448481","104","11392599"
"chr1","15853661","15853964","GL873545","4448210","4448481","97","11405451"
"chr1","15861135","15861429","GL873545","4448210","4448481","94","11412925"
"chr1","15870985","15871267","GL873545","4448210","4448481","97","11422775"
"chr1","15890293","15890529","GL873536","5689208","5689413","82","10201085"
"chr1","16000063","16000368","GL873545","4448210","4448481","98","11551853"
"chr1","16117187","16117482","GL873545","4448210","4448481","96","11668977"
"chr1","16160433","16160734","GL873545","4448210","4448481","89","11712223"
"chr1","16214886","16215199","GL873545","4448210","4448481","105","11766676"
"chr1","16246510","16246801","GL873545","4448210","4448481","97","11798300"
"chr1","16268912","16269107","GL873540","20171858","20172028","62","3902946"
"chr1","16285305","16285567","GL873545","4448210","4448481","99","11837095"
"chr1","16296370","16296679","GL873545","4448210","4448481","97","11848160"
"chr1","16322296","16322611","GL873545","4448210","4448481","96","11874086"
"chr1","16328883","16329187","GL873545","4448210","4448481","88","11880673"
"chr1","16341320","16341634","GL873545","4448210","4448481","108","11893110"
"chr1","16359772","16360069","GL873545","4448210","4448481","96","11911562"
"chr1","16364131","16364441","GL873545","4448210","4448481","96","11915921"
"chr1","16374873","16375175","GL873545","4448210","4448481","97","11926663"
"chr1","16383608","16383917","GL873545","4448210","4448481","95","11935398"
"chr1","16407467","16407755","GL873545","4448210","4448481","100","11959257"
"chr1","16453496","16453786","GL873545","4448210","4448481","103","12005286"
"chr1","16509997","16510276","GL873545","4448210","4448481","107","12061787"
"chr1","16578373","16578645","GL873545","4448210","4448481","109","12130163"
"chr1","16584669","16584941","GL873545","4448210","4448481","111","12136459"
"chr1","16590993","16591299","GL873545","4448210","4448481","116","12142783"
"chr1","16637582","16637884","GL873545","4448210","4448481","95","12189372"
"chr1","16662677","16662956","GL873545","4448210","4448481","110","12214467"
"chr1","16714614","16714904","GL873545","4448210","4448481","114","12266404"
"chr1","16714918","16715226","GL873545","4448210","4448481","93","12266708"
"chr1","16744506","16744785","GL873545","4448210","4448481","110","12296296"
"chr1","16899981","16900261","GL873545","4448210","4448481","113","12451771"
"chr1","16951881","16952175","GL873545","4448210","4448481","99","12503671"
"chr1","16964373","16964680","GL873545","4448210","4448481","105","12516163"
"chr1","17030688","17030936","GL873545","4448210","4448481","115","12582478"
"chr1","17041920","17042184","GL873545","4448210","4448481","91","12593710"
"chr1","17076216","17076510","GL873545","4448210","4448481","91","12628006"
"chr1","17088628","17088931","GL873545","4448210","4448481","98","12640418"
"chr1","17093084","17093393","GL873545","4448210","4448481","99","12644874"
"chr1","17202398","17202698","GL873545","4448210","4448481","100","12754188"
"chr1","17357174","17357465","GL873545","4448210","4448481","105","12908964"
"chr1","17375976","17376272","GL873545","4448210","4448481","90","12927766"
"chr1","17405548","17405833","GL873545","4448210","4448481","103","12957338"
"chr1","17434831","17435101","GL873545","4448210","4448481","108","12986621"
"chr1","17442508","17442786","GL873545","4448210","4448481","93","12994298"
"chr1","17454030","17454336","GL873545","4448210","4448481","100","13005820"
"chr1","17465721","17466031","GL873545","4448210","4448481","100","13017511"
"chr1","17482522","17482786","GL873545","4448210","4448481","115","13034312"
"chr1","17489872","17490170","GL873545","4448210","4448481","97","13041662"
"chr1","17501885","17502193","GL873545","4448210","4448481","97","13053675"
"chr1","17504321","17504454","GL873522","7345196","7345311","43","10159125"
"chr1","17504455","17504757","GL873545","4448210","4448481","99","13056245"
"chr1","17504758","17504923","GL873522","7344757","7344863","75","10160001"
"chr1","17800584","17800892","GL873545","4448210","4448481","100","13352374"
"chr1","17880672","17880974","GL873545","4448210","4448481","103","13432462"
"chr1","18023467","18023729","GL873545","4448210","4448481","97","13575257"
"chr1","18368224","18368527","GL873545","4448210","4448481","102","13920014"
"chr1","18669844","18670104","GL873545","4448210","4448481","106","14221634"
"chr1","18718644","18718939","GL873545","4448210","4448481","91","14270434"
"chr1","19004368","19004651","GL873545","4448210","4448481","103","14556158"
"chr1","19008691","19008985","GL873545","4448210","4448481","90","14560481"
"chr1","19020509","19020818","GL873545","4448210","4448481","101","14572299"
"chr1","19048124","19048387","GL873545","4448210","4448481","102","14599914"
"chr1","19048472","19048484","GL873680","2478143","2478185","30","16570329"
"chr1","19052175","19052483","GL873545","4448210","4448481","97","14603965"
"chr1","19204006","19204300","GL873545","4448210","4448481","99","14755796"
"chr1","19234567","19234865","GL873545","4448210","4448481","94","14786357"
"chr1","19242956","19243262","GL873545","4448210","4448481","102","14794746"
"chr1","19286400","19286702","GL873545","4448210","4448481","106","14838190"
"chr1","19350981","19351277","GL873545","4448210","4448481","94","14902771"
"chr1","19512306","19512586","GL873545","4448210","4448481","106","15064096"
"chr1","19537878","19538166","GL873545","4448210","4448481","97","15089668"
"chr1","19565053","19565346","GL873545","4448210","4448481","91","15116843"
"chr1","19574578","19574877","GL873545","4448210","4448481","96","15126368"
"chr1","19578317","19578626","GL873545","4448210","4448481","93","15130107"
"chr1","19716188","19716359","GL873522","7345196","7345311","76","12370992"
"chr1","19716404","19716529","GL873522","7345196","7345311","39","12371208"
"chr1","19836415","19836709","GL873545","4448210","4448481","91","15388205"
"chr1","19853980","19854287","GL873545","4448210","4448481","100","15405770"
"chr1","19862546","19862739","GL873536","5689208","5689413","70","14173338"
"chr1","19864193","19864489","GL873545","4448210","4448481","104","15415983"
"chr1","19905461","19905755","GL873545","4448210","4448481","89","15457251"
"chr1","19911389","19911687","GL873545","4448210","4448481","90","15463179"
"chr1","19968894","19969192","GL873545","4448210","4448481","92","15520684"
"chr1","20010846","20011145","GL873545","4448210","4448481","84","15562636"
"chr1","20197034","20197329","GL873545","4448210","4448481","99","15748824"
"chr1","20326459","20326748","GL873545","4448210","4448481","82","15878249"
"chr1","20351372","20351673","GL873545","4448210","4448481","88","15903162"
"chr1","20515102","20515402","GL873545","4448210","4448481","90","16066892"
"chr1","20565975","20566282","GL873545","4448210","4448481","97","16117765"
"chr1","20579903","20580207","GL873545","4448210","4448481","89","16131693"
"chr1","20612680","20612962","GL873545","4448210","4448481","105","16164470"
"chr1","20614868","20615159","GL873545","4448210","4448481","94","16166658"
"chr1","20622613","20622911","GL873545","4448210","4448481","85","16174403"
"chr1","20635221","20635499","GL873545","4448210","4448481","107","16187011"
"chr1","20647467","20647768","GL873545","4448210","4448481","87","16199257"
"chr1","20692342","20692599","GL873545","4448210","4448481","113","16244132"
"chr1","20692771","20693071","GL873545","4448210","4448481","86","16244561"
"chr1","20759881","20760186","GL873545","4448210","4448481","91","16311671"
"chr1","20789415","20789704","GL873545","4448210","4448481","103","16341205"
"chr1","20794079","20794381","GL873545","4448210","4448481","85","16345869"
"chr1","20821898","20822174","GL873545","4448210","4448481","102","16373688"
"chr1","20839277","20839409","GL873522","7345196","7345311","47","13494081"
"chr1","20902067","20902361","GL873545","4448210","4448481","94","16453857"
"chr1","20910304","20910611","GL873545","4448210","4448481","91","16462094"
"chr1","20933375","20933654","GL873545","4448210","4448481","105","16485165"
"chr1","20938827","20939135","GL873545","4448210","4448481","98","16490617"
"chr1","20990394","20990682","GL873545","4448210","4448481","94","16542184"
"chr1","21018301","21018576","GL873545","4448210","4448481","92","16570091"
"chr1","21071552","21071835","GL873545","4448210","4448481","99","16623342"
"chr1","21080500","21080806","GL873545","4448210","4448481","95","16632290"
"chr1","21116556","21116854","GL873545","4448210","4448481","95","16668346"
"chr1","21120382","21120638","GL873545","4448210","4448481","93","16672172"
"chr1","21147331","21147630","GL873545","4448210","4448481","93","16699121"
"chr1","21181555","21181839","GL873545","4448210","4448481","111","16733345"
"chr1","21199895","21200201","GL873545","4448210","4448481","101","16751685"
"chr1","21248618","21248925","GL873545","4448210","4448481","95","16800408"
"chr1","21253789","21254098","GL873545","4448210","4448481","95","16805579"
"chr1","21281715","21281964","GL873536","5689208","5689413","117","15592507"
"chr1","21383000","21383302","GL873545","4448210","4448481","93","16934790"
"chr1","21393877","21394183","GL873545","4448210","4448481","100","16945667"
"chr1","21401549","21401829","GL873545","4448210","4448481","102","16953339"
"chr1","21469445","21469730","GL873545","4448210","4448481","107","17021235"
"chr1","21493556","21493853","GL873545","4448210","4448481","94","17045346"
"chr1","21524000","21524301","GL873545","4448210","4448481","93","17075790"
"chr1","21588421","21588728","GL873545","4448210","4448481","86","17140211"
"chr1","21643278","21643586","GL873545","4448210","4448481","93","17195068"
"chr1","21656151","21656448","GL873545","4448210","4448481","107","17207941"
"chr1","21708219","21708502","GL873545","4448210","4448481","107","17260009"
"chr1","21717677","21717936","GL873545","4448210","4448481","105","17269467"
"chr1","21718559","21718818","GL873545","4448210","4448481","108","17270349"
"chr1","21751761","21752046","GL873545","4448210","4448481","115","17303551"
"chr1","21753881","21754180","GL873545","4448210","4448481","98","17305671"
"chr1","21758482","21758755","GL873545","4448210","4448481","96","17310272"
"chr1","21762586","21762888","GL873545","4448210","4448481","93","17314376"
"chr1","21767316","21767623","GL873545","4448210","4448481","97","17319106"
"chr1","21785751","21786034","GL873545","4448210","4448481","101","17337541"
"chr1","21792763","21793072","GL873545","4448210","4448481","101","17344553"
"chr1","21795453","21795754","GL873545","4448210","4448481","92","17347243"
"chr1","21844968","21845268","GL873545","4448210","4448481","88","17396758"
"chr1","21849686","21849977","GL873545","4448210","4448481","100","17401476"
"chr1","21859047","21859346","GL873545","4448210","4448481","96","17410837"
"chr1","21908844","21909128","GL873545","4448210","4448481","91","17460634"
"chr1","21934904","21935204","GL873545","4448210","4448481","95","17486694"
"chr1","21938107","21938410","GL873545","4448210","4448481","98","17489897"
"chr1","21947935","21948240","GL873545","4448210","4448481","101","17499725"
"chr1","21950148","21950444","GL873545","4448210","4448481","87","17501938"
"chr1","21971897","21972174","GL873545","4448210","4448481","97","17523687"
"chr1","22019709","22019995","GL873545","4448210","4448481","101","17571499"
"chr1","22029598","22029892","GL873545","4448210","4448481","97","17581388"
"chr1","22041072","22041374","GL873545","4448210","4448481","97","17592862"
"chr1","22046784","22047053","GL873545","4448210","4448481","91","17598574"
"chr1","22080889","22081177","GL873545","4448210","4448481","97","17632679"
"chr1","22107590","22107897","GL873545","4448210","4448481","98","17659380"
"chr1","22155287","22155567","GL873545","4448210","4448481","113","17707077"
"chr1","22198589","22198897","GL873545","4448210","4448481","101","17750379"
"chr1","22269221","22269531","GL873545","4448210","4448481","104","17821011"
"chr1","22316623","22316928","GL873545","4448210","4448481","99","17868413"
"chr1","22694531","22694820","GL873545","4448210","4448481","98","18246321"
"chr1","22731558","22731866","GL873545","4448210","4448481","98","18283348"
"chr1","22748378","22748678","GL873545","4448210","4448481","90","18300168"
"chr1","22871736","22872032","GL873545","4448210","4448481","92","18423526"
"chr1","22884361","22884644","GL873545","4448210","4448481","91","18436151"
"chr1","22931973","22932281","GL873545","4448210","4448481","96","18483763"
"chr1","22945332","22945631","GL873545","4448210","4448481","94","18497122"
"chr1","22946073","22946377","GL873545","4448210","4448481","93","18497863"
"chr1","22951553","22951857","GL873545","4448210","4448481","94","18503343"
"chr1","22961775","22962044","GL873545","4448210","4448481","101","18513565"
"chr1","22996310","22996619","GL873545","4448210","4448481","101","18548100"
"chr1","23032912","23033159","GL873545","4448210","4448481","103","18584702"
"chr1","23041436","23041740","GL873545","4448210","4448481","89","18593226"
"chr1","23076690","23076979","GL873545","4448210","4448481","101","18628480"
"chr1","23117810","23118118","GL873545","4448210","4448481","95","18669600"
"chr1","23127851","23128156","GL873545","4448210","4448481","99","18679641"
"chr1","23162960","23163258","GL873545","4448210","4448481","91","18714750"
"chr1","23172824","23173112","GL873545","4448210","4448481","91","18724614"
"chr1","23180771","23181046","GL873545","4448210","4448481","110","18732561"
"chr1","23195445","23195735","GL873545","4448210","4448481","101","18747235"
"chr1","23198916","23199126","GL873536","5689208","5689413","88","17509708"
"chr1","23273205","23273499","GL873545","4448210","4448481","100","18824995"
"chr1","23300479","23300774","GL873545","4448210","4448481","101","18852269"
"chr1","23330255","23330553","GL873545","4448210","4448481","91","18882045"
"chr1","23372872","23373155","GL873545","4448210","4448481","97","18924662"
"chr1","23414103","23414389","GL873545","4448210","4448481","113","18965893"
"chr1","23463593","23463877","GL873545","4448210","4448481","104","19015383"
"chr1","23491425","23491735","GL873545","4448210","4448481","93","19043215"
"chr1","23580028","23580333","GL873545","4448210","4448481","95","19131818"
"chr1","23586198","23586501","GL873545","4448210","4448481","92","19137988"
"chr1","23663730","23664019","GL873545","4448210","4448481","105","19215520"
"chr1","23669969","23670257","GL873545","4448210","4448481","98","19221759"
"chr1","23684898","23685164","GL873545","4448210","4448481","110","19236688"
"chr1","23700254","23700508","GL873545","4448210","4448481","108","19252044"
"chr1","23716949","23717256","GL873545","4448210","4448481","99","19268739"
"chr1","23725510","23725806","GL873545","4448210","4448481","82","19277300"
"chr1","23730557","23730864","GL873545","4448210","4448481","99","19282347"
"chr1","23735630","23735923","GL873545","4448210","4448481","97","19287420"
"chr1","23769710","23770013","GL873545","4448210","4448481","96","19321500"
"chr1","23780920","23781202","GL873545","4448210","4448481","94","19332710"
"chr1","23814371","23814668","GL873545","4448210","4448481","91","19366161"
"chr1","23839909","23840138","GL873545","4448210","4448481","115","19391699"
"chr1","23849576","23849880","GL873545","4448210","4448481","98","19401366"
"chr1","23885598","23885889","GL873545","4448210","4448481","101","19437388"
"chr1","23885908","23886208","GL873545","4448210","4448481","98","19437698"
"chr1","23897482","23897759","GL873545","4448210","4448481","98","19449272"
"chr1","23945452","23945740","GL873545","4448210","4448481","99","19497242"
"chr1","23970364","23970658","GL873545","4448210","4448481","83","19522154"
"chr1","23981200","23981513","GL873545","4448210","4448481","102","19532990"
"chr1","24182640","24182918","GL873545","4448210","4448481","103","19734430"
"chr1","24376979","24377262","GL873545","4448210","4448481","106","19928769"
"chr1","24487310","24487558","GL873545","4448210","4448481","111","20039100"
"chr1","24496623","24496932","GL873545","4448210","4448481","95","20048413"
"chr1","24515863","24516167","GL873545","4448210","4448481","88","20067653"
"chr1","24571195","24571498","GL873545","4448210","4448481","91","20122985"
"chr1","24573309","24573621","GL873545","4448210","4448481","104","20125099"
"chr1","24599577","24599889","GL873545","4448210","4448481","100","20151367"
"chr1","24640706","24640989","GL873545","4448210","4448481","109","20192496"
"chr1","24661808","24662108","GL873545","4448210","4448481","111","20213598"
"chr1","24683424","24683712","GL873545","4448210","4448481","98","20235214"
"chr1","24684679","24684970","GL873545","4448210","4448481","101","20236469"
"chr1","24707208","24707499","GL873545","4448210","4448481","103","20258998"
"chr1","24723750","24724037","GL873545","4448210","4448481","105","20275540"
"chr1","24755133","24755263","GL873522","7345196","7345311","48","17409937"
"chr1","24777264","24777534","GL873545","4448210","4448481","96","20329054"
"chr1","24787846","24788151","GL873545","4448210","4448481","95","20339636"
"chr1","24795574","24795867","GL873545","4448210","4448481","95","20347364"
"chr1","24813032","24813340","GL873545","4448210","4448481","101","20364822"
"chr1","24852636","24852937","GL873545","4448210","4448481","93","20404426"
"chr1","25102047","25102351","GL873545","4448210","4448481","96","20653837"
"chr1","25121295","25121594","GL873545","4448210","4448481","90","20673085"
"chr1","25142913","25143220","GL873545","4448210","4448481","94","20694703"
"chr1","25184661","25184958","GL873545","4448210","4448481","98","20736451"
"chr1","25189392","25189694","GL873545","4448210","4448481","95","20741182"
"chr1","25221107","25221349","GL873545","4448210","4448481","112","20772897"
"chr1","25225578","25225870","GL873545","4448210","4448481","96","20777368"
"chr1","25242816","25243108","GL873545","4448210","4448481","104","20794606"
"chr1","25250729","25251040","GL873545","4448210","4448481","101","20802519"
"chr1","25258184","25258477","GL873545","4448210","4448481","92","20809974"
"chr1","25452699","25452994","GL873545","4448210","4448481","90","21004489"
"chr1","25538928","25539225","GL873545","4448210","4448481","97","21090718"
"chr1","25690289","25690589","GL873545","4448210","4448481","96","21242079"
"chr1","25698670","25698964","GL873545","4448210","4448481","104","21250460"
"chr1","25764808","25765063","GL873545","4448210","4448481","112","21316598"
"chr1","25878489","25878795","GL873545","4448210","4448481","93","21430279"
"chr1","25897034","25897338","GL873545","4448210","4448481","98","21448824"
"chr1","25917226","25917529","GL873545","4448210","4448481","94","21469016"
"chr1","25920549","25920841","GL873545","4448210","4448481","96","21472339"
"chr1","25921385","25921694","GL873545","4448210","4448481","105","21473175"
"chr1","25934723","25935001","GL873545","4448210","4448481","96","21486513"
"chr1","25944559","25944859","GL873545","4448210","4448481","87","21496349"
"chr1","25950925","25951227","GL873545","4448210","4448481","94","21502715"
"chr1","26090287","26090565","GL873545","4448210","4448481","99","21642077"
"chr1","26090592","26090605","GL873680","2478143","2478185","31","23612449"
"chr1","26133704","26133817","GL873522","7344757","7344863","48","18788947"
"chr1","26133843","26133959","GL873522","7345196","7345311","35","18788647"
"chr1","26136122","26136316","GL873540","20171858","20172028","55","5964264"
"chr1","26152000","26152297","GL873545","4448210","4448481","89","21703790"
"chr1","26157448","26157704","GL873545","4448210","4448481","108","21709238"
"chr1","26162860","26163159","GL873545","4448210","4448481","93","21714650"
"chr1","26187611","26187919","GL873545","4448210","4448481","97","21739401"
"chr1","26196901","26197205","GL873545","4448210","4448481","96","21748691"
"chr1","26228858","26229152","GL873545","4448210","4448481","93","21780648"
"chr1","26256274","26256548","GL873545","4448210","4448481","94","21808064"
"chr1","26258601","26258892","GL873545","4448210","4448481","97","21810391"
"chr1","26293446","26293754","GL873545","4448210","4448481","102","21845236"
"chr1","26311450","26311740","GL873545","4448210","4448481","99","21863240"
"chr1","26319840","26320136","GL873545","4448210","4448481","83","21871630"
"chr1","26329744","26330034","GL873545","4448210","4448481","94","21881534"
"chr1","26394385","26394685","GL873545","4448210","4448481","94","21946175"
"chr1","26424233","26424532","GL873545","4448210","4448481","111","21976023"
"chr1","26435605","26435912","GL873545","4448210","4448481","99","21987395"
"chr1","26440920","26441222","GL873545","4448210","4448481","88","21992710"
"chr1","26486501","26486817","GL873545","4448210","4448481","105","22038291"
"chr1","26494383","26494690","GL873545","4448210","4448481","104","22046173"
"chr1","26499496","26499750","GL873545","4448210","4448481","109","22051286"
"chr1","26503961","26504259","GL873545","4448210","4448481","87","22055751"
"chr1","26567369","26567678","GL873545","4448210","4448481","96","22119159"
"chr1","26580439","26580741","GL873545","4448210","4448481","91","22132229"
"chr1","26591619","26591912","GL873545","4448210","4448481","96","22143409"
"chr1","26615534","26615835","GL873545","4448210","4448481","88","22167324"
"chr1","26631095","26631399","GL873545","4448210","4448481","88","22182885"
"chr1","26638169","26638462","GL873545","4448210","4448481","96","22189959"
"chr1","26649844","26650138","GL873545","4448210","4448481","92","22201634"
"chr1","26707201","26707506","GL873545","4448210","4448481","96","22258991"
"chr1","26715925","26716233","GL873545","4448210","4448481","105","22267715"
"chr1","26719971","26720263","GL873545","4448210","4448481","97","22271761"
"chr1","26757671","26757937","GL873545","4448210","4448481","101","22309461"
"chr1","26763491","26763761","GL873545","4448210","4448481","108","22315281"
"chr1","26800788","26801092","GL873545","4448210","4448481","94","22352578"
"chr1","26806361","26806634","GL873545","4448210","4448481","100","22358151"
"chr1","26927388","26927695","GL873545","4448210","4448481","100","22479178"
"chr1","26932171","26932478","GL873545","4448210","4448481","102","22483961"
"chr1","26955675","26955969","GL873545","4448210","4448481","95","22507465"
"chr1","26970186","26970484","GL873545","4448210","4448481","91","22521976"
"chr1","26984810","26985119","GL873545","4448210","4448481","96","22536600"
"chr1","27002457","27002754","GL873545","4448210","4448481","92","22554247"
"chr1","27065759","27066044","GL873545","4448210","4448481","97","22617549"
"chr1","27162550","27162722","GL873522","7344757","7344863","79","19817793"
"chr1","27163024","27163157","GL873522","7345196","7345311","47","19817828"
"chr1","27178760","27179048","GL873545","4448210","4448481","100","22730550"
"chr1","27189784","27190081","GL873545","4448210","4448481","90","22741574"
"chr1","27192388","27192657","GL873545","4448210","4448481","102","22744178"
"chr1","27230738","27231033","GL873545","4448210","4448481","97","22782528"
"chr1","27245560","27245860","GL873545","4448210","4448481","97","22797350"
"chr1","27268371","27268715","GL873545","4448210","4448481","132","22820161"
"chr1","27323498","27323793","GL873545","4448210","4448481","97","22875288"
"chr1","27344570","27344871","GL873545","4448210","4448481","95","22896360"
"chr1","27354488","27354774","GL873545","4448210","4448481","87","22906278"
"chr1","27442721","27443014","GL873545","4448210","4448481","93","22994511"
"chr1","27453611","27453905","GL873545","4448210","4448481","88","23005401"
"chr1","27461970","27462275","GL873545","4448210","4448481","101","23013760"
"chr1","27464723","27465004","GL873545","4448210","4448481","103","23016513"
"chr1","27472051","27472341","GL873545","4448210","4448481","104","23023841"
"chr1","27485714","27486009","GL873545","4448210","4448481","94","23037504"
"chr1","27497868","27498166","GL873545","4448210","4448481","95","23049658"
"chr1","27507350","27507638","GL873545","4448210","4448481","92","23059140"
"chr1","27530799","27531098","GL873545","4448210","4448481","93","23082589"
"chr1","27539446","27539743","GL873545","4448210","4448481","89","23091236"
"chr1","27695087","27695387","GL873545","4448210","4448481","99","23246877"
"chr1","27698893","27699166","GL873545","4448210","4448481","115","23250683"
"chr1","27722712","27723010","GL873545","4448210","4448481","90","23274502"
"chr1","27738210","27738486","GL873545","4448210","4448481","94","23290000"
"chr1","27746442","27746753","GL873545","4448210","4448481","99","23298232"
"chr1","27803722","27804027","GL873545","4448210","4448481","92","23355512"
"chr1","27816638","27816944","GL873545","4448210","4448481","97","23368428"
"chr1","27825259","27825557","GL873545","4448210","4448481","93","23377049"
"chr1","27855666","27855970","GL873545","4448210","4448481","99","23407456"
"chr1","27899231","27899531","GL873545","4448210","4448481","95","23451021"
"chr1","28007326","28007631","GL873545","4448210","4448481","101","23559116"
"chr1","28009370","28009639","GL873545","4448210","4448481","95","23561160"
"chr1","28042849","28043142","GL873545","4448210","4448481","89","23594639"
"chr1","28065723","28066025","GL873545","4448210","4448481","87","23617513"
"chr1","28083240","28083534","GL873545","4448210","4448481","89","23635030"
"chr1","28103795","28104086","GL873545","4448210","4448481","88","23655585"
"chr1","28109292","28109580","GL873545","4448210","4448481","119","23661082"
"chr1","28155206","28155506","GL873545","4448210","4448481","97","23706996"
"chr1","28158418","28158709","GL873545","4448210","4448481","96","23710208"
"chr1","28234142","28234433","GL873545","4448210","4448481","80","23785932"
"chr1","28257565","28257868","GL873545","4448210","4448481","99","23809355"
"chr1","28264082","28264338","GL873545","4448210","4448481","107","23815872"
"chr1","28278289","28278582","GL873545","4448210","4448481","82","23830079"
"chr1","28287883","28288194","GL873545","4448210","4448481","102","23839673"
"chr1","28335030","28335339","GL873545","4448210","4448481","96","23886820"
"chr1","28348022","28348328","GL873545","4448210","4448481","89","23899812"
"chr1","28381000","28381302","GL873545","4448210","4448481","101","23932790"
"chr1","28425126","28425416","GL873545","4448210","4448481","101","23976916"
"chr1","28431929","28432221","GL873545","4448210","4448481","97","23983719"
"chr1","28446499","28446792","GL873545","4448210","4448481","91","23998289"
"chr1","28485307","28485590","GL873545","4448210","4448481","108","24037097"
"chr1","28485619","28485908","GL873545","4448210","4448481","100","24037409"
"chr1","28498801","28499086","GL873545","4448210","4448481","90","24050591"
"chr1","28506775","28506950","GL873540","20171858","20172028","87","8334917"
"chr1","28507601","28507904","GL873545","4448210","4448481","95","24059391"
"chr1","28573024","28573328","GL873545","4448210","4448481","103","24124814"
"chr1","28625987","28626277","GL873545","4448210","4448481","96","24177777"
"chr1","28630276","28630564","GL873545","4448210","4448481","97","24182066"
"chr1","28651512","28651830","GL873545","4448210","4448481","108","24203302"
"chr1","28660008","28660278","GL873545","4448210","4448481","90","24211798"
"chr1","28664792","28665083","GL873545","4448210","4448481","102","24216582"
"chr1","28673258","28673554","GL873545","4448210","4448481","96","24225048"
"chr1","28685679","28685980","GL873545","4448210","4448481","88","24237469"
"chr1","28686357","28686647","GL873545","4448210","4448481","91","24238147"
"chr1","28688893","28689187","GL873545","4448210","4448481","95","24240683"
"chr1","28694675","28694961","GL873545","4448210","4448481","97","24246465"
"chr1","28700088","28700230","GL873522","7345196","7345311","53","21354892"
"chr1","28700536","28700700","GL873522","7344757","7344863","72","21355779"
"chr1","28723526","28723837","GL873545","4448210","4448481","99","24275316"
"chr1","28730378","28730669","GL873545","4448210","4448481","102","24282168"
"chr1","28784123","28784423","GL873545","4448210","4448481","93","24335913"
"chr1","28823363","28823693","GL873545","4448210","4448481","120","24375153"
"chr1","28825393","28825683","GL873545","4448210","4448481","98","24377183"
"chr1","28854658","28854948","GL873545","4448210","4448481","95","24406448"
"chr1","28868560","28868864","GL873545","4448210","4448481","90","24420350"
"chr1","28908441","28908729","GL873545","4448210","4448481","96","24460231"
"chr1","28921966","28922267","GL873545","4448210","4448481","90","24473756"
"chr1","28937389","28937692","GL873545","4448210","4448481","94","24489179"
"chr1","28949595","28949901","GL873545","4448210","4448481","105","24501385"
"chr1","28952246","28952532","GL873545","4448210","4448481","91","24504036"
"chr1","29066139","29066440","GL873545","4448210","4448481","87","24617929"
"chr1","29069677","29069971","GL873545","4448210","4448481","98","24621467"
"chr1","29093626","29093908","GL873545","4448210","4448481","102","24645416"
"chr1","29099027","29099268","GL873536","5689208","5689413","92","23409819"
"chr1","29104580","29104887","GL873545","4448210","4448481","90","24656370"
"chr1","29111697","29111995","GL873545","4448210","4448481","89","24663487"
"chr1","29139803","29140093","GL873545","4448210","4448481","97","24691593"
"chr1","29145161","29145302","GL873522","7345196","7345311","57","21799965"
"chr1","29147364","29147663","GL873545","4448210","4448481","92","24699154"
"chr1","29149399","29149714","GL873545","4448210","4448481","107","24701189"
"chr1","29167384","29167682","GL873545","4448210","4448481","95","24719174"
"chr1","29191812","29192105","GL873545","4448210","4448481","93","24743602"
"chr1","29218592","29218762","GL873540","20171858","20172028","65","9046734"
"chr1","29228352","29228613","GL873545","4448210","4448481","94","24780142"
"chr1","29241607","29241892","GL873545","4448210","4448481","101","24793397"
"chr1","29610672","29610959","GL873545","4448210","4448481","99","25162462"
"chr1","29637631","29637924","GL873545","4448210","4448481","99","25189421"
"chr1","29701271","29701556","GL873545","4448210","4448481","100","25253061"
"chr1","29945071","29945363","GL873545","4448210","4448481","98","25496861"
"chr1","30504999","30505276","GL873545","4448210","4448481","101","26056789"
"chr1","30556859","30557126","GL873545","4448210","4448481","107","26108649"
"chr1","30829440","30829734","GL873545","4448210","4448481","100","26381230"
"chr1","30832123","30832416","GL873545","4448210","4448481","90","26383913"
"chr1","30843359","30843660","GL873545","4448210","4448481","97","26395149"
"chr1","30891596","30891880","GL873545","4448210","4448481","94","26443386"
"chr1","30899081","30899381","GL873545","4448210","4448481","93","26450871"
"chr1","30946357","30946652","GL873545","4448210","4448481","98","26498147"
"chr1","30973809","30974101","GL873545","4448210","4448481","94","26525599"
"chr1","31044801","31045096","GL873545","4448210","4448481","85","26596591"
"chr1","31046494","31046769","GL873545","4448210","4448481","110","26598284"
"chr1","31046910","31047195","GL873545","4448210","4448481","98","26598700"
"chr1","31053018","31053299","GL873545","4448210","4448481","84","26604808"
"chr1","31080676","31080983","GL873545","4448210","4448481","107","26632466"
"chr1","31088872","31089179","GL873545","4448210","4448481","95","26640662"
"chr1","31090083","31090388","GL873545","4448210","4448481","92","26641873"
"chr1","31091223","31091501","GL873545","4448210","4448481","95","26643013"
"chr1","31102085","31102344","GL873545","4448210","4448481","115","26653875"
"chr1","31103877","31104182","GL873545","4448210","4448481","94","26655667"
"chr1","31115614","31115920","GL873545","4448210","4448481","100","26667404"
"chr1","31129002","31129306","GL873545","4448210","4448481","88","26680792"
"chr1","31145106","31145411","GL873545","4448210","4448481","89","26696896"
"chr1","31147120","31147384","GL873545","4448210","4448481","104","26698910"
"chr1","31161138","31161447","GL873545","4448210","4448481","100","26712928"
"chr1","31194760","31195069","GL873545","4448210","4448481","99","26746550"
"chr1","31205298","31205606","GL873545","4448210","4448481","102","26757088"
"chr1","31247274","31247582","GL873545","4448210","4448481","99","26799064"
"chr1","31279827","31280134","GL873545","4448210","4448481","91","26831617"
"chr1","31322722","31323019","GL873545","4448210","4448481","90","26874512"
"chr1","31437980","31438285","GL873545","4448210","4448481","103","26989770"
"chr1","31504523","31504832","GL873545","4448210","4448481","87","27056313"
"chr1","31560890","31561176","GL873545","4448210","4448481","93","27112680"
"chr1","31589670","31589974","GL873545","4448210","4448481","98","27141460"
"chr1","31594931","31595239","GL873545","4448210","4448481","104","27146721"
"chr1","31599953","31600246","GL873545","4448210","4448481","101","27151743"
"chr1","31817121","31817416","GL873545","4448210","4448481","96","27368911"
"chr1","31828704","31828975","GL873545","4448210","4448481","103","27380494"
"chr1","31856410","31856719","GL873545","4448210","4448481","100","27408200"
"chr1","31879820","31880101","GL873545","4448210","4448481","92","27431610"
"chr1","31882019","31882319","GL873545","4448210","4448481","92","27433809"
"chr1","31896483","31896775","GL873545","4448210","4448481","98","27448273"
"chr1","31916064","31916372","GL873545","4448210","4448481","105","27467854"
"chr1","31922929","31923208","GL873545","4448210","4448481","83","27474719"
"chr1","31939093","31939411","GL873545","4448210","4448481","109","27490883"
"chr1","31941680","31941978","GL873545","4448210","4448481","89","27493470"
"chr1","31941979","31942284","GL873545","4448210","4448481","96","27493769"
"chr1","31949213","31949511","GL873545","4448210","4448481","97","27501003"
"chr1","31966906","31967200","GL873545","4448210","4448481","95","27518696"
"chr1","31973604","31973894","GL873545","4448210","4448481","87","27525394"
"chr1","31993186","31993475","GL873545","4448210","4448481","98","27544976"
"chr1","32008701","32009012","GL873545","4448210","4448481","102","27560491"
"chr1","32032693","32032986","GL873545","4448210","4448481","94","27584483"
"chr1","32041584","32041887","GL873545","4448210","4448481","88","27593374"
"chr1","32055168","32055459","GL873545","4448210","4448481","103","27606958"
"chr1","32067122","32067424","GL873545","4448210","4448481","94","27618912"
"chr1","32084561","32084865","GL873545","4448210","4448481","85","27636351"
"chr1","32085471","32085766","GL873545","4448210","4448481","87","27637261"
"chr1","32104935","32105248","GL873545","4448210","4448481","102","27656725"
"chr1","32140115","32140404","GL873545","4448210","4448481","99","27691905"
"chr1","32155311","32155630","GL873545","4448210","4448481","109","27707101"
"chr1","32162555","32162847","GL873545","4448210","4448481","99","27714345"
"chr1","32212889","32213195","GL873545","4448210","4448481","102","27764679"
"chr1","32261363","32261671","GL873545","4448210","4448481","95","27813153"
"chr1","32261673","32261979","GL873545","4448210","4448481","97","27813463"
"chr1","32269438","32269731","GL873545","4448210","4448481","99","27821228"
"chr1","32270407","32270690","GL873545","4448210","4448481","92","27822197"
"chr1","32276932","32277235","GL873545","4448210","4448481","92","27828722"
"chr1","32281783","32282088","GL873545","4448210","4448481","97","27833573"
"chr1","32283011","32283312","GL873545","4448210","4448481","96","27834801"
"chr1","32293622","32293918","GL873545","4448210","4448481","91","27845412"
"chr1","32354607","32354902","GL873545","4448210","4448481","87","27906397"
"chr1","32356023","32356331","GL873545","4448210","4448481","96","27907813"
"chr1","32360206","32360513","GL873545","4448210","4448481","98","27911996"
"chr1","32425643","32425952","GL873545","4448210","4448481","111","27977433"
"chr1","32519280","32519571","GL873545","4448210","4448481","94","28071070"
"chr1","32537917","32538226","GL873545","4448210","4448481","105","28089707"
"chr1","32556062","32556367","GL873545","4448210","4448481","98","28107852"
"chr1","32594481","32594781","GL873545","4448210","4448481","97","28146271"
"chr1","32599438","32599718","GL873545","4448210","4448481","101","28151228"
"chr1","32634215","32634525","GL873545","4448210","4448481","98","28186005"
"chr1","32662707","32663016","GL873545","4448210","4448481","108","28214497"
"chr1","32671303","32671544","GL873536","5689208","5689413","83","26982095"
"chr1","32674716","32675035","GL873545","4448210","4448481","112","28226506"
"chr1","32696457","32696747","GL873545","4448210","4448481","104","28248247"
"chr1","32726648","32726941","GL873545","4448210","4448481","100","28278438"
"chr1","32731958","32732267","GL873545","4448210","4448481","92","28283748"
"chr1","32735146","32735432","GL873545","4448210","4448481","100","28286936"
"chr1","32735495","32735782","GL873545","4448210","4448481","92","28287285"
"chr1","32745278","32745578","GL873545","4448210","4448481","87","28297068"
"chr1","32760589","32760888","GL873545","4448210","4448481","87","28312379"
"chr1","32821321","32821619","GL873545","4448210","4448481","106","28373111"
"chr1","32865054","32865096","GL873662","1216561","1216602","11","31648493"
"chr1","32865398","32865670","GL873545","4448210","4448481","102","28417188"
"chr1","32913532","32913825","GL873545","4448210","4448481","95","28465322"
"chr1","32918580","32918886","GL873545","4448210","4448481","97","28470370"
"chr1","32920452","32920739","GL873545","4448210","4448481","93","28472242"
"chr1","32941263","32941563","GL873545","4448210","4448481","92","28493053"
"chr1","32977079","32977362","GL873545","4448210","4448481","100","28528869"
"chr1","32982242","32982522","GL873545","4448210","4448481","103","28534032"
"chr1","32994539","32994849","GL873545","4448210","4448481","97","28546329"
"chr1","33024906","33025215","GL873545","4448210","4448481","101","28576696"
"chr1","33059332","33059624","GL873545","4448210","4448481","109","28611122"
"chr1","33111608","33111902","GL873545","4448210","4448481","97","28663398"
"chr1","33154518","33154809","GL873545","4448210","4448481","102","28706308"
"chr1","33157749","33158054","GL873545","4448210","4448481","91","28709539"
"chr1","33187954","33188231","GL873545","4448210","4448481","101","28739744"
"chr1","33304493","33304792","GL873545","4448210","4448481","97","28856283"
"chr1","33335620","33335898","GL873545","4448210","4448481","105","28887410"
"chr1","33386236","33386528","GL873545","4448210","4448481","100","28938026"
"chr1","33423818","33424127","GL873545","4448210","4448481","102","28975608"
"chr1","33734505","33734814","GL873545","4448210","4448481","104","29286295"
"chr1","33868456","33868734","GL873545","4448210","4448481","104","29420246"
"chr1","33871617","33871905","GL873545","4448210","4448481","97","29423407"
"chr1","33929433","33929694","GL873545","4448210","4448481","106","29481223"
"chr1","34154728","34155025","GL873545","4448210","4448481","97","29706518"
"chr1","34535393","34535690","GL873545","4448210","4448481","96","30087183"
"chr1","34651696","34652003","GL873545","4448210","4448481","93","30203486"
"chr1","34735574","34735864","GL873545","4448210","4448481","105","30287364"
"chr1","34838826","34839120","GL873545","4448210","4448481","96","30390616"
"chr1","34853704","34854013","GL873545","4448210","4448481","99","30405494"
"chr1","34951824","34952130","GL873545","4448210","4448481","94","30503614"
"chr1","34982453","34982774","GL873545","4448210","4448481","109","30534243"
"chr1","35007302","35007605","GL873545","4448210","4448481","101","30559092"
"chr1","35013682","35013988","GL873545","4448210","4448481","96","30565472"
"chr1","35064045","35064320","GL873545","4448210","4448481","92","30615835"
"chr1","35074415","35074706","GL873545","4448210","4448481","91","30626205"
"chr1","35088138","35088422","GL873545","4448210","4448481","104","30639928"
"chr1","35096033","35096335","GL873545","4448210","4448481","91","30647823"
"chr1","35150412","35150636","GL873540","20171858","20172028","81","14978554"
"chr1","35228847","35229140","GL873545","4448210","4448481","90","30780637"
"chr1","35254326","35254606","GL873545","4448210","4448481","107","30806116"
"chr1","35275234","35275526","GL873545","4448210","4448481","97","30827024"
"chr1","35287624","35287903","GL873545","4448210","4448481","101","30839414"
"chr1","35409660","35409956","GL873545","4448210","4448481","85","30961450"
"chr1","35455574","35455878","GL873545","4448210","4448481","91","31007364"
"chr1","35522269","35522577","GL873545","4448210","4448481","95","31074059"
"chr1","35581872","35582177","GL873545","4448210","4448481","104","31133662"
"chr1","35643120","35643415","GL873545","4448210","4448481","96","31194910"
"chr1","35720443","35720745","GL873545","4448210","4448481","92","31272233"
"chr1","35730920","35731228","GL873545","4448210","4448481","98","31282710"
"chr1","35738801","35739098","GL873545","4448210","4448481","88","31290591"
"chr1","35752298","35752604","GL873545","4448210","4448481","97","31304088"
"chr1","35798951","35799263","GL873545","4448210","4448481","109","31350741"
"chr1","35861272","35861577","GL873545","4448210","4448481","95","31413062"
"chr1","35865833","35866125","GL873545","4448210","4448481","110","31417623"
"chr1","35875414","35875710","GL873545","4448210","4448481","95","31427204"
"chr1","35912562","35912870","GL873545","4448210","4448481","100","31464352"
"chr1","35937412","35937703","GL873545","4448210","4448481","103","31489202"
"chr1","35958101","35958396","GL873545","4448210","4448481","91","31509891"
"chr1","35965210","35965518","GL873545","4448210","4448481","107","31517000"
"chr1","35987788","35988088","GL873545","4448210","4448481","92","31539578"
"chr1","35993739","35994041","GL873545","4448210","4448481","98","31545529"
"chr1","36064883","36065185","GL873545","4448210","4448481","95","31616673"
"chr1","36120468","36120776","GL873545","4448210","4448481","96","31672258"
"chr1","36247037","36247327","GL873545","4448210","4448481","105","31798827"
"chr1","36257844","36258137","GL873545","4448210","4448481","90","31809634"
"chr1","36271287","36271578","GL873545","4448210","4448481","100","31823077"
"chr1","36377255","36377557","GL873545","4448210","4448481","88","31929045"
"chr1","36501708","36502007","GL873545","4448210","4448481","89","32053498"
"chr1","36727618","36727920","GL873545","4448210","4448481","98","32279408"
"chr1","36749221","36749521","GL873545","4448210","4448481","96","32301011"
"chr1","37023047","37023354","GL873545","4448210","4448481","93","32574837"
"chr1","37324062","37324364","GL873545","4448210","4448481","103","32875852"
"chr1","37384180","37384461","GL873545","4448210","4448481","108","32935970"
"chr1","37443940","37444181","GL873536","5689208","5689413","84","31754732"
"chr1","37451339","37451511","GL873522","7344757","7344863","83","30106582"
"chr1","37451760","37451897","GL873522","7345196","7345311","44","30106564"
"chr1","37495053","37495333","GL873545","4448210","4448481","94","33046843"
"chr1","37505991","37506283","GL873545","4448210","4448481","94","33057781"
"chr1","37522280","37522571","GL873545","4448210","4448481","103","33074070"
"chr1","37539430","37539721","GL873545","4448210","4448481","99","33091220"
"chr1","37555913","37556194","GL873545","4448210","4448481","97","33107703"
"chr1","37570250","37570546","GL873545","4448210","4448481","87","33122040"
"chr1","37610930","37611229","GL873545","4448210","4448481","96","33162720"
"chr1","37880428","37880732","GL873545","4448210","4448481","92","33432218"
"chr1","37884670","37884975","GL873545","4448210","4448481","97","33436460"
"chr1","37900249","37900551","GL873545","4448210","4448481","93","33452039"
"chr1","37900796","37901109","GL873545","4448210","4448481","103","33452586"
"chr1","37917009","37917307","GL873545","4448210","4448481","102","33468799"
"chr1","37929125","37929417","GL873545","4448210","4448481","98","33480915"
"chr1","37933895","37934232","GL873545","4448210","4448481","128","33485685"
"chr1","37937031","37937339","GL873545","4448210","4448481","98","33488821"
"chr1","37989011","37989321","GL873545","4448210","4448481","102","33540801"
"chr1","38008499","38008802","GL873545","4448210","4448481","105","33560289"
"chr1","38012049","38012347","GL873545","4448210","4448481","92","33563839"
"chr1","38075081","38075355","GL873545","4448210","4448481","109","33626871"
"chr1","38226383","38226671","GL873545","4448210","4448481","92","33778173"
"chr1","38272026","38272308","GL873545","4448210","4448481","97","33823816"
"chr1","38522284","38522585","GL873545","4448210","4448481","88","34074074"
"chr1","38554115","38554426","GL873545","4448210","4448481","110","34105905"
"chr1","38570995","38571293","GL873545","4448210","4448481","92","34122785"
"chr1","38866409","38866714","GL873545","4448210","4448481","102","34418199"
"chr1","38880502","38880797","GL873545","4448210","4448481","86","34432292"
"chr1","38887431","38887722","GL873545","4448210","4448481","100","34439221"
"chr1","38909481","38909753","GL873545","4448210","4448481","114","34461271"
"chr1","38950092","38950385","GL873545","4448210","4448481","98","34501882"
"chr1","39035788","39036051","GL873545","4448210","4448481","113","34587578"
"chr1","39043842","39044105","GL873545","4448210","4448481","115","34595632"
"chr1","39044279","39044554","GL873545","4448210","4448481","102","34596069"
"chr1","39055885","39056186","GL873545","4448210","4448481","96","34607675"
"chr1","39058504","39058802","GL873545","4448210","4448481","87","34610294"
"chr1","39061445","39061746","GL873545","4448210","4448481","96","34613235"
"chr1","39064541","39064670","GL873522","7345196","7345311","43","31719345"
"chr1","39064979","39065151","GL873522","7344757","7344863","79","31720222"
"chr1","39112088","39112383","GL873545","4448210","4448481","96","34663878"
"chr1","39120384","39120661","GL873545","4448210","4448481","104","34672174"
"chr1","39135259","39135537","GL873545","4448210","4448481","103","34687049"
"chr1","39140637","39140943","GL873545","4448210","4448481","97","34692427"
"chr1","39181871","39182170","GL873545","4448210","4448481","96","34733661"
"chr1","39208621","39208903","GL873545","4448210","4448481","108","34760411"
"chr1","39226343","39226638","GL873545","4448210","4448481","91","34778133"
"chr1","39286461","39286740","GL873545","4448210","4448481","108","34838251"
"chr1","39386428","39386727","GL873545","4448210","4448481","80","34938218"
"chr1","39546469","39546769","GL873545","4448210","4448481","96","35098259"
"chr1","39565548","39565857","GL873545","4448210","4448481","100","35117338"
"chr1","39585017","39585321","GL873545","4448210","4448481","98","35136807"
"chr1","39600282","39600581","GL873545","4448210","4448481","100","35152072"
"chr1","39614826","39615134","GL873545","4448210","4448481","99","35166616"
"chr1","39674957","39675256","GL873545","4448210","4448481","101","35226747"
"chr1","39709917","39710226","GL873545","4448210","4448481","97","35261707"
"chr1","39715081","39715390","GL873545","4448210","4448481","100","35266871"
"chr1","39798672","39798965","GL873545","4448210","4448481","88","35350462"
"chr1","39806245","39806511","GL873545","4448210","4448481","99","35358035"
"chr1","39848544","39848836","GL873545","4448210","4448481","95","35400334"
"chr1","39860799","39861082","GL873545","4448210","4448481","98","35412589"
"chr1","39875208","39875499","GL873545","4448210","4448481","98","35426998"
"chr1","39885090","39885394","GL873545","4448210","4448481","96","35436880"
"chr1","39889562","39889725","GL873540","20171858","20172028","71","19717704"
"chr1","39891631","39891922","GL873545","4448210","4448481","105","35443421"
"chr1","39906479","39906593","GL873525","40670456","40670559","62","763977"
"chr1","39945403","39945690","GL873545","4448210","4448481","97","35497193"
"chr1","39951241","39951467","GL873536","5689208","5689413","80","34262033"
"chr1","39986328","39986611","GL873545","4448210","4448481","100","35538118"
"chr1","39989443","39989755","GL873545","4448210","4448481","91","35541233"
"chr1","39993841","39994137","GL873545","4448210","4448481","95","35545631"
"chr1","39995364","39995676","GL873545","4448210","4448481","97","35547154"
"chr1","40035913","40036214","GL873545","4448210","4448481","93","35587703"
"chr1","40043194","40043494","GL873545","4448210","4448481","90","35594984"
"chr1","40088144","40088444","GL873545","4448210","4448481","90","35639934"
"chr1","40093606","40093904","GL873545","4448210","4448481","86","35645396"
"chr1","40142956","40143240","GL873545","4448210","4448481","91","35694746"
"chr1","40196069","40196371","GL873545","4448210","4448481","99","35747859"
"chr1","40224307","40224573","GL873545","4448210","4448481","97","35776097"
"chr1","40229443","40229752","GL873545","4448210","4448481","103","35781233"
"chr1","40246511","40246826","GL873545","4448210","4448481","97","35798301"
"chr1","40295675","40295808","GL873522","7345196","7345311","48","32950479"
"chr1","40319707","40320020","GL873545","4448210","4448481","111","35871497"
"chr1","40324703","40325002","GL873545","4448210","4448481","90","35876493"
"chr1","40331657","40331963","GL873545","4448210","4448481","94","35883447"
"chr1","40332361","40332639","GL873545","4448210","4448481","108","35884151"
"chr1","40548228","40548536","GL873545","4448210","4448481","99","36100018"
"chr1","40555924","40556229","GL873545","4448210","4448481","95","36107714"
"chr1","40575125","40575392","GL873545","4448210","4448481","112","36126915"
"chr1","40687970","40688262","GL873545","4448210","4448481","93","36239760"
"chr1","40727530","40727830","GL873545","4448210","4448481","98","36279320"
"chr1","40910147","40910446","GL873545","4448210","4448481","88","36461937"
"chr1","40954236","40954537","GL873545","4448210","4448481","93","36506026"
"chr1","40956910","40957219","GL873545","4448210","4448481","101","36508700"
"chr1","40975751","40976049","GL873545","4448210","4448481","89","36527541"
"chr1","41016715","41017007","GL873545","4448210","4448481","101","36568505"
"chr1","41052918","41053182","GL873545","4448210","4448481","94","36604708"
"chr1","41062460","41062768","GL873545","4448210","4448481","99","36614250"
"chr1","41085839","41086138","GL873545","4448210","4448481","96","36637629"
"chr1","41235332","41235600","GL873545","4448210","4448481","114","36787122"
"chr1","41311649","41311944","GL873545","4448210","4448481","109","36863439"
"chr1","41397239","41397564","GL873545","4448210","4448481","140","36949029"
"chr1","41624884","41625192","GL873545","4448210","4448481","105","37176674"
"chr1","41676043","41676348","GL873545","4448210","4448481","92","37227833"
"chr1","41782452","41782747","GL873545","4448210","4448481","90","37334242"
"chr1","41849697","41849988","GL873545","4448210","4448481","99","37401487"
"chr1","42169134","42169405","GL873545","4448210","4448481","103","37720924"
"chr1","42200475","42200782","GL873545","4448210","4448481","104","37752265"
"chr1","42244900","42245185","GL873545","4448210","4448481","92","37796690"
"chr1","42287058","42287353","GL873545","4448210","4448481","99","37838848"
"chr1","42520322","42520629","GL873545","4448210","4448481","93","38072112"
"chr1","42719427","42719715","GL873545","4448210","4448481","89","38271217"
"chr1","42732753","42733054","GL873545","4448210","4448481","102","38284543"
"chr1","42965034","42965351","GL873545","4448210","4448481","107","38516824"
"chr1","42977081","42977385","GL873545","4448210","4448481","90","38528871"
"chr1","42987325","42987606","GL873545","4448210","4448481","117","38539115"
"chr1","42997325","42997594","GL873536","5689208","5689413","106","37308117"
"chr1","43004316","43004620","GL873545","4448210","4448481","104","38556106"
"chr1","43014582","43014877","GL873545","4448210","4448481","103","38566372"
"chr1","43016067","43016356","GL873545","4448210","4448481","105","38567857"
"chr1","43017208","43017516","GL873545","4448210","4448481","96","38568998"
"chr1","43030231","43030534","GL873545","4448210","4448481","91","38582021"
"chr1","43233211","43233502","GL873545","4448210","4448481","94","38785001"
"chr1","43268706","43268982","GL873545","4448210","4448481","101","38820496"
"chr1","43301591","43301881","GL873545","4448210","4448481","92","38853381"
"chr1","43331168","43331467","GL873545","4448210","4448481","95","38882958"
"chr1","43333841","43334147","GL873545","4448210","4448481","96","38885631"
"chr1","43491343","43491642","GL873545","4448210","4448481","94","39043133"
"chr1","43556265","43556550","GL873545","4448210","4448481","90","39108055"
"chr1","43672192","43672486","GL873545","4448210","4448481","99","39223982"
"chr1","43674517","43674808","GL873545","4448210","4448481","99","39226307"
"chr1","43747128","43747422","GL873545","4448210","4448481","102","39298918"
"chr1","43759164","43759469","GL873545","4448210","4448481","94","39310954"
"chr1","43805733","43806032","GL873545","4448210","4448481","93","39357523"
"chr1","43866850","43867141","GL873545","4448210","4448481","98","39418640"
"chr1","43929299","43929600","GL873545","4448210","4448481","92","39481089"
"chr1","43943987","43944290","GL873545","4448210","4448481","103","39495777"
"chr1","44058282","44058588","GL873545","4448210","4448481","92","39610072"
"chr1","44065007","44065298","GL873545","4448210","4448481","99","39616797"
"chr1","44079927","44080226","GL873545","4448210","4448481","91","39631717"
"chr1","44360697","44360995","GL873545","4448210","4448481","87","39912487"
"chr1","44404045","44404328","GL873545","4448210","4448481","92","39955835"
"chr1","44446561","44446855","GL873545","4448210","4448481","88","39998351"
"chr1","44451608","44451918","GL873545","4448210","4448481","98","40003398"
"chr1","44495569","44495733","GL873522","7345196","7345311","71","37150373"
"chr1","44530691","44530990","GL873545","4448210","4448481","97","40082481"
"chr1","44535130","44535438","GL873545","4448210","4448481","100","40086920"
"chr1","44627065","44627370","GL873545","4448210","4448481","94","40178855"
"chr1","44656732","44657041","GL873545","4448210","4448481","96","40208522"
"chr1","44680207","44680472","GL873545","4448210","4448481","106","40231997"
"chr1","44689940","44690239","GL873545","4448210","4448481","83","40241730"
"chr1","44690674","44690950","GL873545","4448210","4448481","92","40242464"
"chr1","44702432","44702738","GL873545","4448210","4448481","96","40254222"
"chr1","44729606","44729940","GL873545","4448210","4448481","121","40281396"
"chr1","44755262","44755563","GL873545","4448210","4448481","88","40307052"
"chr1","44767976","44768268","GL873545","4448210","4448481","108","40319766"
"chr1","44769304","44769426","GL873522","7345196","7345311","34","37424108"
"chr1","44769427","44769714","GL873545","4448210","4448481","97","40321217"
"chr1","44769715","44769910","GL873522","7345196","7345311","105","37424519"
"chr1","44774527","44774836","GL873545","4448210","4448481","103","40326317"
"chr1","44798018","44798329","GL873545","4448210","4448481","104","40349808"
