"chr1","23068573","23068852","JH378141","6161252","6161533","10","16907321"
"chr1","18087740","18088007","JH378175","3311506","3311778","24","14776234"
"chr1","25689947","25690259","JH378133","19446453","19446746","39","6243494"
"chr1","46923637","46923942","JH378169","10312118","10312418","68","36611519"
"chr1","151125942","151126216","JH378105","55522923","55523217","56","95603019"
"chr1","155844496","155844789","JH378248","4382705","4382998","40","151461791"
"chr1","161349505","161349810","JH378142","76660","76968","44","161272845"
"chr1","181796781","181796947","JH378128","4717098","4717271","34","177079683"
"chr1","10401","10703","JH378218","3782461","3782762","54","3772060"
"chr1","19613","19929","JH378222","6454788","6455099","51","6435175"
"chr1","117644","117913","JH378340","127695","127966","15","10051"
"chr1","156684","156989","JH378109","10506405","10506707","20","10349721"
"chr1","190869","191153","JH378108","29009091","29009377","14","28818222"
"chr1","231682","231988","JH378133","3099773","3100078","7","2868091"
"chr1","257430","257746","JH378148","11846449","11846757","27","11589019"
"chr1","275885","276181","JH378109","21791323","21791617","12","21515438"
"chr1","294236","294518","JH378122","12566404","12566685","21","12272168"
"chr1","301219","301542","JH378206","3483186","3483509","31","3181967"
"chr1","311296","311566","JH378177","7567426","7567696","22","7256130"
"chr1","319650","319956","JH378165","5765407","5765711","9","5445757"
"chr1","362551","362838","JH378125","13709687","13709980","44","13347136"
"chr1","376150","376405","JH378301","1722382","1722638","18","1346232"
"chr1","426495","426775","JH378185","2043620","2043911","46","1617125"
"chr1","456806","457124","JH378128","21538278","21538589","12","21081472"
"chr1","506475","506775","JH378117","34089641","34089941","13","33583166"
"chr1","525091","525396","JH378165","11619241","11619549","12","11094150"
"chr1","553903","554210","JH378147","4177879","4178182","40","3623976"
"chr1","554990","555290","JH378193","3202056","3202355","44","2647066"
"chr1","557495","557764","JH378107","19289995","19290260","17","18732500"
"chr1","704469","704780","JH378165","12814098","12814406","24","12109629"
"chr1","747938","748215","JH378147","3994925","3995214","34","3246987"
"chr1","765901","766173","JH378113","43588441","43588712","19","42822540"
"chr1","782500","782806","JH378112","19856311","19856618","15","19073811"
"chr1","786686","786946","JH378147","3956398","3956649","25","3169712"
"chr1","862408","862707","JH378123","1342445","1342744","13","480037"
"chr1","880858","881156","JH378112","44976065","44976363","13","44095207"
"chr1","898230","898514","JH378140","17581836","17582116","53","16683606"
"chr1","901297","901601","JH378128","25056481","25056785","18","24155184"
"chr1","922741","923034","JH378147","3839786","3840064","43","2917045"
"chr1","934887","935192","JH378115","16640909","16641214","8","15706022"
"chr1","950725","951034","JH378123","21835846","21836153","18","20885121"
"chr1","968396","968698","JH378147","3800965","3801266","24","2832569"
"chr1","996412","996713","JH378147","3774019","3774322","24","2777607"
"chr1","1303929","1304196","JH378128","7516682","7516953","14","6212753"
"chr1","1324664","1324959","JH378113","39800740","39801039","12","38476076"
"chr1","1344195","1344466","JH378182","7415986","7416257","14","6071791"
"chr1","1383589","1383886","JH378113","39800740","39801039","15","38417151"
"chr1","1424080","1424377","JH378147","3361243","3361537","41","1937163"
"chr1","1448319","1448618","JH378106","15077571","15077870","8","13629252"
"chr1","1453103","1453411","JH378105","59636789","59637095","11","58183686"
"chr1","1462596","1462849","JH378133","9039407","9039668","27","7576811"
"chr1","1481304","1481613","JH378114","9705053","9705359","16","8223749"
"chr1","1497879","1498160","JH378107","52162718","52163002","52","50664839"
"chr1","1525719","1526030","JH378107","22664703","22665013","16","21138984"
"chr1","1835217","1835531","JH378147","13546984","13547295","12","11711767"
"chr1","1898498","1898794","JH378111","36919499","36919790","60","35021001"
"chr1","1905563","1905851","JH378163","12973255","12973542","54","11067692"
"chr1","2053386","2053694","JH378169","6599637","6599946","8","4546251"
"chr1","2176732","2177000","JH378105","1019148","1019413","15","1157584"
"chr1","2218239","2218533","JH378115","25369510","25369804","8","23151271"
"chr1","2262805","2263097","JH378139","17452118","17452408","45","15189313"
"chr1","2311300","2311597","JH378147","2631891","2632201","38","320591"
"chr1","2315878","2316173","JH378133","4278547","4278842","17","1962669"
"chr1","2329816","2330111","JH378130","2081084","2081376","18","248732"
"chr1","2335622","2335932","JH378107","55417055","55417362","12","53081433"
"chr1","2436097","2436370","JH378128","18915069","18915347","17","16478972"
"chr1","2449585","2449889","JH378106","218645","218949","7","2230940"
"chr1","2461508","2461824","JH378147","2503395","2503707","43","41887"
"chr1","2514950","2515235","JH378141","15586731","15587016","56","13071781"
"chr1","2522269","2522557","JH378111","36919499","36919790","67","34397230"
"chr1","2586319","2586616","JH378116","20011307","20011604","14","17424988"
"chr1","2642988","2643241","JH378147","2392634","2392892","37","250354"
"chr1","2712902","2713212","JH378107","55417055","55417362","14","52704153"
"chr1","2717393","2717514","JH378147","2322460","2322581","16","394933"
"chr1","2721334","2721637","JH378166","10994679","10994981","22","8273345"
"chr1","2747669","2747969","JH378160","5552586","5552888","10","2804917"
"chr1","2837947","2838259","JH378108","9646703","9647036","38","6808756"
"chr1","2839811","2840111","JH378170","11089671","11089972","3","8249860"
"chr1","2920321","2920598","JH378162","15063638","15063911","16","12143317"
"chr1","2941613","2941884","JH378110","33699207","33699481","15","30757594"
"chr1","3012611","3012900","JH378147","2031955","2032257","26","980656"
"chr1","3273527","3273738","JH378147","1771643","1771846","33","1501884"
"chr1","3303458","3303728","JH378128","7516682","7516953","9","4213224"
"chr1","3342696","3342991","JH378115","25369510","25369804","18","22026814"
"chr1","3361413","3361718","JH378118","18213470","18213775","8","14852057"
"chr1","3379626","3379914","JH378130","3517155","3517445","19","137529"
"chr1","3394280","3394583","JH378109","10506405","10506707","15","7112125"
"chr1","3397401","3397711","JH378111","18641202","18641513","10","15243801"
"chr1","3404539","3404816","JH378107","15692255","15692529","23","12287716"
"chr1","3423788","3424028","JH378109","34656513","34656765","29","31232725"
"chr1","3516639","3516945","JH378121","7949570","7949875","10","4432931"
"chr1","3542133","3542438","JH378110","46849202","46849506","19","43307069"
"chr1","3662429","3662738","JH378107","55417055","55417362","4","51754626"
"chr1","3726068","3726377","JH378137","4173739","4174050","22","447671"
"chr1","3763711","3764017","JH378128","25056481","25056785","13","21292770"
"chr1","3818968","3819255","JH378147","1269522","1269813","38","2549446"
"chr1","3917553","3917864","JH378113","30247508","30247817","26","26329955"
"chr1","3951096","3951400","JH378133","3099773","3100078","5","851323"
"chr1","3963733","3964020","JH378319","798172","798462","19","3165561"
"chr1","4002438","4002752","JH378111","24753666","24753972","16","20751228"
"chr1","4033702","4034005","JH378125","16106383","16106686","11","12072681"
"chr1","4036707","4037006","JH378127","909941","910240","8","3126766"
"chr1","4037676","4037985","JH378130","1357941","1358249","14","2679735"
"chr1","4047523","4047820","JH378112","44976065","44976363","9","40928542"
"chr1","4179080","4179364","JH378187","6389925","6390209","17","2210845"
"chr1","4210208","4210513","JH378115","1671987","1672293","13","2538221"
"chr1","4230375","4230715","JH378198","5298034","5298381","51","1067659"
"chr1","4244221","4244490","JH378122","17634331","17634609","32","13390110"
"chr1","4250763","4251087","JH378108","51652058","51652388","22","47401295"
"chr1","4316022","4316181","JH378123","28418626","28418784","44","24102604"
"chr1","4459400","4459701","JH378109","16209979","16210279","14","11750579"
"chr1","4524180","4524507","JH378106","30901903","30902217","48","26377723"
"chr1","4556777","4557068","JH378127","14056181","14056472","9","9499404"
"chr1","4594839","4594997","JH378147","605498","605636","25","3989341"
"chr1","4635260","4635512","JH378181","7884527","7884783","41","3249267"
"chr1","4649095","4649399","JH378107","50051644","50051947","15","45402549"
"chr1","4650079","4650387","JH378270","2363563","2363870","19","2286516"
"chr1","4663357","4663663","JH378106","22841353","22841655","10","18177996"
"chr1","4684411","4684716","JH378165","5765407","5765711","22","1080996"
"chr1","4738504","4738788","JH378126","25804485","25804767","9","21065981"
"chr1","4750241","4750560","JH378109","23940063","23940373","25","19189822"
"chr1","4790779","4791038","JH378182","5756876","5757130","53","966097"
"chr1","4907968","4908273","JH378114","9705053","9705359","12","4797085"
"chr1","5008440","5008723","JH378147","208782","209076","29","4799658"
"chr1","5085094","5085401","JH378107","57767422","57767732","53","52682328"
"chr1","5139031","5139313","JH378116","1964858","1965142","18","3174173"
"chr1","5152670","5152975","JH378133","3099773","3100078","7","2052897"
"chr1","5153599","5153733","JH378199","4330476","4330599","38","823123"
"chr1","5154088","5154179","JH378150","15401510","15401601","21","10247422"
"chr1","5193998","5194303","JH378133","3099773","3100078","9","2094225"
"chr1","5270447","5270747","JH378106","37600162","37600457","17","32329715"
"chr1","5319535","5319800","JH378133","83828","84098","31","5235707"
"chr1","5355073","5355382","JH378242","3875958","3876266","14","1479115"
"chr1","5376985","5377275","JH378112","23846545","23846835","17","18469560"
"chr1","5394925","5395219","JH378133","166619","166914","22","5228306"
"chr1","5428431","5428749","JH378191","5016570","5016886","27","411861"
"chr1","5432369","5432679","JH378217","5679893","5680204","14","247524"
"chr1","5473335","5473643","JH378133","238780","239092","42","5234555"
"chr1","5499345","5499574","JH378133","266686","266914","20","5232659"
"chr1","5559534","5559835","JH378105","56923115","56923419","25","51363581"
"chr1","5599315","5599595","JH378133","345075","345345","34","5254240"
"chr1","5755981","5756287","JH378133","485517","485823","38","5270464"
"chr1","5800514","5800810","JH378111","12539036","12539332","7","6738522"
"chr1","5820251","5820548","JH378105","48747843","48748140","57","42927592"
"chr1","5892820","5893125","JH378107","8085564","8085867","13","2192744"
"chr1","5894356","5894656","JH378198","1070265","1070566","49","4824091"
"chr1","5996806","5997118","JH378128","21538278","21538589","7","15541472"
"chr1","6000846","6001140","JH378106","46687816","46688110","12","40686970"
"chr1","6057792","6058104","JH378186","2309314","2309625","11","3748478"
"chr1","6058370","6058673","JH378162","14163358","14163657","27","8104988"
"chr1","6165926","6166224","JH378231","4302299","4302597","10","1863627"
"chr1","6241310","6241607","JH378120","10285683","10285981","9","4044373"
"chr1","6381722","6382016","JH378170","9529337","9529631","8","3147615"
"chr1","6392274","6392569","JH378157","15697029","15697325","22","9304755"
"chr1","6489544","6489847","JH378111","27612264","27612566","8","21122720"
"chr1","6493814","6494110","JH378111","10081113","10081407","49","3587299"
"chr1","6499802","6500000","JH378159","1383968","1384160","44","5115834"
"chr1","6633636","6633936","JH378137","7925029","7925315","67","1291393"
"chr1","6637991","6638287","JH378139","18612802","18613103","15","11974811"
"chr1","6667617","6667934","JH378169","234093","234402","17","6433524"
"chr1","6685026","6685325","JH378112","35425427","35425724","16","28740401"
"chr1","6766735","6766991","JH378133","1403298","1403556","23","5363437"
"chr1","6793596","6793890","JH378105","15946018","15946311","16","9152422"
"chr1","6809047","6809347","JH378113","39800740","39801039","10","32991693"
"chr1","6814078","6814378","JH378108","21666061","21666362","18","14851983"
"chr1","6853283","6853583","JH378133","1487086","1487395","44","5366197"
"chr1","6937949","6938231","JH378118","9969488","9969774","21","3031539"
"chr1","6965495","6965800","JH378133","1629063","1629360","37","5336432"
"chr1","6991919","6992230","JH378241","2065318","2065629","15","4926601"
"chr1","7042400","7042698","JH378212","4715959","4716253","14","2326441"
"chr1","7115164","7115474","JH378123","15126753","15127059","12","8011589"
"chr1","7126518","7126801","JH378133","1786162","1786463","40","5340356"
"chr1","7195161","7195454","JH378138","9844153","9844445","9","2648992"
"chr1","7212194","7212502","JH378107","55417055","55417362","8","48204861"
"chr1","7250935","7251243","JH378107","55417055","55417362","15","48166120"
"chr1","7326492","7326792","JH378107","35424232","35424532","10","28097740"
"chr1","7420046","7420336","JH378144","14572790","14573082","17","7152744"
"chr1","7428996","7429292","JH378133","2080868","2081179","52","5348128"
"chr1","7450758","7451061","JH378118","23222999","23223301","9","15772241"
"chr1","7469242","7469535","JH378133","2121140","2121430","25","5348102"
"chr1","7522800","7523109","JH378123","15126753","15127059","13","7603953"
"chr1","7589787","7590041","JH378107","33023310","33023566","14","25433523"
"chr1","7590582","7590747","JH378133","2240706","2240878","19","5349876"
"chr1","7605617","7605915","JH378133","2257188","2257484","38","5348429"
"chr1","7629123","7629426","JH378106","43745574","43745877","8","36116451"
"chr1","7643186","7643501","JH378147","13546984","13547295","18","5903798"
"chr1","7648635","7648931","JH378143","3207612","3207908","12","4441023"
"chr1","7658963","7659246","JH378118","22126156","22126438","23","14467193"
"chr1","7721783","7722092","JH378108","24040509","24040816","8","16318726"
"chr1","7750712","7751005","JH378113","28582205","28582500","43","20831493"
"chr1","7765123","7765335","JH378160","5409682","5409892","44","2355441"
"chr1","7795652","7795948","JH378250","2327015","2327312","16","5468637"
"chr1","7810921","7811148","JH378199","1499779","1500000","32","6311142"
"chr1","7865824","7866109","JH378141","5701001","5701286","10","2164823"
"chr1","7942692","7942986","JH378110","22658824","22659118","12","14716132"
"chr1","7996712","7996992","JH378252","1744775","1745055","18","6251937"
"chr1","8085523","8085834","JH378128","21538278","21538589","20","13452755"
"chr1","8101301","8101616","JH378118","9209149","9209458","13","1107848"
"chr1","8126495","8126799","JH378133","2755831","2756136","27","5370664"
"chr1","8166263","8166572","JH378142","2753557","2753868","23","5412706"
"chr1","8172318","8172574","JH378161","3094503","3094768","51","5077815"
"chr1","8287100","8287397","JH378173","1841716","1842013","10","6445384"
"chr1","8342083","8342376","JH378170","9529337","9529631","7","1187254"
"chr1","8383196","8383505","JH378109","43228767","43229078","15","34845571"
"chr1","8397364","8397675","JH378107","667662","667973","13","7729702"
"chr1","8423440","8423726","JH378126","12834528","12834812","49","4411088"
"chr1","8436376","8436648","JH378118","10716156","10716439","25","2279780"
"chr1","8475001","8475296","JH378236","5503624","5503918","13","2971377"
"chr1","8501544","8501847","JH378105","59636789","59637095","18","51135245"
"chr1","8603987","8604272","JH378140","3353850","3354135","12","5250137"
"chr1","8682504","8682807","JH378118","18415420","18415723","5","9732916"
"chr1","8704157","8704423","JH378128","7516682","7516953","16","1187475"
"chr1","8721931","8722241","JH378128","21538278","21538589","9","12816347"
"chr1","8830111","8830419","JH378107","55417055","55417362","11","46586944"
"chr1","8899536","8899844","JH378107","40818320","40818627","15","31918784"
"chr1","8970336","8970660","JH378203","8059437","8059759","28","910899"
"chr1","9019525","9019835","JH378114","44204615","44204926","19","35185090"
"chr1","9025749","9026044","JH378148","1897914","1898205","44","7127835"
"chr1","9094007","9094303","JH378181","4569440","4569738","17","4524567"
"chr1","9113504","9113802","JH378125","2486245","2486544","17","6627259"
"chr1","9152984","9153278","JH378170","12633831","12634125","13","3480847"
"chr1","9320780","9321059","JH378106","238785","239061","15","9081995"
"chr1","9396718","9397027","JH378123","9492946","9493253","12","96228"
"chr1","9471607","9471902","JH378133","4074383","4074680","22","5397224"
"chr1","9587289","9587573","JH378121","1014273","1014559","19","8573016"
"chr1","9592254","9592554","JH378227","4770214","4770511","50","4822040"
"chr1","9647293","9647599","JH378255","3749507","3749812","50","5897786"
"chr1","9657761","9658053","JH378157","6177050","6177341","46","3480711"
"chr1","9739201","9739506","JH378144","14572790","14573082","23","4833589"
"chr1","9740500","9740804","JH378202","2910757","2911059","12","6829743"
"chr1","9838874","9839169","JH378169","210765","211059","11","9628109"
"chr1","9841329","9841638","JH378133","4428961","4429277","22","5412368"
"chr1","9864009","9864303","JH378245","202660","202953","6","9661349"
"chr1","9871150","9871451","JH378109","16209979","16210279","10","6338829"
"chr1","9901957","9902238","JH378174","8461977","8462252","20","1439980"
"chr1","9957320","9957625","JH378122","11659390","11659694","13","1702070"
"chr1","9962761","9963030","JH378107","11324447","11324727","19","1361686"
"chr1","10018883","10019181","JH378282","1242062","1242358","15","8776821"
"chr1","10101062","10101336","JH378134","6243580","6243855","15","3857482"
"chr1","10134676","10134969","JH378106","64575861","64576156","42","54441185"
"chr1","10235255","10235551","JH378127","20199064","20199360","41","9963809"
"chr1","10249941","10250251","JH378133","4837796","4838104","47","5412145"
"chr1","10265603","10265899","JH378343","150295","150600","52","10115308"
"chr1","10285161","10285454","JH378282","2006819","2007113","40","8278342"
"chr1","10352562","10352864","JH378193","5282804","5283105","53","5069758"
"chr1","10370811","10371094","JH378133","4952227","4952508","43","5418584"
"chr1","10372981","10373251","JH378133","4954424","4954712","36","5418557"
"chr1","10374066","10374366","JH378174","8630019","8630314","39","1744047"
"chr1","10407118","10407414","JH378133","4987634","4987922","24","5419484"
"chr1","10417381","10417657","JH378133","4996183","4996465","31","5421198"
"chr1","10425923","10426200","JH378203","1634907","1635170","50","8791016"
"chr1","10435317","10435534","JH378264","3481519","3481727","50","6953798"
"chr1","10462349","10462644","JH378133","5029604","5029877","43","5432745"
"chr1","10463296","10463591","JH378113","7063415","7063704","63","3399881"
"chr1","10466315","10466608","JH378133","5035473","5035770","43","5430842"
"chr1","10492071","10492358","JH378133","5057778","5058081","29","5434293"
"chr1","10494494","10494787","JH378124","16392693","16392982","35","5898199"
"chr1","10509090","10509158","JH378113","32071752","32071827","13","21562662"
"chr1","10525974","10526286","JH378160","12037990","12038298","48","1512016"
"chr1","10534695","10534992","JH378108","49202514","49202801","41","38667819"
"chr1","10538576","10538836","JH378125","2317657","2317915","44","8220919"
"chr1","10594167","10594418","JH378133","5156267","5156547","51","5437900"
"chr1","10655515","10655813","JH378139","10433997","10434295","40","221518"
"chr1","10664774","10665077","JH378151","8132061","8132357","47","2532713"
"chr1","10669568","10669843","JH378133","5211327","5211601","33","5458241"
"chr1","10780528","10780823","JH378130","7834308","7834601","22","2946220"
"chr1","10798516","10798815","JH378112","44976065","44976363","9","34177549"
"chr1","10853953","10854233","JH378168","9396548","9396827","16","1457405"
"chr1","10870200","10870517","JH378224","6002687","6002997","57","4867513"
"chr1","10886317","10886601","JH378133","5417111","5417395","25","5469206"
"chr1","10899228","10899517","JH378133","5427426","5427713","24","5471802"
"chr1","10919109","10919413","JH378106","53845439","53845743","11","42926330"
"chr1","11008412","11008703","JH378107","42037532","42037829","11","31029120"
"chr1","11013387","11013687","JH378120","20949652","20949946","42","9936265"
"chr1","11025627","11025920","JH378146","14944082","14944375","16","3918455"
"chr1","11046579","11046838","JH378131","12617545","12617808","20","1570966"
"chr1","11053472","11053760","JH378133","5581771","5582076","33","5471701"
"chr1","11065273","11065585","JH378142","11397837","11398148","7","332564"
"chr1","11066769","11067078","JH378142","11397837","11398148","21","331068"
"chr1","11093002","11093273","JH378205","4411961","4412234","14","6681041"
"chr1","11215599","11215910","JH378142","11397837","11398148","13","182238"
"chr1","11216303","11216585","JH378154","8542679","8542985","65","2673624"
"chr1","11264742","11265034","JH378112","32508557","32508847","17","21243815"
"chr1","11407226","11407528","JH378133","5915814","5916116","21","5491412"
"chr1","11460811","11461115","JH378257","1669354","1669658","14","9791457"
"chr1","11476751","11477048","JH378261","2435051","2435348","13","9041700"
"chr1","11479258","11479555","JH378133","5986091","5986399","30","5493167"
"chr1","11526468","11526767","JH378112","44976065","44976363","8","33449597"
"chr1","11550816","11551111","JH378111","4265240","4265534","8","7285576"
"chr1","11557181","11557480","JH378133","6063500","6063799","26","5493681"
"chr1","11580578","11580871","JH378133","6082996","6083281","29","5497582"
"chr1","11692677","11692985","JH378107","55417055","55417362","6","43724378"
"chr1","11704076","11704380","JH378107","50051644","50051947","19","38347568"
"chr1","11704818","11705107","JH378222","6337247","6337530","48","5367571"
"chr1","11754297","11754599","JH378125","6412212","6412514","10","5342085"
"chr1","11837860","11838152","JH378144","14572790","14573082","8","2734930"
"chr1","11925456","11925731","JH378162","15063638","15063911","16","3138182"
"chr1","12029631","12029938","JH378107","55417055","55417362","5","43387424"
"chr1","12055571","12055867","JH378191","221211","221507","11","11834360"
"chr1","12145547","12145858","JH378107","667662","667973","15","11477885"
"chr1","12206527","12206819","JH378105","69025222","69025517","16","56818695"
"chr1","12217286","12217592","JH378133","6692945","6693256","26","5524341"
"chr1","12249985","12250295","JH378117","14083157","14083467","48","1833172"
"chr1","12281740","12282048","JH378130","1357941","1358249","5","10923799"
"chr1","12313616","12313916","JH378117","34089641","34089941","9","21776025"
"chr1","12349345","12349651","JH378107","55417055","55417362","9","43067710"
"chr1","12372085","12372400","JH378133","6845147","6845462","31","5526938"
"chr1","12382325","12382618","JH378133","6855357","6855660","42","5526968"
"chr1","12409707","12410009","JH378147","4128878","4129181","17","8280829"
"chr1","12486124","12486417","JH378178","8359896","8360186","15","4126228"
"chr1","12489807","12490011","JH378196","3405640","3405838","50","9084167"
"chr1","12492441","12492738","JH378169","5020572","5020872","13","7471869"
"chr1","12507916","12508208","JH378192","5401182","5401474","9","7106734"
"chr1","12539036","12539334","JH378161","13190884","13191181","8","651848"
"chr1","12643444","12643743","JH378123","1342445","1342744","13","11300999"
"chr1","12660319","12660589","JH378209","1220899","1221171","17","11439420"
"chr1","12703554","12703855","JH378108","23745299","23745600","13","11041745"
"chr1","12759192","12759495","JH378133","7194468","7194776","43","5564724"
"chr1","12822513","12822819","JH378106","14439019","14439323","41","1616506"
"chr1","12883449","12883754","JH378106","65975768","65976068","15","53092319"
"chr1","12894567","12894857","JH378130","3517155","3517445","9","9377412"
"chr1","12904479","12904767","JH378111","18672377","18672669","16","5767898"
"chr1","12907644","12907951","JH378143","1794510","1794816","13","11113134"
"chr1","12927581","12927891","JH378161","5136074","5136384","13","7791507"
"chr1","12930118","12930284","JH378180","9787849","9788012","29","3142269"
"chr1","12988651","12988960","JH378260","408222","408530","46","12580429"
"chr1","13068944","13069251","JH378117","6482885","6483189","51","6586059"
"chr1","13085149","13085474","JH378133","7509550","7509847","53","5575599"
"chr1","13088711","13089005","JH378136","11374032","11374328","41","1714679"
"chr1","13094466","13094585","JH378133","7519582","7519701","9","5574884"
"chr1","13126928","13127228","JH378112","44976065","44976363","10","31849137"
"chr1","13171079","13171379","JH378108","17626842","17627147","66","4455763"
"chr1","13202499","13202795","JH378249","1459391","1459688","51","11743108"
"chr1","13308117","13308414","JH378133","7717928","7718238","33","5590189"
"chr1","13327210","13327546","JH378133","7737988","7738344","53","5589222"
"chr1","13375543","13375844","JH378133","7787319","7787620","21","5588224"
"chr1","13383710","13383993","JH378193","3208905","3209190","56","10174805"
"chr1","13390680","13390995","JH378133","7802387","7802693","28","5588293"
"chr1","13424060","13424356","JH378105","55522923","55523217","45","42098863"
"chr1","13520369","13520649","JH378122","17634331","17634609","45","4113962"
"chr1","13593344","13593619","JH378218","3855694","3855971","41","9737650"
"chr1","13725133","13725381","JH378133","8120657","8120889","35","5604476"
"chr1","13729982","13730273","JH378107","26784833","26785125","44","13054851"
"chr1","13776896","13777168","JH378133","8172979","8173266","40","5603917"
"chr1","13788764","13789063","JH378105","5865553","5865854","42","7923211"
"chr1","13794751","13795052","JH378132","20534406","20534702","50","6739655"
"chr1","13925073","13925381","JH378133","8301875","8302183","22","5623198"
"chr1","13935405","13935699","JH378204","5342488","5342793","47","8592917"
"chr1","13961918","13962213","JH378221","6829831","6830128","13","7132087"
"chr1","14012835","14013131","JH378133","8388414","8388714","18","5624421"
"chr1","14204081","14204378","JH378133","8573968","8574261","28","5630113"
"chr1","14206946","14207252","JH378133","8576849","8577140","37","5630097"
"chr1","14318978","14319258","JH378133","8686973","8687269","31","5632005"
"chr1","14681430","14681718","JH378184","7739995","7740285","54","6941435"
"chr1","14778185","14778486","JH378120","4392397","4392705","46","10385788"
"chr1","14808456","14808749","JH378133","9143118","9143414","30","5665338"
"chr1","14855321","14855604","JH378119","32680002","32680286","54","17824681"
"chr1","14860905","14861212","JH378133","9198034","9198342","20","5662871"
"chr1","15028301","15028585","JH378133","9371899","9372203","32","5656402"
"chr1","15041098","15041391","JH378158","4564579","4564868","41","10476519"
"chr1","15050080","15050381","JH378244","4086755","4087059","35","10963325"
"chr1","15090754","15091073","JH378133","9439218","9439533","32","5651536"
"chr1","15186390","15186672","JH378133","9526056","9526338","22","5660334"
"chr1","15194572","15194859","JH378133","9534521","9534807","26","5660051"
"chr1","15201232","15201530","JH378185","2060444","2060747","54","13140788"
"chr1","15244790","15245100","JH378107","55417055","55417362","7","40172265"
"chr1","15263816","15264120","JH378133","9607438","9607745","18","5656378"
"chr1","15279718","15280028","JH378133","9623743","9624055","29","5655975"
"chr1","15331676","15331971","JH378184","4577890","4578185","8","10753786"
"chr1","15341214","15341507","JH378133","9679206","9679529","50","5662008"
"chr1","15345465","15345737","JH378133","9683544","9683837","42","5661921"
"chr1","15363593","15363896","JH378114","29742351","29742654","15","14378758"
"chr1","15366527","15366686","JH378199","1602911","1603070","41","13763616"
"chr1","15374325","15374578","JH378108","18196270","18196528","46","2821945"
"chr1","15404676","15404980","JH378107","32204206","32204508","14","16799530"
"chr1","15447386","15447700","JH378128","21538278","21538589","10","6090892"
"chr1","15454068","15454373","JH378133","3099773","3100078","11","12354295"
"chr1","15454742","15455042","JH378107","35424232","35424532","18","19969490"
"chr1","15509516","15509819","JH378107","50051644","50051947","9","34542128"
"chr1","15522093","15522395","JH378106","9629844","9630146","18","5892249"
"chr1","15574549","15574852","JH378186","8671108","8671404","49","6903441"
"chr1","15603077","15603314","JH378139","11192935","11193167","39","4410142"
"chr1","15651499","15651771","JH378133","9983756","9984034","20","5667743"
"chr1","15688131","15688420","JH378115","22772460","22772748","41","7084329"
"chr1","15737309","15737457","JH378119","274256","274405","20","15463053"
"chr1","15828779","15829063","JH378142","4078584","4078869","35","11750195"
"chr1","15881937","15882230","JH378133","10203068","10203366","23","5678869"
"chr1","15945041","15945341","JH378133","10260212","10260509","19","5684829"
"chr1","16010486","16010782","JH378143","3207612","3207908","10","12802874"
"chr1","16186327","16186630","JH378133","10481235","10481540","27","5705092"
"chr1","16207613","16207902","JH378217","620711","621003","16","15586902"
"chr1","16211468","16211764","JH378116","3151743","3152035","57","13059725"
"chr1","16318948","16319251","JH378114","31702370","31702671","13","15383422"
"chr1","16325627","16325937","JH378108","27261914","27262227","13","10936287"
"chr1","16355480","16355778","JH378127","909941","910240","16","15445539"
"chr1","16434792","16435091","JH378121","17493816","17494112","18","1059024"
"chr1","16436254","16436527","JH378133","10741625","10741908","32","5694629"
"chr1","16437196","16437474","JH378156","2207434","2207716","57","14229762"
"chr1","16456612","16456922","JH378228","1308411","1308720","17","15148201"
"chr1","16486426","16486742","JH378176","10213239","10213548","43","6273187"
"chr1","16525550","16525852","JH378112","7686371","7686672","10","8839179"
"chr1","16526825","16527123","JH378149","8374412","8374710","13","8152413"
"chr1","16539150","16539439","JH378118","33941287","33941573","22","17402137"
"chr1","16610327","16610636","JH378113","2084494","2084796","17","14525833"
"chr1","16717853","16718162","JH378133","11007791","11008095","27","5710062"
"chr1","16745126","16745418","JH378112","32508557","32508847","11","15763431"
"chr1","16788821","16789120","JH378112","44976065","44976363","12","28187244"
"chr1","16820091","16820352","JH378133","11100816","11101089","42","5719275"
"chr1","16831426","16831723","JH378133","11112753","11113071","41","5718673"
"chr1","16879371","16879646","JH378205","4411961","4412234","17","12467410"
"chr1","16956613","16956912","JH378117","35256795","35257092","11","18300182"
"chr1","16981436","16981748","JH378135","10704598","10704902","49","6276838"
"chr1","17175064","17175362","JH378112","44976065","44976363","10","27801001"
"chr1","17408104","17408412","JH378210","2061818","2062126","25","15346286"
"chr1","17411026","17411324","JH378112","44976065","44976363","5","27565039"
"chr1","17434860","17435148","JH378165","12604960","12605244","65","4829900"
"chr1","17462385","17462567","JH378139","4814499","4814676","33","12647886"
"chr1","17675159","17675460","JH378111","20370256","20370555","15","2695097"
"chr1","17679199","17679491","JH378109","26311938","26312228","9","8632739"
"chr1","17752105","17752320","JH378186","2170358","2170566","30","15581747"
"chr1","17774476","17774772","JH378111","12539036","12539332","14","5235440"
"chr1","17816430","17816701","JH378128","7516682","7516953","12","10299748"
"chr1","17826688","17826978","JH378118","3654178","3654467","13","14172510"
"chr1","17860216","17860521","JH378109","44931031","44931339","9","27070815"
"chr1","17866767","17867071","JH378278","3134429","3134726","20","14732338"
"chr1","18137060","18137365","JH378139","1763175","1763478","14","16373885"
"chr1","18251217","18251517","JH378133","12382572","12382878","35","5868645"
"chr1","18342272","18342566","JH378133","12468680","12468964","31","5873592"
"chr1","18371813","18372103","JH378113","38125327","38125618","12","19753514"
"chr1","18411403","18411693","JH378217","2188070","2188359","15","16223333"
"chr1","18575752","18576060","JH378105","27158222","27158529","18","8582470"
"chr1","18661458","18661756","JH378261","2435051","2435348","9","16226407"
"chr1","18804325","18804623","JH378113","16344888","16345182","22","2459437"
"chr1","18848304","18848611","JH378133","12955852","12956163","25","5892452"
"chr1","18874721","18875032","JH378128","21538278","21538589","12","2663557"
"chr1","18878592","18878883","JH378105","15946018","15946311","14","2932574"
"chr1","18960572","18960875","JH378240","1336852","1337165","26","17623720"
"chr1","19040000","19040293","JH378160","14488613","14488906","15","4551387"
"chr1","19076113","19076359","JH378289","391840","392085","29","18684273"
"chr1","19133931","19134229","JH378112","44976065","44976363","8","25842134"
"chr1","19215804","19216099","JH378125","3077620","3077925","26","16138184"
"chr1","19224931","19225202","JH378107","15022461","15022730","16","4202470"
"chr1","19286121","19286414","JH378133","13374409","13374714","35","5911712"
"chr1","19316306","19316606","JH378162","7058874","7059174","11","12257432"
"chr1","19393623","19393913","JH378178","436048","436339","14","18957575"
"chr1","19487895","19488189","JH378178","8203178","8203477","15","11284717"
"chr1","19546614","19546916","JH378140","14267660","14267962","8","5278954"
"chr1","19587484","19587813","JH378153","512536","512840","79","19074948"
"chr1","19609240","19609544","JH378137","4531323","4531627","15","15077917"
"chr1","19782472","19782775","JH378114","31702370","31702671","8","11919898"
"chr1","19792143","19792441","JH378112","44976065","44976363","9","25183922"
"chr1","19830859","19831139","JH378133","13942701","13942975","18","5888158"
"chr1","19890950","19891262","JH378128","21538278","21538589","6","1647328"
"chr1","19899863","19900159","JH378133","14009244","14009535","26","5890619"
"chr1","19914570","19914860","JH378117","1859270","1859560","13","18055300"
"chr1","20108083","20108381","JH378178","8203178","8203477","7","11904905"
"chr1","20109293","20109595","JH378111","27612264","27612566","8","7502971"
"chr1","20154571","20154870","JH378107","35424232","35424532","15","15269661"
"chr1","20181200","20181493","JH378121","17493816","17494112","16","2687384"
"chr1","20183668","20183924","JH378301","1722382","1722638","14","18461286"
"chr1","20198943","20199220","JH378302","1302942","1303221","26","18896001"
"chr1","20199644","20199765","JH378195","1296443","1296569","24","18903201"
"chr1","20271012","20271309","JH378147","4502985","4503281","12","15768027"
"chr1","20293105","20293395","JH378114","23638665","23638954","13","3345560"
"chr1","20361065","20361338","JH378264","2071895","2072167","18","18289170"
"chr1","20389007","20389300","JH378134","5278083","5278377","15","15110924"
"chr1","20462518","20462828","JH378170","6084034","6084344","17","14378484"
"chr1","20481078","20481275","JH378133","14580110","14580303","17","5900968"
"chr1","20487245","20487541","JH378116","20011307","20011604","20","475938"
"chr1","20559974","20560269","JH378119","7247863","7248157","6","13312111"
"chr1","20611532","20611836","JH378108","8434079","8434384","12","12177453"
"chr1","20668615","20668903","JH378209","5299250","5299542","15","15369365"
"chr1","20686524","20686812","JH378105","25158786","25159074","12","4472262"
"chr1","20720136","20720447","JH378172","10916933","10917242","23","9803203"
"chr1","20730923","20731230","JH378159","11096656","11096964","16","9634267"
"chr1","20770047","20770345","JH378108","24041000","24041297","9","3270953"
"chr1","20862819","20863106","JH378133","14932980","14933270","28","5929839"
"chr1","20893189","20893480","JH378112","32508557","32508847","11","11615368"
"chr1","20910177","20910450","JH378132","8653614","8653886","30","12256563"
"chr1","20939213","20939523","JH378251","1600660","1600969","19","19338553"
"chr1","20956140","20956435","JH378130","15871548","15871843","15","5084592"
"chr1","20969933","20970205","JH378133","15034383","15034637","44","5935550"
"chr1","20997602","20997907","JH378114","29742351","29742654","18","8744749"
"chr1","21064449","21064768","JH378106","38043472","38043768","36","16979023"
"chr1","21109199","21109509","JH378114","9705053","9705359","15","11404146"
"chr1","21155413","21155714","JH378107","295337","295639","48","20860076"
"chr1","21216569","21216867","JH378112","7686371","7686672","18","13530198"
"chr1","21237782","21238058","JH378128","7516682","7516953","25","13721100"
"chr1","21255531","21255845","JH378133","15286994","15287294","35","5968537"
"chr1","21259691","21259974","JH378125","3705603","3705886","10","17554088"
"chr1","21299911","21300029","JH378403","16611","16729","25","21283300"
"chr1","21346289","21346591","JH378114","22966810","22967111","14","1620521"
"chr1","21347846","21348115","JH378133","15378531","15378809","42","5969315"
"chr1","21353549","21353859","JH378111","14283942","14284251","19","7069607"
"chr1","21424685","21424986","JH378106","9629844","9630146","14","11794841"
"chr1","21463477","21463783","JH378114","9705053","9705359","15","11758424"
"chr1","21489306","21489604","JH378108","15443803","15444100","10","6045503"
"chr1","21544827","21545124","JH378121","17493816","17494112","18","4051011"
"chr1","21642839","21643181","JH378133","15668773","15669106","37","5974066"
"chr1","21657965","21658234","JH378188","338491","338760","15","21319474"
"chr1","21881286","21881589","JH378118","18415420","18415723","16","3465866"
"chr1","21916050","21916354","JH378156","2048807","2049102","41","19867243"
"chr1","21942387","21942698","JH378106","52442715","52443026","15","30500328"
"chr1","22022364","22022673","JH378183","234199","234507","14","21788165"
"chr1","22037847","22038157","JH378107","54815968","54816274","16","32778121"
"chr1","22052118","22052404","JH378112","23846545","23846835","15","1794427"
"chr1","22112113","22112405","JH378115","3281764","3282058","21","18830349"
"chr1","22120037","22120326","JH378117","28116138","28116428","16","5996101"
"chr1","22136355","22136532","JH378133","16140877","16141055","8","5995478"
"chr1","22151350","22151644","JH378203","8107328","8107621","14","14044022"
"chr1","22169734","22170054","JH378113","11591688","11592009","23","10578046"
"chr1","22201709","22202006","JH378161","13190884","13191181","22","9010825"
"chr1","22244056","22244353","JH378109","13320791","13321079","67","8923265"
"chr1","22269212","22269517","JH378107","49451976","49452281","11","27182764"
"chr1","22277547","22277850","JH378105","71431706","71432009","49","49154159"
"chr1","22304387","22304599","JH378133","16292523","16292745","25","6011864"
"chr1","22388813","22389005","JH378225","5094006","5094209","48","17294807"
"chr1","22402171","22402464","JH378119","7247863","7248157","17","15154308"
"chr1","22448011","22448296","JH378113","8343443","8343727","24","14104568"
"chr1","22471066","22471371","JH378169","6599637","6599946","16","15871429"
"chr1","22486934","22487240","JH378194","1232066","1232363","50","21254868"
"chr1","22527590","22527892","JH378117","32039674","32039978","10","9512084"
"chr1","22565388","22565678","JH378113","3957066","3957357","42","18608322"
"chr1","22590866","22591166","JH378113","39800740","39801039","15","17209874"
"chr1","22676158","22676459","JH378149","6866647","6866948","12","15809511"
"chr1","22709247","22709558","JH378112","23791669","23791979","11","1082422"
"chr1","22745040","22745337","JH378114","24994133","24994430","14","2249093"
"chr1","22750596","22750896","JH378133","16718659","16718952","29","6031937"
"chr1","22816889","22817184","JH378105","67355954","67356250","17","44539065"
"chr1","22865929","22866206","JH378134","6243580","6243855","16","16622349"
"chr1","22894855","22895139","JH378112","23846545","23846835","19","951690"
"chr1","22951277","22951588","JH378142","11397837","11398148","20","11553440"
"chr1","22974223","22974531","JH378250","1320244","1320552","15","21653979"
"chr1","22981749","22982018","JH378108","21391766","21392034","13","1589983"
"chr1","23023537","23023821","JH378203","755365","755658","50","22268172"
"chr1","23025087","23025387","JH378160","12513722","12514019","12","10511365"
"chr1","23069706","23070001","JH378275","2399897","2400191","12","20669809"
"chr1","23094213","23094522","JH378107","57467152","57467465","74","34372939"
"chr1","23094994","23095291","JH378139","9281329","9281621","50","13813665"
"chr1","23098924","23099193","JH378182","7415986","7416257","17","15682938"
"chr1","23223193","23223441","JH378133","17182273","17182520","27","6040920"
"chr1","23334464","23334584","JH378115","35478032","35478154","19","12143568"
"chr1","23379857","23380160","JH378165","5765407","5765711","10","17614450"
"chr1","23452825","23453124","JH378127","8970533","8970832","16","14482292"
"chr1","23471392","23471692","JH378114","31702370","31702671","13","8230978"
"chr1","23484912","23485222","JH378130","1357941","1358249","15","22126971"
"chr1","23562937","23563234","JH378111","12539036","12539332","13","11023901"
"chr1","23628007","23628306","JH378106","28738982","28739281","18","5110975"
"chr1","23646216","23646522","JH378107","55417055","55417362","7","31770839"
"chr1","23668212","23668420","JH378133","17577859","17578082","27","6090353"
"chr1","23668906","23669179","JH378340","127695","127966","11","23541211"
"chr1","23672715","23673000","JH378190","5346132","5346417","17","18326583"
"chr1","23697246","23697543","JH378112","44976065","44976363","9","21278819"
"chr1","23729960","23730255","JH378108","30420062","30420356","8","6690102"
"chr1","23742490","23742796","JH378111","27612264","27612566","10","3869774"
"chr1","23850381","23850674","JH378106","17325458","17325750","12","6524923"
"chr1","23877977","23878282","JH378105","56923115","56923419","15","33045138"
"chr1","23915637","23915945","JH378107","55417055","55417362","9","31501418"
"chr1","23919467","23919762","JH378108","30420062","30420356","13","6500595"
"chr1","23977662","23977951","JH378114","23638665","23638954","14","338997"
"chr1","24017202","24017489","JH378112","23846545","23846835","16","170657"
"chr1","24031853","24032159","JH378112","27033923","27034229","46","3002070"
"chr1","24036875","24037183","JH378107","55417055","55417362","8","31380180"
"chr1","24089005","24089287","JH378133","17931076","17931362","24","6157929"
"chr1","24091671","24091977","JH378118","26129828","26130134","19","2038157"
"chr1","24104980","24105288","JH378147","4527828","4528133","17","19577152"
"chr1","24126140","24126439","JH378117","38134759","38135059","12","14008619"
"chr1","24230669","24230977","JH378160","6504330","6504637","18","17726339"
"chr1","24233987","24234281","JH378115","25369510","25369804","8","1135523"
"chr1","24290655","24290942","JH378114","22147577","22147864","45","2143078"
"chr1","24295656","24295956","JH378148","8077480","8077779","9","16218176"
"chr1","24341847","24342143","JH378129","22378510","22378806","11","1963337"
"chr1","24346248","24346551","JH378112","7686371","7686672","11","16659877"
"chr1","24350779","24351075","JH378133","18180328","18180641","52","6170451"
"chr1","24414041","24414342","JH378131","19753565","19753865","15","4660476"
"chr1","24422913","24423207","JH378138","1252526","1252821","15","23170387"
"chr1","24424337","24424660","JH378133","18253011","18253333","19","6171326"
"chr1","24431501","24431793","JH378133","18260116","18260405","26","6171385"
"chr1","24457710","24457983","JH378166","9462551","9462823","14","14995159"
"chr1","24503601","24503889","JH378133","18328225","18328511","36","6175376"
"chr1","24569827","24570104","JH378129","12950007","12950283","11","11619820"
"chr1","24627881","24628153","JH378118","24372251","24372516","29","255630"
"chr1","24695734","24696044","JH378133","18509895","18510204","31","6185839"
"chr1","24721248","24721540","JH378133","18533587","18533884","32","6187661"
"chr1","24768451","24768732","JH378157","6934258","6934544","48","17834193"
"chr1","24881452","24881698","JH378133","18684457","18684722","34","6196995"
"chr1","24890405","24890697","JH378133","18694293","18694599","44","6196112"
"chr1","24892268","24892568","JH378112","44976065","44976363","13","20083797"
"chr1","25226407","25226567","JH378182","5273907","5274067","24","19952500"
"chr1","25241151","25241469","JH378135","1363558","1363876","55","23877593"
"chr1","25253148","25253458","JH378118","9209149","9209458","14","16043999"
"chr1","25256495","25256797","JH378118","35846456","35846759","15","10589961"
"chr1","25321588","25321878","JH378133","4338417","4338704","48","20983171"
"chr1","25361415","25361639","JH378219","6499781","6500000","12","18861634"
"chr1","25367253","25367551","JH378112","44976065","44976363","7","19608812"
"chr1","25397129","25397404","JH378107","15692255","15692529","16","9704874"
"chr1","25455993","25456315","JH378105","5865553","5865854","63","19590440"
"chr1","25474635","25474928","JH378133","19238516","19238802","34","6236119"
"chr1","26035683","26035985","JH378133","19779537","19779837","34","6256146"
"chr1","26058007","26058273","JH378133","19797858","19798133","42","6260149"
"chr1","26070322","26070614","JH378133","19810185","19810481","24","6260137"
"chr1","26124679","26124967","JH378124","26233050","26233340","43","108371"
"chr1","26144263","26144560","JH378127","15625304","15625597","59","10518959"
"chr1","26503320","26503628","JH378133","20195982","20196301","41","6307338"
"chr1","26538368","26538651","JH378133","20232457","20232740","23","6305911"
"chr1","26746766","26747044","JH378149","1761344","1761623","58","24985422"
"chr1","26787799","26788101","JH378162","6275784","6276086","17","20512015"
"chr1","26930319","26930443","JH378133","20618121","20618238","19","6312198"
"chr1","26948179","26948348","JH378152","16643505","16643671","30","10304674"
"chr1","26990090","26990388","JH378262","2088295","2088593","14","24901795"
"chr1","27014562","27014845","JH378109","5791627","5791912","15","21222935"
"chr1","27341269","27341481","JH378189","4645543","4645756","39","22695726"
"chr1","27655711","27656003","JH378217","620711","621003","12","27035000"
"chr1","27959581","27959873","JH378133","21555149","21555443","44","6404432"
"chr1","28018600","28018900","JH378133","21610509","21610821","41","6408091"
"chr1","28438593","28438866","JH378149","12622256","12622523","45","15816337"
"chr1","28473137","28473293","JH378133","22073190","22073339","24","6399947"
"chr1","28566684","28566981","JH378133","22161427","22161734","28","6405257"
"chr1","28618625","28618773","JH378291","2142202","2142332","34","26476423"
"chr1","28619216","28619392","JH378255","2849500","2849675","37","25769716"
"chr1","28619526","28619546","JH378141","14149151","14149169","7","14470375"
"chr1","28731689","28731979","JH378133","22314223","22314520","29","6417466"
"chr1","28749691","28749996","JH378133","22331992","22332300","30","6417699"
"chr1","28786351","28786650","JH378133","22365286","22365587","26","6421065"
"chr1","28847767","28848069","JH378133","22411817","22412124","31","6435950"
"chr1","29390545","29390726","JH378107","18270532","18270704","39","11120013"
"chr1","29485934","29486200","JH378133","23006635","23006914","37","6479299"
"chr1","29498422","29498732","JH378268","3339957","3340267","42","26158465"
"chr1","29508496","29508803","JH378119","25886930","25887239","41","3621566"
"chr1","29537758","29538024","JH378161","239245","239514","41","29298513"
"chr1","29539866","29540170","JH378184","8713492","8713794","7","20826374"
"chr1","29607398","29607520","JH378176","9901729","9901851","19","19705669"
"chr1","29643202","29643499","JH378226","6225462","6225754","48","23417740"
"chr1","29660264","29660567","JH378105","28740695","28740995","13","919569"
"chr1","29728404","29728706","JH378114","31702370","31702671","13","1973966"
"chr1","29837355","29837630","JH378109","47998706","47998998","56","18161351"
"chr1","29905314","29905621","JH378163","14052628","14052933","17","15852686"
"chr1","29987341","29987645","JH378111","27612264","27612566","18","2375077"
"chr1","30046674","30046986","JH378128","21538278","21538589","7","8508396"
"chr1","30107089","30107391","JH378108","23745299","23745600","17","6361790"
"chr1","30229054","30229299","JH378131","2411934","2412178","46","27817120"
"chr1","30232359","30232669","JH378107","667662","667973","12","29564697"
"chr1","30239645","30239861","JH378219","6499781","6500000","28","23739864"
"chr1","30239991","30240290","JH378140","18079338","18079635","18","12160653"
"chr1","30250491","30250619","JH378111","21125479","21125608","18","9125012"
"chr1","30263514","30263824","JH378109","43228767","43229078","17","12965253"
"chr1","30270766","30271074","JH378107","55417055","55417362","17","25146289"
"chr1","30377918","30378223","JH378222","688139","688444","12","29689779"
"chr1","30406421","30406722","JH378112","7686371","7686672","16","22720050"
"chr1","30542345","30542650","JH378140","14267660","14267962","12","16274685"
"chr1","30582162","30582469","JH378107","55417055","55417362","17","24834893"
"chr1","30633105","30633394","JH378109","23978392","23978682","25","6654713"
"chr1","30668466","30668748","JH378151","11675002","11675285","21","18993464"
"chr1","30718878","30719184","JH378107","55417055","55417362","15","24698177"
"chr1","30750288","30750584","JH378123","11948532","11948827","7","18801756"
"chr1","30996995","30997282","JH378148","16258014","16258300","18","14738981"
"chr1","31004043","31004342","JH378112","44976065","44976363","4","13972022"
"chr1","31100398","31100702","JH378128","25056481","25056785","8","6043917"
"chr1","31132412","31132719","JH378107","55417055","55417362","14","24284643"
"chr1","31138174","31138477","JH378239","3309609","3309907","59","27828565"
"chr1","31149778","31150081","JH378117","34089641","34089941","14","2939863"
"chr1","31166893","31167203","JH378130","1357941","1358249","18","29808952"
"chr1","31168053","31168351","JH378143","3207612","3207908","9","27960441"
"chr1","31180279","31180585","JH378128","25056481","25056785","13","6123798"
"chr1","31191900","31192211","JH378107","667662","667973","18","30524238"
"chr1","31210806","31211105","JH378122","4655528","4655825","53","26555278"
"chr1","31236003","31236312","JH378183","234199","234507","12","31001804"
"chr1","31278747","31279016","JH378107","15022461","15022730","15","16256286"
"chr1","31309575","31309858","JH378187","6389925","6390209","10","24919650"
"chr1","31328864","31329174","JH378175","2200154","2200465","12","29128710"
"chr1","31361837","31362145","JH378177","4060660","4060965","18","27301177"
"chr1","31396826","31397117","JH378106","46687816","46688110","14","15290990"
"chr1","31439352","31439649","JH378191","262906","263202","18","31176446"
"chr1","31479537","31479838","JH378147","6350355","6350631","52","25129182"
"chr1","31524154","31524455","JH378108","23745299","23745600","9","7778855"
"chr1","31785284","31785554","JH378107","15692255","15692529","19","16093029"
"chr1","31870063","31870372","JH378163","13747062","13747370","9","18123001"
"chr1","31896720","31896994","JH378213","5973423","5973693","57","25923297"
"chr1","31901043","31901326","JH378105","13978474","13978755","19","17922569"
"chr1","31926284","31926589","JH378222","688139","688444","14","31238145"
"chr1","31933095","31933369","JH378114","31302275","31302551","24","630820"
"chr1","31971665","31971968","JH378112","1994842","1995146","17","29976823"
"chr1","32048409","32048695","JH378135","11429912","11430191","29","20618497"
"chr1","32056586","32056882","JH378105","63028820","63029117","14","30972234"
"chr1","32065892","32066177","JH378141","5701001","5701286","17","26364891"
"chr1","32098241","32098538","JH378117","29933323","29933620","14","2164918"
"chr1","32127651","32127948","JH378110","6340759","6341056","15","25786892"
"chr1","32192940","32193237","JH378287","2416557","2416857","17","29776383"
"chr1","32201217","32201524","JH378107","55417055","55417362","6","23215838"
"chr1","32222785","32223077","JH378147","7004430","7004724","23","25218355"
"chr1","32257491","32257788","JH378106","66273424","66273721","13","34015933"
"chr1","32355831","32356132","JH378147","7104866","7105175","40","25250965"
"chr1","32475245","32475526","JH378117","25173135","25173418","26","7302110"
"chr1","32494927","32495210","JH378125","3705603","3705886","15","28789324"
"chr1","32597647","32597947","JH378206","7303153","7303451","16","25294494"
"chr1","32621023","32621323","JH378114","22966810","22967111","13","9654213"
"chr1","32632135","32632308","JH378124","27204256","27204424","33","5427879"
"chr1","32673351","32673643","JH378150","7192594","7192878","51","25480757"
"chr1","32734626","32734924","JH378112","44976065","44976363","10","12241439"
"chr1","32769162","32769450","JH378113","38125327","38125618","19","5356165"
"chr1","32877363","32877668","JH378106","218645","218949","15","32658718"
"chr1","33002670","33002978","JH378107","55417055","55417362","11","22414385"
"chr1","33003184","33003447","JH378293","1825563","1825820","47","31177621"
"chr1","33031720","33032023","JH378147","5809718","5810022","16","27222002"
"chr1","33101747","33102037","JH378160","11163121","11163411","16","21938626"
"chr1","33103293","33103600","JH378105","70816542","70816845","46","37713249"
"chr1","33175547","33175846","JH378107","35424232","35424532","11","2248685"
"chr1","33182144","33182364","JH378193","3091638","3091860","45","30090506"
"chr1","33227413","33227705","JH378144","14572790","14573082","11","18654623"
"chr1","33251408","33251707","JH378112","44976065","44976363","17","11724657"
"chr1","33293957","33294231","JH378111","18033406","18033679","16","15260551"
"chr1","33350618","33350912","JH378147","8023392","8023693","36","25327226"
"chr1","33400466","33400767","JH378105","29266094","29266394","16","4134372"
"chr1","33403012","33403312","JH378147","8074369","8074665","27","25328643"
"chr1","33434214","33434525","JH378179","355484","355795","19","33078730"
"chr1","33466727","33467021","JH378117","15680305","15680597","42","17786422"
"chr1","33568513","33568818","JH378125","16106383","16106686","14","17462130"
"chr1","33583953","33584251","JH378113","39800740","39801039","19","6216787"
"chr1","33701707","33702023","JH378111","20334368","20334679","13","13367339"
"chr1","33741836","33742107","JH378115","27230297","27230571","68","6511539"
"chr1","33786947","33787258","JH378128","21538278","21538589","13","12248669"
"chr1","33806222","33806525","JH378121","1005390","1005692","20","32800832"
"chr1","33808974","33809267","JH378150","1008531","1008823","17","32800443"
"chr1","33837183","33837437","JH378113","3412270","3412528","26","30424913"
"chr1","33908843","33909153","JH378108","8603733","8604041","11","25305110"
"chr1","33909665","33909972","JH378114","9705053","9705359","12","24204612"
"chr1","34123212","34123511","JH378112","7686371","7686672","16","26436841"
"chr1","34127273","34127546","JH378147","8651040","8651340","51","25476233"
"chr1","34127760","34128069","JH378169","234093","234402","15","33893667"
"chr1","34130743","34130825","JH378281","1723391","1723477","21","32407352"
"chr1","34131520","34131828","JH378128","21538278","21538589","17","12593242"
"chr1","34178547","34178853","JH378241","3995560","3995866","11","30182987"
"chr1","34198613","34198734","JH378187","2506614","2506737","18","31691999"
"chr1","34198744","34199042","JH378137","11320410","11320707","47","22878334"
"chr1","34225342","34225653","JH378147","8739759","8740067","21","25485583"
"chr1","34230977","34231263","JH378126","12834528","12834812","27","21396449"
"chr1","34257372","34257667","JH378123","12437711","12438006","10","21819661"
"chr1","34275617","34275909","JH378220","1959642","1959936","14","32315975"
"chr1","34285279","34285572","JH378106","109231","109522","13","34176048"
"chr1","34380430","34380739","JH378158","10717148","10717457","12","23663282"
"chr1","34404730","34404973","JH378147","8914990","8915235","23","25489740"
"chr1","34483313","34483604","JH378147","8981657","8981963","33","25501656"
"chr1","34519731","34520020","JH378147","9018941","9019226","28","25500790"
"chr1","34536834","34537129","JH378170","9529337","9529631","10","25007497"
"chr1","34604347","34604640","JH378110","22658824","22659118","13","11945523"
"chr1","34668284","34668583","JH378148","11970909","11971208","15","22697375"
"chr1","34673497","34673800","JH378117","13963991","13964292","13","20709506"
"chr1","34780410","34780699","JH378130","3517155","3517445","20","31263255"
"chr1","34843838","34844133","JH378147","9313619","9313898","43","25530219"
"chr1","35011151","35011427","JH378114","32982316","32982599","17","2028835"
"chr1","35073164","35073459","JH378174","5809678","5809972","12","29263486"
"chr1","35095864","35096161","JH378187","9224889","9225187","14","25870975"
"chr1","35124466","35124740","JH378209","1220899","1221171","20","33903567"
"chr1","35145511","35145814","JH378122","14132979","14133281","17","21012532"
"chr1","35160066","35160373","JH378105","69247374","69247666","33","34087308"
"chr1","35166679","35166964","JH378106","70931551","70931840","57","35764872"
"chr1","35214975","35215176","JH378275","1541388","1541594","34","33673587"
"chr1","35223002","35223290","JH378147","9668092","9668380","21","25554910"
"chr1","35229886","35230096","JH378173","7528813","7529033","62","27701073"
"chr1","35252393","35252661","JH378147","9697434","9697690","34","25554959"
"chr1","35257169","35257383","JH378163","13803925","13804132","27","21453244"
"chr1","35409464","35409775","JH378107","667662","667973","15","34741802"
"chr1","35435220","35435524","JH378114","29742351","29742654","12","5692869"
"chr1","35760468","35760779","JH378128","21538278","21538589","14","14222190"
"chr1","35765824","35765954","JH378117","19334825","19334954","14","16430999"
"chr1","35799812","35800122","JH378150","8549964","8550275","14","27249848"
"chr1","35801530","35801837","JH378135","8381821","8382130","15","27419709"
"chr1","35849129","35849406","JH378147","10227434","10227717","29","25621695"
"chr1","35973128","35973439","JH378147","10325199","10325506","34","25647929"
"chr1","36164979","36165257","JH378160","8914642","8914918","14","27250337"
"chr1","36204276","36204534","JH378154","9739879","9740136","12","26464397"
"chr1","36263268","36263577","JH378143","825918","826228","20","35437350"
"chr1","36435613","36435911","JH378123","19145941","19146237","18","17289672"
"chr1","36534823","36535108","JH378106","20632568","20632864","50","15902255"
"chr1","36545366","36545668","JH378113","2084494","2084796","15","34460872"
"chr1","36548377","36548687","JH378124","4652221","4652529","43","31896156"
"chr1","36684887","36685174","JH378130","15871548","15871843","21","20813339"
"chr1","36699441","36699747","JH378123","3430109","3430413","16","33269332"
"chr1","36703947","36704246","JH378106","54446799","54447096","13","17742852"
"chr1","36706442","36706746","JH378122","11659390","11659694","13","25047052"
"chr1","36761163","36761474","JH378108","22957101","22957412","10","13804062"
"chr1","36872375","36872705","JH378105","28236639","28236956","34","8635736"
"chr1","36877579","36877876","JH378204","2088357","2088658","20","34789222"
"chr1","37029150","37029444","JH378160","7913078","7913372","11","29116072"
"chr1","37050214","37050521","JH378107","55417055","55417362","15","18366841"
"chr1","37056421","37056707","JH378116","16972524","16972811","13","20083897"
"chr1","37066062","37066350","JH378147","11356371","11356670","30","25709691"
"chr1","37167971","37168261","JH378131","19776083","19776373","45","17391888"
"chr1","37175980","37176276","JH378111","27150508","27150804","12","10025472"
"chr1","37190054","37190354","JH378110","41920708","41921009","23","4730654"
"chr1","37208369","37208665","JH378123","28508380","28508676","13","8699989"
"chr1","37259112","37259388","JH378209","1220899","1221171","18","36038213"
"chr1","37283444","37283746","JH378118","23222999","23223301","11","14060445"
"chr1","37380957","37381199","JH378147","11655656","11655898","14","25725301"
"chr1","37407842","37408144","JH378114","31702370","31702671","8","5705472"
"chr1","37429806","37430117","JH378270","2363563","2363870","12","35066243"
"chr1","37444173","37444472","JH378169","5020572","5020872","11","32423601"
"chr1","37647100","37647415","JH378240","1336852","1337165","13","36310248"
"chr1","37730848","37731146","JH378112","44976065","44976363","12","7245217"
"chr1","37780542","37780834","JH378130","3517155","3517445","16","34263387"
"chr1","37901931","37902227","JH378116","25462279","25462576","40","12439652"
"chr1","37958172","37958476","JH378147","4128878","4129181","12","33829294"
"chr1","38133140","38133424","JH378147","12395074","12395364","26","25738066"
"chr1","38140548","38140817","JH378147","12402516","12402813","46","25738032"
"chr1","38185748","38186018","JH378113","11730130","11730416","48","26455618"
"chr1","38231935","38232228","JH378117","1859270","1859560","23","36372665"
"chr1","38317148","38317430","JH378147","12571911","12572201","32","25745237"
"chr1","38501780","38502078","JH378106","46687816","46688110","20","8186036"
"chr1","38531938","38532196","JH378293","1825563","1825820","17","36706375"
"chr1","38562877","38563177","JH378309","856545","856846","26","37706332"
"chr1","38608043","38608348","JH378113","28373654","28373956","10","10234389"
"chr1","38626775","38627078","JH378147","4128878","4129181","7","34497897"
"chr1","38742671","38742972","JH378128","25056481","25056785","13","13686190"
"chr1","38865663","38865955","JH378147","13064883","13065174","30","25800780"
"chr1","38894263","38894554","JH378115","25369510","25369804","16","13524753"
"chr1","39030044","39030353","JH378242","3875958","3876266","22","35154086"
"chr1","39052348","39052643","JH378147","13253219","13253514","20","25799129"
"chr1","39079046","39079329","JH378114","32982316","32982599","17","6096730"
"chr1","39104648","39104957","JH378117","8534199","8534505","16","30570449"
"chr1","39122116","39122411","JH378147","13337346","13337641","14","25784770"
"chr1","39151369","39151659","JH378130","3517155","3517445","11","35634214"
"chr1","39178740","39179043","JH378111","29149586","29149889","12","10029154"
"chr1","39198441","39198742","JH378108","38441637","38441941","20","756804"
"chr1","39221441","39221748","JH378107","54815968","54816274","7","15594527"
"chr1","39224826","39225093","JH378106","32797397","32797663","22","6427429"
"chr1","39263901","39264203","JH378139","18612802","18613103","15","20651099"
"chr1","39367752","39368041","JH378114","19881195","19881487","47","19486557"
"chr1","39535713","39535925","JH378107","18485953","18486168","36","21049760"
"chr1","39638925","39639220","JH378112","23846545","23846835","24","15792380"
"chr1","39681164","39681468","JH378105","8293160","8293464","16","31388004"
"chr1","39697768","39698027","JH378115","23092486","23092755","42","16605282"
"chr1","39700859","39701159","JH378112","7686371","7686672","12","32014488"
"chr1","39913196","39913506","JH378161","5136074","5136384","18","34777122"
"chr1","40017699","40018003","JH378120","30299350","30299649","17","9718349"
"chr1","40021835","40022128","JH378132","3495286","3495578","19","36526549"
"chr1","40031611","40031863","JH378293","1825563","1825820","17","38206048"
"chr1","40047827","40048108","JH378147","14219239","14219519","23","25828588"
"chr1","40116619","40116914","JH378111","12539036","12539332","15","27577583"
"chr1","40183549","40183850","JH378147","14357551","14357846","31","25825998"
"chr1","40222765","40223073","JH378114","6619815","6620121","12","33602950"
"chr1","40300205","40300502","JH378113","28340867","28341168","51","11959338"
"chr1","40312758","40313026","JH378128","7516682","7516953","15","32796076"
"chr1","40372411","40372705","JH378147","14543418","14543714","14","25828993"
"chr1","40388457","40388698","JH378285","805416","805653","16","39583041"
"chr1","40414440","40414704","JH378182","3315739","3316000","21","37098701"
"chr1","40551526","40551833","JH378107","55417055","55417362","10","14865529"
"chr1","40583774","40584051","JH378134","3417565","3417843","15","37166209"
"chr1","40602707","40603010","JH378204","2088357","2088658","15","38514350"
"chr1","40606971","40607274","JH378125","3077620","3077925","16","37529351"
"chr1","40637501","40637811","JH378114","9705053","9705359","12","30932448"
"chr1","40710798","40711104","JH378123","15126753","15127059","10","25584045"
"chr1","40712192","40712490","JH378112","44976065","44976363","9","4263873"
"chr1","40732678","40732989","JH378147","14884684","14884994","19","25847994"
"chr1","40742709","40742995","JH378147","14894539","14894829","26","25848170"
"chr1","40766286","40766587","JH378236","942428","942727","20","39823858"
"chr1","40775638","40775927","JH378147","14928484","14928772","23","25847154"
"chr1","40794146","40794432","JH378239","4130706","4130989","14","36663440"
"chr1","40853690","40853950","JH378189","1717755","1718015","13","39135935"
"chr1","40865143","40865430","JH378114","23638665","23638954","19","17226478"
"chr1","40869044","40869354","JH378114","9705053","9705359","13","31163991"
"chr1","40892237","40892538","JH378116","25043784","25044086","13","15848453"
"chr1","40910871","40911177","JH378126","14284738","14285043","16","26626133"
"chr1","40921332","40921630","JH378143","15993122","15993417","12","24928210"
"chr1","40928600","40928906","JH378106","218645","218949","27","40709955"
"chr1","40929571","40929878","JH378106","218645","218949","12","40710926"
"chr1","41129880","41130075","JH378147","15258942","15259138","20","25870938"
"chr1","41185906","41186201","JH378143","15993122","15993417","15","25192784"
"chr1","41200806","41201091","JH378147","15320000","15320297","35","25880806"
"chr1","41283872","41284177","JH378222","2300672","2300976","11","38983200"
"chr1","41351534","41351833","JH378147","15462067","15462358","26","25889467"
"chr1","41375332","41375620","JH378212","4715959","4716253","18","36659373"
"chr1","41380204","41380408","JH378147","15489877","15490082","18","25890327"
"chr1","41434834","41435116","JH378122","17491608","17491889","50","23943226"
"chr1","41455015","41455303","JH378127","14056181","14056472","19","27398834"
"chr1","41480355","41480639","JH378187","6389925","6390209","9","35090430"
"chr1","41485811","41486117","JH378108","4069551","4069858","16","37416260"
"chr1","41637440","41637751","JH378140","5706233","5706542","14","35931207"
"chr1","41652920","41653212","JH378108","30420062","30420356","20","11232858"
"chr1","41677587","41677884","JH378107","35424232","35424532","14","6253355"
"chr1","41693898","41694205","JH378122","11659390","11659694","20","30034508"
"chr1","41694704","41695005","JH378106","46515553","46515851","15","4820849"
"chr1","41735830","41736055","JH378147","15861540","15861742","36","25874290"
"chr1","41754360","41754654","JH378204","1256845","1257138","10","40497515"
"chr1","41756348","41756589","JH378208","2404490","2404730","13","39351858"
"chr1","41777428","41777721","JH378151","13408674","13408967","9","28368754"
"chr1","41786304","41786612","JH378108","8434079","8434384","18","33352225"
"chr1","41810170","41810472","JH378147","15914517","15914820","25","25895653"
"chr1","41858014","41858311","JH378147","15958535","15958836","36","25899479"
"chr1","41872181","41872502","JH378120","16936649","16936950","63","24935532"
"chr1","41873008","41873317","JH378107","55417055","55417362","6","13544047"
"chr1","41929864","41930166","JH378109","13108701","13109002","14","28821163"
"chr1","41933763","41934058","JH378107","27939609","27939904","20","13994154"
"chr1","41960146","41960456","JH378251","4298224","4298531","12","37661922"
"chr1","42021591","42021873","JH378114","32982316","32982599","22","9039275"
"chr1","42088131","42088430","JH378107","35424232","35424532","13","6663899"
"chr1","42208216","42208514","JH378106","2636704","2637004","18","39571512"
"chr1","42274212","42274461","JH378289","391840","392085","19","41882372"
"chr1","42387551","42387831","JH378106","238785","239061","18","42148766"
"chr1","42436598","42436906","JH378112","5660204","5660505","45","36776394"
"chr1","42555946","42556257","JH378159","11111112","11111421","17","31444834"
"chr1","42559497","42559794","JH378147","9510365","9510665","12","33049132"
"chr1","42639611","42639867","JH378109","29498607","29498866","21","13141004"
"chr1","42869003","42869308","JH378148","11109244","11109533","36","31759759"
"chr1","42906816","42907115","JH378128","25056481","25056785","16","17850335"
"chr1","42915256","42915557","JH378127","909941","910240","10","42005315"
"chr1","42957218","42957517","JH378119","32018182","32018480","49","10939036"
"chr1","42969701","42970012","JH378147","17000474","17000777","26","25969227"
"chr1","43016291","43016504","JH378189","4645543","4645756","38","38370748"
"chr1","43029930","43030233","JH378155","887876","888175","17","42142054"
"chr1","43062618","43062914","JH378115","16122652","16122948","20","26939966"
"chr1","43071224","43071516","JH378189","1672877","1673170","18","41398347"
"chr1","43114105","43114409","JH378137","4531323","4531627","12","38582782"
"chr1","43117007","43117288","JH378147","17137104","17137392","21","25979903"
"chr1","43212263","43212565","JH378147","17234657","17234963","32","25977606"
"chr1","43254699","43255005","JH378109","14695614","14695917","15","28559085"
"chr1","43295991","43296264","JH378131","5431849","5432130","23","37864142"
"chr1","43373069","43373355","JH378183","9665664","9665946","49","33707405"
"chr1","43500264","43500575","JH378161","5136074","5136384","8","38364190"
"chr1","43547476","43547746","JH378209","1220899","1221171","23","42326577"
"chr1","43600533","43600820","JH378147","17567312","17567606","33","26033221"
"chr1","43623542","43623783","JH378139","8939934","8940178","23","34683608"
"chr1","43757115","43757412","JH378126","18441085","18441373","34","25316030"
"chr1","43767826","43768109","JH378126","12834528","12834812","18","30933298"
"chr1","43817281","43817553","JH378113","44126969","44127242","8","309688"
"chr1","43847954","43848246","JH378117","1859270","1859560","18","41988684"
"chr1","43934593","43934884","JH378130","3517155","3517445","6","40417438"
"chr1","43954177","43954491","JH378108","27261914","27262227","18","16692263"
"chr1","43963210","43963497","JH378126","18246835","18247138","49","25716375"
"chr1","43993873","43994081","JH378126","18216450","18216664","20","25777423"
"chr1","44009993","44010302","JH378114","40051265","40051573","7","3958728"
"chr1","44177512","44177802","JH378112","16649620","16649912","13","27527892"
"chr1","44322832","44323108","JH378126","17942828","17943105","26","26380004"
"chr1","44404967","44405298","JH378126","17889409","17889700","64","26515558"
"chr1","44423609","44423905","JH378111","12539036","12539332","17","31884573"
"chr1","44607781","44608078","JH378114","15528507","15528804","24","29079274"
"chr1","44661954","44662259","JH378114","9705053","9705359","12","34956901"
"chr1","44683745","44684036","JH378144","14572790","14573082","15","30110955"
"chr1","44689460","44689645","JH378138","16876946","16877119","67","27812514"
"chr1","44733008","44733236","JH378139","11192935","11193167","23","33540073"
"chr1","44764672","44764977","JH378122","11659390","11659694","11","33105282"
"chr1","44777353","44777643","JH378284","2020021","2020311","16","42757332"
"chr1","44802124","44802434","JH378146","9369381","9369692","22","35432743"
"chr1","44881139","44881442","JH378115","11138902","11139204","14","33742237"
"chr1","44921613","44921909","JH378111","32781126","32781424","9","12140487"
"chr1","45000959","45001261","JH378132","8584538","8584840","18","36416421"
"chr1","45118269","45118571","JH378204","2088357","2088658","21","43029912"
"chr1","45348501","45348808","JH378106","218645","218949","17","45129856"
"chr1","45431977","45432282","JH378167","3378689","3378985","61","42053288"
"chr1","45471719","45471989","JH378128","7516682","7516953","18","37955037"
"chr1","45583411","45583691","JH378115","25220468","25220745","10","20362943"
"chr1","45677466","45677764","JH378112","44976065","44976363","8","701401"
"chr1","45686497","45686797","JH378126","179589","179890","17","45506908"
"chr1","45699230","45699420","JH378126","16704045","16704235","9","28995185"
"chr1","45831307","45831600","JH378142","11399666","11399960","27","34431641"
"chr1","45848151","45848422","JH378120","4861837","4862106","45","40986314"
"chr1","45948610","45948921","JH378138","17483480","17483788","16","28465130"
"chr1","45960119","45960423","JH378114","9705053","9705359","19","36255066"
"chr1","45974534","45974845","JH378126","3037328","3037637","12","42937206"
"chr1","46012226","46012530","JH378113","39800740","39801039","21","6211486"
"chr1","46059934","46060226","JH378212","6904559","6904849","9","39155375"
"chr1","46143107","46143398","JH378130","3517155","3517445","13","42625952"
"chr1","46185139","46185383","JH378137","5687273","5687518","20","40497866"
"chr1","46492613","46492914","JH378126","15966673","15966975","25","30525940"
"chr1","46543503","46543808","JH378115","16640909","16641214","13","29902594"
"chr1","46635676","46635988","JH378119","16769470","16769775","18","29866206"
"chr1","46638103","46638233","JH378126","15835436","15835566","7","30802667"
"chr1","46676530","46676823","JH378135","13946422","13946718","11","32730108"
"chr1","46743542","46743839","JH378107","32559311","32559609","13","14184231"
"chr1","46862662","46862961","JH378112","44976065","44976363","9","1886597"
"chr1","46916073","46916369","JH378109","3213159","3213455","23","43702914"
"chr1","46925457","46925749","JH378126","15575762","15576060","30","31349695"
"chr1","47063454","47063762","JH378183","234199","234507","13","46829255"
"chr1","47085235","47085502","JH378202","6525390","6525656","21","40559845"
"chr1","47130947","47131268","JH378179","3344259","3344571","24","43786688"
"chr1","47155135","47155376","JH378105","68057547","68057789","15","20902412"
"chr1","47187031","47187308","JH378126","15325121","15325383","37","31861910"
"chr1","47423047","47423351","JH378270","2363563","2363870","16","45059484"
"chr1","47477274","47477575","JH378107","35424232","35424532","8","12053042"
"chr1","47488256","47488531","JH378115","19294699","19294976","49","28193557"
"chr1","47489204","47489472","JH378127","8059255","8059512","44","39429949"
"chr1","47494297","47494567","JH378114","36911601","36911869","51","10582696"
"chr1","47580129","47580441","JH378128","21538278","21538589","5","26041851"
"chr1","47710836","47711134","JH378112","44976065","44976363","6","2734771"
"chr1","47713197","47713505","JH378126","14856746","14857030","45","32856451"
"chr1","47880430","47880728","JH378118","25072126","25072424","14","22808304"
"chr1","47888137","47888393","JH378151","13424369","13424629","16","34463768"
"chr1","47927421","47927732","JH378107","14437364","14437675","21","33490057"
"chr1","48099799","48100087","JH378217","2188070","2188359","11","45911729"
"chr1","48118030","48118293","JH378145","12070973","12071232","18","36047057"
"chr1","48129696","48129978","JH378126","14458287","14458570","22","33671409"
"chr1","48142827","48143124","JH378111","10044758","10045053","15","38098069"
"chr1","48147737","48148039","JH378143","14125437","14125740","11","34022300"
"chr1","48287628","48287751","JH378125","21492651","21492777","26","26794977"
"chr1","48289177","48289480","JH378173","5989701","5990010","50","42299476"
"chr1","48557211","48557516","JH378126","14038416","14038723","38","34518795"
"chr1","48678796","48679102","JH378106","36707565","36707870","13","11971231"
"chr1","48784470","48784781","JH378169","6599637","6599946","8","42184833"
"chr1","48915173","48915473","JH378178","6228234","6228532","17","42686939"
"chr1","48927812","48928111","JH378297","1087968","1088265","19","47839844"
"chr1","48952567","48952845","JH378123","18317003","18317279","19","30635564"
"chr1","48961637","48961944","JH378203","2100060","2100367","16","46861577"
"chr1","48983711","48983998","JH378126","13704090","13704380","25","35279621"
"chr1","49106224","49106534","JH378109","15323452","15323763","12","33782772"
"chr1","49155784","49156076","JH378217","620711","621003","12","48535073"
"chr1","49169831","49170153","JH378202","1146812","1147135","28","48023019"
"chr1","49200805","49201104","JH378107","25370526","25370827","29","23830279"
"chr1","49255027","49255336","JH378105","36039618","36039925","17","13215409"
"chr1","49296556","49296854","JH378113","33056121","33056415","53","16240435"
"chr1","49381349","49381663","JH378105","36039618","36039925","29","13341731"
"chr1","49462328","49462642","JH378105","41742743","41743054","25","7719585"
"chr1","49490471","49490777","JH378265","779780","780080","22","48710691"
"chr1","49510702","49510916","JH378126","13243457","13243669","19","36267245"
"chr1","49520688","49520956","JH378111","18274064","18274329","22","31246624"
"chr1","49541129","49541424","JH378170","12633831","12634125","17","36907298"
"chr1","49586403","49586692","JH378256","1731571","1731863","15","47854832"
"chr1","49589169","49589509","JH378147","8591112","8591453","21","40998057"
"chr1","49604802","49605122","JH378127","3034360","3034679","17","46570442"
"chr1","49611617","49611919","JH378127","13377510","13377807","43","36234107"
"chr1","49656193","49656501","JH378107","55417055","55417362","11","5760862"
"chr1","49673502","49673813","JH378120","27690471","27690782","13","21983031"
"chr1","49706601","49706907","JH378110","29305844","29306147","43","20400757"
"chr1","49761321","49761613","JH378183","5094193","5094484","23","44667128"
"chr1","49954007","49954312","JH378123","9492946","9493253","24","40461061"
"chr1","49967717","49968025","JH378126","12825065","12825382","50","37142652"
"chr1","50008208","50008508","JH378112","44976065","44976363","10","5032143"
"chr1","50038795","50039101","JH378128","25056481","25056785","13","24982314"
"chr1","50048564","50048823","JH378113","3412270","3412528","18","46636294"
"chr1","50098976","50099097","JH378126","12717101","12717222","5","37381875"
"chr1","50227694","50227974","JH378120","11613152","11613431","15","38614542"
"chr1","50240446","50240732","JH378217","2188070","2188359","13","48052376"
"chr1","50246097","50246392","JH378180","5658579","5658874","9","44587518"
"chr1","50293991","50294308","JH378111","14283942","14284251","16","36010049"
"chr1","50353026","50353315","JH378136","7654075","7654360","22","42698951"
"chr1","50386348","50386625","JH378209","1220899","1221171","27","49165449"
"chr1","50444532","50444813","JH378228","2259445","2259725","20","48185087"
"chr1","50467808","50468069","JH378126","12444626","12444922","51","38023182"
"chr1","50488915","50489212","JH378125","3086939","3087234","14","47401976"
"chr1","50504870","50505159","JH378122","29577236","29577523","47","20927634"
"chr1","50519990","50520294","JH378128","25056481","25056785","13","25463509"
"chr1","50594692","50594877","JH378156","7269615","7269795","49","43325077"
"chr1","50595516","50595637","JH378163","12648838","12648962","26","37946678"
"chr1","50668711","50668994","JH378160","7499716","7500000","24","43168995"
"chr1","50723741","50724040","JH378126","12225079","12225373","31","38498662"
"chr1","50794591","50794891","JH378105","29266094","29266394","24","21528497"
"chr1","50871300","50871611","JH378122","22414157","22414467","11","28457143"
"chr1","50894262","50894574","JH378126","12053624","12053926","31","38840638"
"chr1","50918704","50919017","JH378109","33825517","33825827","19","17093187"
"chr1","50991596","50991880","JH378126","12834528","12834812","17","38157068"
"chr1","51130331","51130632","JH378116","25043784","25044086","12","26086547"
"chr1","51200575","51200666","JH378126","11807850","11807946","16","39392725"
