"chr1","27262718","27263015","JH378133","20925511","20925818","37","6337207"
"chr1","13238269","13238444","JH378110","13218605","13218773","32","19664"
"chr1","14286707","14286992","JH378133","8656043","8656326","19","5630664"
"chr1","79822740","79823054","JH378291","300751","301051","74","79521989"
"chr1","97255157","97255464","JH378181","2476267","2476576","23","94778890"
"chr1","106561451","106561774","JH378181","10445282","10445607","26","96116169"
"chr1","135790359","135790647","JH378350","215173","215461","39","135575186"
"chr1","136052646","136052777","JH378297","2158774","2158904","8","133893872"
"chr1","162135986","162136137","JH378189","9669624","9669769","22","152466362"
"chr1","173670148","173670439","JH378119","13325152","13325441","41","160344996"
"chr1","173932451","173932747","JH378226","5235986","5236282","28","168696465"
"chr1","174456571","174456864","JH378106","69578227","69578523","26","104878344"
"chr1","175767411","175767717","JH378106","70844812","70845110","27","104922599"
"chr1","182845175","182845467","JH378269","3255879","3256181","43","179589296"
"chr1","184025051","184025326","JH378269","1972867","1973128","28","182052184"
"chr1","193462143","193462438","JH378206","1082090","1082399","38","192380053"
"chr1","200146943","200147078","JH378157","11678467","11678603","6","188468476"
"chr1","201588632","201588755","JH378116","36167457","36167581","16","165421175"
"chr1","12866","13161","JH378147","4654055","4654348","27","4641189"
"chr1","27488","27667","JH378147","4637730","4637909","8","4610242"
"chr1","58482","58682","JH378147","4607805","4608013","17","4549323"
"chr1","89042","89352","JH378147","4587721","4588019","41","4498679"
"chr1","165667","165957","JH378147","4529861","4530150","28","4364194"
"chr1","177489","177796","JH378147","4517868","4518172","25","4340379"
"chr1","250480","250549","JH378106","59014633","59014702","16","58764153"
"chr1","250551","250794","JH378127","12804898","12805153","51","12554347"
"chr1","363997","364121","JH378157","11554410","11554529","20","11190413"
"chr1","364422","364594","JH378137","2355626","2355793","28","1991204"
"chr1","392680","392965","JH378107","32624278","32624582","51","32231598"
"chr1","406390","406505","JH378147","4320250","4320366","11","3913860"
"chr1","406536","406685","JH378147","4320062","4320209","20","3913526"
"chr1","444728","444908","JH378147","4282593","4282766","23","3837865"
"chr1","446198","446345","JH378147","4281226","4281359","28","3835028"
"chr1","457845","458017","JH378147","4269915","4270087","14","3812070"
"chr1","501536","501652","JH378167","248246","248363","44","253290"
"chr1","513287","513543","JH378147","4216442","4216698","23","3703155"
"chr1","530258","530428","JH378147","4201300","4201470","10","3671042"
"chr1","605119","605238","JH378110","36433428","36433547","9","35828309"
"chr1","612562","612687","JH378105","35210825","35210948","22","34598263"
"chr1","617209","617353","JH378131","12849674","12849814","30","12232465"
"chr1","667969","668074","JH378315","683502","683611","19","15533"
"chr1","668382","668575","JH378264","1604457","1604655","42","936075"
"chr1","753412","753699","JH378147","3988195","3988496","29","3234783"
"chr1","756016","756309","JH378115","4314392","4314688","62","3558376"
"chr1","758766","758933","JH378137","4141161","4141328","23","3382395"
"chr1","759240","759363","JH378136","13244765","13244887","17","12485525"
"chr1","844577","844888","JH378147","3906209","3906502","43","3061632"
"chr1","882367","882670","JH378249","1948747","1949049","52","1066380"
"chr1","965775","965892","JH378147","3804183","3804300","5","2838408"
"chr1","965933","966100","JH378147","3803981","3804153","22","2838048"
"chr1","997709","997887","JH378147","3772830","3773009","18","2775121"
"chr1","1004552","1004852","JH378147","3765724","3766022","33","2761172"
"chr1","1058808","1058923","JH378147","3692450","3692562","10","2633642"
"chr1","1216485","1216750","JH378147","3573028","3573294","35","2356543"
"chr1","1241401","1241684","JH378208","714948","715237","52","526453"
"chr1","1324334","1324631","JH378226","6352000","6352297","48","5027666"
"chr1","1337611","1337715","JH378279","2693832","2693938","9","1356221"
"chr1","1367686","1367973","JH378147","3417251","3417555","48","2049565"
"chr1","1398303","1398617","JH378111","16377836","16378144","65","14979533"
"chr1","1438938","1439235","JH378114","41023504","41023805","50","39584566"
"chr1","1506503","1506617","JH378106","24172367","24172483","24","22665864"
"chr1","1550979","1551176","JH378110","18169449","18169639","54","16618470"
"chr1","1554361","1554607","JH378147","3252483","3252738","34","1698122"
"chr1","1702764","1702879","JH378111","32558434","32558549","11","30855670"
"chr1","1762163","1762254","JH378147","3191920","3192011","9","1429757"
"chr1","1800528","1800797","JH378147","3062183","3062474","43","1261655"
"chr1","1824792","1825080","JH378147","3038392","3038682","23","1213600"
"chr1","1910899","1911130","JH378140","7221220","7221450","37","5310321"
"chr1","2036579","2036882","JH378185","2102457","2102759","43","65878"
"chr1","2137736","2137844","JH378147","2782780","2782886","12","645044"
"chr1","2139042","2139197","JH378236","3671814","3671969","31","1532772"
"chr1","2184336","2184464","JH378194","2648066","2648189","28","463730"
"chr1","2251883","2251946","JH378147","2665498","2665560","3","413615"
"chr1","2251968","2252098","JH378145","16875136","16875261","23","14623168"
"chr1","2281684","2281996","JH378136","5850045","5850349","48","3568361"
"chr1","2371622","2371757","JH378110","8505303","8505428","43","6133681"
"chr1","2404141","2404439","JH378116","33570264","33570557","55","31166123"
"chr1","2509328","2509558","JH378185","1124894","1125115","37","1384434"
"chr1","2552519","2552797","JH378107","391474","391759","67","2161045"
"chr1","2577096","2577408","JH378147","2451038","2451327","44","126058"
"chr1","2587922","2588089","JH378139","15126887","15127058","28","12538965"
"chr1","2734889","2735014","JH378147","2307391","2307516","11","427498"
"chr1","2736400","2736534","JH378121","21087820","21087952","34","18351420"
"chr1","2749644","2749957","JH378147","2293194","2293508","27","456450"
"chr1","2840852","2841020","JH378108","13146085","13146258","31","10305233"
"chr1","2841051","2841169","JH378115","33069108","33069225","19","30228057"
"chr1","2852110","2852411","JH378113","23724550","23724856","37","20872440"
"chr1","2943899","2944196","JH378117","20650219","20650515","46","17706320"
"chr1","2968782","2969077","JH378147","2072941","2073230","28","895841"
"chr1","3119055","3119178","JH378147","1920698","1920822","9","1198357"
"chr1","3431112","3431265","JH378222","6662946","6663094","28","3231834"
"chr1","3431289","3431406","JH378282","1141212","1141324","24","2290077"
"chr1","3473247","3473311","JH378160","13523270","13523337","8","10050023"
"chr1","3473313","3473402","JH378118","33562271","33562359","19","30088958"
"chr1","3526591","3526874","JH378116","281686","281966","51","3244905"
"chr1","3624068","3624361","JH378147","1461698","1462000","26","2162370"
"chr1","3698096","3698341","JH378147","1384709","1384956","30","2313387"
"chr1","3803237","3803340","JH378191","282344","282443","23","3520893"
"chr1","3824412","3824704","JH378147","1264050","1264344","37","2560362"
"chr1","3908761","3909071","JH378107","31771147","31771449","56","27862386"
"chr1","3915113","3915232","JH378110","36433428","36433547","8","32518315"
"chr1","3966162","3966438","JH378114","17559436","17559703","55","13593274"
"chr1","4002300","4002437","JH378152","15351068","15351207","24","11348768"
"chr1","4002755","4002906","JH378222","6662946","6663094","27","2660191"
"chr1","4105296","4105590","JH378147","998526","998816","34","3106770"
"chr1","4141232","4141491","JH378157","1757624","1757888","57","2383608"
"chr1","4175380","4175673","JH378122","9316779","9317074","49","5141399"
"chr1","4282007","4282217","JH378114","30236713","30236912","37","25954706"
"chr1","4292972","4293235","JH378135","1565652","1565907","46","2727320"
"chr1","4316480","4316783","JH378226","6352000","6352297","46","2035520"
"chr1","4469958","4470259","JH378167","12951839","12952141","52","8481881"
"chr1","4525192","4525308","JH378134","6683703","6683826","15","2158511"
"chr1","4525333","4525476","JH378105","70731221","70731371","33","66205888"
"chr1","4540361","4540632","JH378201","3409180","3409457","83","1131181"
"chr1","4545227","4545446","JH378115","35802758","35802975","38","31257531"
"chr1","4672492","4672785","JH378147","536999","537279","37","4135493"
"chr1","4678058","4678192","JH378121","11628028","11628154","39","6949970"
"chr1","4678213","4678332","JH378147","531359","531478","5","4146854"
"chr1","4682585","4682856","JH378111","41565329","41565599","45","36882744"
"chr1","4720866","4721173","JH378176","9372331","9372636","44","4651465"
"chr1","4738798","4738992","JH378112","22345241","22345444","43","17606443"
"chr1","4763756","4763999","JH378121","23061161","23061402","52","18297405"
"chr1","4819826","4819903","JH378147","392205","392284","10","4427621"
"chr1","4827019","4827138","JH378117","19991558","19991686","20","15164539"
"chr1","4919309","4919610","JH378147","295151","295468","38","4624158"
"chr1","4943486","4943610","JH378147","271018","271138","16","4672468"
"chr1","4943800","4943886","JH378146","13622515","13622604","15","8678715"
"chr1","4991190","4991463","JH378143","4479387","4479667","56","511803"
"chr1","5049236","5049360","JH378147","170701","170829","13","4878535"
"chr1","5049657","5049791","JH378147","170271","170404","10","4879386"
"chr1","5219119","5219398","JH378115","32387135","32387412","51","27168016"
"chr1","5322432","5322718","JH378133","86934","87209","38","5235498"
"chr1","5344837","5345003","JH378125","8219495","8219657","27","2874658"
"chr1","5349022","5349313","JH378133","119564","119869","39","5229458"
"chr1","5365102","5365385","JH378133","136390","136679","24","5228712"
"chr1","5445911","5446134","JH378213","4500001","4500202","49","945910"
"chr1","5467924","5468203","JH378133","230428","230707","25","5237496"
"chr1","5516704","5517041","JH378167","5440907","5441238","74","75797"
"chr1","5736995","5737126","JH378229","3915755","3915886","5","1821240"
"chr1","5746546","5746828","JH378133","475417","475706","27","5271129"
"chr1","5792377","5792576","JH378133","521798","522000","24","5270579"
"chr1","6110092","6110206","JH378293","637508","637623","17","5472584"
"chr1","6164636","6164931","JH378133","878978","879283","26","5285658"
"chr1","6165510","6165817","JH378133","879849","880148","30","5285661"
"chr1","6225783","6226060","JH378116","37220709","37220990","48","30994926"
"chr1","6247078","6247201","JH378116","11675961","11676085","8","5428883"
"chr1","6266065","6266352","JH378133","977534","977835","31","5288531"
"chr1","6298352","6298478","JH378127","7899080","7899207","23","1600728"
"chr1","6372362","6372501","JH378124","6617843","6617980","24","245481"
"chr1","6372799","6372985","JH378139","19215109","19215292","32","12842310"
"chr1","6402844","6403154","JH378157","15686297","15686601","26","9283453"
"chr1","6455947","6456231","JH378133","1128250","1128532","27","5327697"
"chr1","6516603","6516901","JH378133","1185021","1185314","44","5331582"
"chr1","6598932","6599240","JH378133","1269182","1269481","38","5329750"
"chr1","6690469","6690765","JH378133","1332082","1332383","38","5358387"
"chr1","6731320","6731448","JH378133","1368321","1368451","6","5362999"
"chr1","6740819","6740950","JH378117","24587224","24587354","23","17846405"
"chr1","6741420","6741579","JH378133","1379214","1379373","17","5362206"
"chr1","6747420","6747650","JH378133","1385229","1385452","25","5362191"
"chr1","6754248","6754550","JH378122","7960365","7960666","68","1206117"
"chr1","6774938","6775267","JH378112","19660107","19660435","63","12885169"
"chr1","6886575","6886843","JH378131","5166119","5166394","51","1720456"
"chr1","6894509","6894707","JH378215","6974689","6974894","48","80180"
"chr1","6895010","6895103","JH378133","1526525","1526618","7","5368485"
"chr1","7060562","7060848","JH378133","1722819","1723107","14","5337743"
"chr1","7078100","7078420","JH378133","1738035","1738337","38","5340065"
"chr1","7110645","7110667","JH378106","65902442","65902462","4","58791797"
"chr1","7110689","7110973","JH378151","7129759","7130048","43","19070"
"chr1","7138632","7138931","JH378133","1798366","1798661","19","5340266"
"chr1","7150585","7150895","JH378120","12836998","12837304","48","5686413"
"chr1","7165162","7165276","JH378113","17891520","17891634","8","10726358"
"chr1","7308451","7308747","JH378133","1963250","1963544","24","5345201"
"chr1","7314661","7314969","JH378133","1971518","1971829","40","5343143"
"chr1","7318286","7318558","JH378133","1974871","1975163","39","5343415"
"chr1","7361411","7361681","JH378133","2016487","2016738","40","5344924"
"chr1","7374623","7374744","JH378114","2400405","2400526","15","4974218"
"chr1","7532887","7533182","JH378133","2185563","2185865","29","5347324"
"chr1","7553199","7553471","JH378133","2205824","2206104","26","5347375"
"chr1","7562441","7562744","JH378133","2213742","2214044","34","5348699"
"chr1","7563827","7563931","JH378115","21706604","21706708","18","14142777"
"chr1","7576401","7576701","JH378133","2226579","2226877","40","5349822"
"chr1","7724849","7725015","JH378111","6605119","6605277","32","1119730"
"chr1","7725043","7725171","JH378137","9448644","9448776","18","1723601"
"chr1","7725639","7725915","JH378133","2369356","2369649","33","5356283"
"chr1","7794005","7794323","JH378133","2439143","2439439","49","5354862"
"chr1","7832961","7833136","JH378133","2475159","2475333","17","5357802"
"chr1","7894800","7895071","JH378119","10606672","10606939","37","2711872"
"chr1","7895097","7895130","JH378117","28177803","28177832","4","20282706"
"chr1","8009514","8009819","JH378108","33210699","33210997","57","25201185"
"chr1","8023394","8023610","JH378133","2655926","2656141","16","5367468"
"chr1","8055472","8055635","JH378133","2689032","2689200","22","5366440"
"chr1","8062398","8062687","JH378133","2694922","2695224","35","5367476"
"chr1","8115731","8116040","JH378133","2742831","2743138","20","5372900"
"chr1","8193553","8193852","JH378133","2825203","2825494","28","5368350"
"chr1","8273168","8273476","JH378133","2895971","2896275","29","5377197"
"chr1","8324924","8325223","JH378119","26981924","26982225","60","18657000"
"chr1","8357484","8357776","JH378150","15394845","15395134","57","7037361"
"chr1","8391223","8391515","JH378133","3016790","3017087","28","5374433"
"chr1","8437022","8437324","JH378133","3061695","3062004","37","5375327"
"chr1","8453266","8453544","JH378164","6254612","6254888","35","2198654"
"chr1","8514637","8514928","JH378133","3135703","3136017","41","5378934"
"chr1","8515292","8515587","JH378133","3136350","3136644","25","5378942"
"chr1","8578096","8578381","JH378133","3199460","3199750","27","5378636"
"chr1","8667413","8667699","JH378133","3288242","3288542","35","5379171"
"chr1","8676620","8676665","JH378115","27548002","27548047","6","18871382"
"chr1","8864893","8865196","JH378133","3480448","3480732","47","5384445"
"chr1","8899087","8899381","JH378133","3506856","3507152","29","5392231"
"chr1","9035111","9035276","JH378142","10395622","10395786","24","1360511"
"chr1","9035591","9035724","JH378123","935742","935877","18","8099849"
"chr1","9384424","9384714","JH378133","3989521","3989811","19","5394903"
"chr1","9393568","9393756","JH378115","16723894","16724071","40","7330326"
"chr1","9393807","9393924","JH378151","9646235","9646357","16","252428"
"chr1","9441353","9441566","JH378124","9837555","9837771","35","396202"
"chr1","9445676","9445946","JH378133","4049029","4049314","49","5396647"
"chr1","9509842","9510091","JH378133","4111904","4112174","34","5397938"
"chr1","9560442","9560741","JH378133","4169398","4169689","32","5391044"
"chr1","9576608","9576896","JH378123","22072151","22072435","40","12495543"
"chr1","9592752","9593035","JH378133","4199383","4199676","25","5393369"
"chr1","9599530","9599829","JH378185","2102457","2102759","41","7497073"
"chr1","9646983","9647292","JH378206","7148012","7148319","39","2498971"
"chr1","9650608","9650915","JH378109","17596890","17597196","47","7946282"
"chr1","9654179","9654317","JH378216","1532317","1532457","18","8121862"
"chr1","9665062","9665239","JH378106","69865976","69866146","30","60200914"
"chr1","9665687","9665832","JH378149","3025619","3025766","32","6640068"
"chr1","9688206","9688506","JH378133","4277355","4277651","28","5410851"
"chr1","9717435","9717741","JH378133","4308689","4308991","21","5408746"
"chr1","9718166","9718448","JH378105","50119839","50120126","43","40401673"
"chr1","9722483","9722685","JH378133","4313770","4313971","13","5408713"
"chr1","9724102","9724404","JH378133","4315401","4315697","19","5408701"
"chr1","9738397","9738508","JH378192","8008808","8008922","8","1729589"
"chr1","9740815","9741115","JH378133","4331187","4331496","37","5409628"
"chr1","9771932","9772081","JH378122","16712775","16712924","30","6940843"
"chr1","9789240","9789384","JH378133","4379186","4379331","13","5410054"
"chr1","9876484","9876798","JH378133","4468585","4468892","31","5407899"
"chr1","9916557","9916865","JH378133","4509195","4509502","24","5407362"
"chr1","9945248","9945543","JH378133","4531029","4531326","21","5414219"
"chr1","9971647","9971904","JH378133","4557749","4558005","38","5413898"
"chr1","10007567","10007734","JH378113","29993283","29993450","25","19985716"
"chr1","10071018","10071174","JH378269","590670","590825","21","9480348"
"chr1","10117806","10117877","JH378323","365860","365931","10","9751946"
"chr1","10118157","10118402","JH378134","18819377","18819621","57","8701220"
"chr1","10130240","10130545","JH378133","4717900","4718202","22","5412340"
"chr1","10136115","10136398","JH378133","4723693","4723995","43","5412422"
"chr1","10136450","10136729","JH378133","4724067","4724342","29","5412383"
"chr1","10151416","10151576","JH378204","5861284","5861450","22","4290132"
"chr1","10151875","10151918","JH378122","1548486","1548533","8","8603389"
"chr1","10158822","10159116","JH378133","4746629","4746927","29","5412193"
"chr1","10174239","10174537","JH378133","4761417","4761715","14","5412822"
"chr1","10179428","10179704","JH378133","4766388","4766668","27","5413040"
"chr1","10200635","10200946","JH378133","4788334","4788653","22","5412301"
"chr1","10205844","10206040","JH378281","1773713","1773910","33","8432131"
"chr1","10221016","10221225","JH378114","35558049","35558261","36","25337033"
"chr1","10225522","10225816","JH378133","4812145","4812441","20","5413377"
"chr1","10239233","10239530","JH378133","4826172","4826478","26","5413061"
"chr1","10240747","10241045","JH378152","12815278","12815566","56","2574531"
"chr1","10247388","10247688","JH378133","4834958","4835261","24","5412430"
"chr1","10250516","10250767","JH378133","4838394","4838644","16","5412122"
"chr1","10286325","10286633","JH378139","830579","830879","45","9455746"
"chr1","10298916","10299225","JH378133","4888244","4888554","19","5410672"
"chr1","10331404","10331693","JH378133","4916822","4917107","41","5414582"
"chr1","10333407","10333577","JH378133","4918813","4918984","15","5414594"
"chr1","10342854","10343147","JH378220","1446257","1446555","44","8896597"
"chr1","10350531","10350716","JH378156","425644","425830","34","9924887"
"chr1","10356753","10356863","JH378105","55123395","55123504","17","44766642"
"chr1","10357150","10357355","JH378124","6037912","6038113","34","4319238"
"chr1","10357834","10358130","JH378133","4939170","4939469","26","5418664"
"chr1","10380960","10381070","JH378113","23321491","23321601","17","12940531"
"chr1","10381363","10381531","JH378107","6180353","6180518","27","4201010"
"chr1","10390020","10390298","JH378107","27935394","27935678","44","17545374"
"chr1","10395968","10396096","JH378133","4977807","4977942","14","5418161"
"chr1","10401072","10401357","JH378133","4981088","4981377","28","5419984"
"chr1","10410340","10410535","JH378262","2809504","2809698","33","7600836"
"chr1","10411376","10411688","JH378133","4991613","4991922","19","5419763"
"chr1","10419896","10420069","JH378133","4998637","4998804","21","5421259"
"chr1","10420792","10421009","JH378133","4999526","4999743","22","5421266"
"chr1","10423143","10423365","JH378149","14452528","14452752","42","4029385"
"chr1","10423687","10423982","JH378133","5002393","5002684","19","5421294"
"chr1","10424280","10424540","JH378133","5002980","5003242","22","5421300"
"chr1","10424768","10424906","JH378175","1773978","1774113","26","8650790"
"chr1","10436046","10436180","JH378193","7951829","7951962","15","2484217"
"chr1","10436469","10436632","JH378135","1706715","1706871","25","8729754"
"chr1","10437327","10437575","JH378105","68684618","68684871","48","58247291"
"chr1","10454639","10454934","JH378133","5021323","5021610","24","5433316"
"chr1","10456529","10456662","JH378133","5022840","5022974","14","5433689"
"chr1","10456964","10457136","JH378141","13318048","13318231","45","2861084"
"chr1","10458119","10458428","JH378152","16285527","16285832","51","5827408"
"chr1","10464344","10464465","JH378115","34316038","34316157","19","23851694"
"chr1","10464870","10465004","JH378131","19517499","19517633","16","9052629"
"chr1","10465311","10465472","JH378111","6605119","6605277","23","3860192"
"chr1","10466921","10467017","JH378154","14790174","14790268","16","4323253"
"chr1","10480685","10480858","JH378105","12842662","12842827","34","2361977"
"chr1","10482262","10482394","JH378110","35677261","35677392","13","25194999"
"chr1","10482620","10482897","JH378224","2545735","2546009","51","7936885"
"chr1","10486873","10487197","JH378106","59560996","59561304","62","49074123"
"chr1","10487757","10488047","JH378158","5716433","5716720","42","4771324"
"chr1","10494364","10494439","JH378133","5059372","5059447","6","5434992"
"chr1","10505065","10505330","JH378133","5067780","5068045","13","5437285"
"chr1","10509827","10510005","JH378137","3855408","3855579","33","6654419"
"chr1","10510302","10510436","JH378124","6551764","6551898","18","3958538"
"chr1","10527353","10527541","JH378190","8718795","8718980","40","1808558"
"chr1","10530715","10530867","JH378141","9805110","9805263","29","725605"
"chr1","10531163","10531298","JH378198","5242750","5242885","13","5288413"
"chr1","10537398","10537671","JH378133","5095250","5095542","50","5442148"
"chr1","10557462","10557760","JH378114","42304510","42304805","35","31747048"
"chr1","10567005","10567300","JH378133","5125602","5125896","28","5441403"
"chr1","10591897","10591947","JH378133","5154395","5154437","8","5437502"
"chr1","10595235","10595530","JH378204","5023825","5024120","34","5571410"
"chr1","10665203","10665506","JH378105","59344648","59344952","45","48679445"
"chr1","10674374","10674591","JH378133","5216112","5216355","39","5458262"
"chr1","10682795","10683108","JH378220","4774763","4775059","62","5908032"
"chr1","10710856","10711143","JH378133","5251227","5251507","21","5459629"
"chr1","10741277","10741466","JH378139","2401016","2401201","30","8340261"
"chr1","10742002","10742136","JH378121","16239157","16239291","14","5497155"
"chr1","10768979","10769282","JH378133","5310011","5310324","31","5458968"
"chr1","10779450","10779761","JH378133","5320255","5320563","24","5459195"
"chr1","10780986","10781285","JH378133","5321465","5321768","28","5459521"
"chr1","10790009","10790309","JH378133","5329611","5329912","38","5460398"
"chr1","10791492","10791773","JH378141","3164734","3165015","52","7626758"
"chr1","10797174","10797465","JH378141","16044454","16044744","42","5247280"
"chr1","10854400","10854709","JH378191","1964345","1964654","48","8890055"
"chr1","10861715","10861936","JH378133","5394106","5394331","15","5467609"
"chr1","10862489","10862590","JH378133","5394889","5394978","17","5467600"
"chr1","10874151","10874432","JH378133","5407625","5407917","40","5466526"
"chr1","10918941","10919108","JH378170","5036803","5036974","18","5882138"
"chr1","10991586","10991894","JH378176","10596983","10597292","54","394603"
"chr1","10998573","10998761","JH378114","20697369","20697562","30","9698796"
"chr1","11175938","11176240","JH378133","5683548","5683849","24","5492390"
"chr1","11251705","11252006","JH378133","5759387","5759684","29","5492318"
"chr1","11276440","11276737","JH378182","1285566","1285866","48","9990874"
"chr1","11312865","11313134","JH378133","5825827","5826098","17","5487038"
"chr1","11336039","11336334","JH378133","5848928","5849239","46","5487111"
"chr1","11377604","11377899","JH378112","14424456","14424749","44","3046852"
"chr1","11470495","11470738","JH378127","20379694","20379940","46","8909199"
"chr1","11493395","11493706","JH378133","6000908","6001210","32","5492487"
"chr1","11647067","11647363","JH378157","11790574","11790874","45","143507"
"chr1","11689471","11689767","JH378133","6192821","6193114","12","5496650"
"chr1","11690429","11690513","JH378133","6193777","6193860","4","5496652"
"chr1","11694404","11694640","JH378115","23072105","23072341","39","11377701"
"chr1","11904614","11904912","JH378133","6401474","6401765","29","5503140"
"chr1","12000298","12000506","JH378339","44159","44366","35","11956139"
"chr1","12010975","12011070","JH378114","30930494","30930587","20","18919519"
"chr1","12020333","12020623","JH378133","6511230","6511533","42","5509103"
"chr1","12042768","12043070","JH378133","6532275","6532578","24","5510493"
"chr1","12104703","12105013","JH378133","6582508","6582816","15","5522195"
"chr1","12135363","12135622","JH378133","6612881","6613137","23","5522482"
"chr1","12138140","12138408","JH378239","1826319","1826602","50","10311821"
"chr1","12152097","12152326","JH378121","29789825","29790048","50","17637728"
"chr1","12159974","12160264","JH378133","6637732","6638025","21","5522242"
"chr1","12163456","12163747","JH378133","6640623","6640918","35","5522833"
"chr1","12183481","12183785","JH378133","6661012","6661312","35","5522469"
"chr1","12230298","12230496","JH378114","30236713","30236912","28","18006415"
"chr1","12308621","12308921","JH378133","6782405","6782702","26","5526216"
"chr1","12313246","12313549","JH378133","6787055","6787364","33","5526191"
"chr1","12331959","12332235","JH378133","6805761","6806021","31","5526198"
"chr1","12352151","12352426","JH378133","6825233","6825516","27","5526918"
"chr1","12357699","12357999","JH378133","6830882","6831184","36","5526817"
"chr1","12366594","12366903","JH378133","6839996","6840298","28","5526598"
"chr1","12371889","12371917","JH378121","12211742","12211771","4","160147"
"chr1","12371943","12372084","JH378110","11118470","11118603","25","1253473"
"chr1","12372401","12372543","JH378129","5089964","5090100","20","7282437"
"chr1","12487235","12487528","JH378176","10936625","10936917","47","1550610"
"chr1","12524728","12524979","JH378133","6992973","6993216","20","5531755"
"chr1","12597764","12598059","JH378133","7073107","7073397","31","5524657"
"chr1","12665231","12665539","JH378133","7130746","7131036","53","5534485"
"chr1","12694081","12694344","JH378264","3213004","3213259","70","9481077"
"chr1","12733269","12733566","JH378108","44646129","44646430","41","31912860"
"chr1","12795157","12795466","JH378133","7229312","7229621","27","5565845"
"chr1","12833060","12833371","JH378139","5286959","5287269","50","7546101"
"chr1","12861338","12861454","JH378182","8859279","8859396","22","4002059"
"chr1","12861484","12861664","JH378119","10686848","10687023","43","2174636"
"chr1","12943327","12943485","JH378257","2767742","2767896","24","10175585"
"chr1","12947172","12947412","JH378133","7377937","7378171","20","5569235"
"chr1","13002188","13002320","JH378133","7423127","7423269","14","5579061"
"chr1","13019210","13019487","JH378133","7438419","7438687","25","5580791"
"chr1","13031233","13031525","JH378133","7450589","7450900","39","5580644"
"chr1","13051530","13051833","JH378105","46859427","46859736","40","33807897"
"chr1","13076995","13077126","JH378108","50640632","50640755","19","37563637"
"chr1","13078005","13078175","JH378136","17308166","17308323","35","4230161"
"chr1","13078482","13078598","JH378133","7501802","7501912","13","5576680"
"chr1","13079136","13079444","JH378133","7502499","7502810","24","5576637"
"chr1","13083774","13084072","JH378133","7506909","7507212","28","5576865"
"chr1","13085823","13085980","JH378133","7510225","7510382","10","5575598"
"chr1","13092435","13092743","JH378133","7517549","7517857","20","5574886"
"chr1","13094586","13094635","JH378167","7839173","7839223","8","5255413"
"chr1","13100835","13101117","JH378133","7525846","7526119","35","5574989"
"chr1","13111695","13111799","JH378313","766835","766936","17","12344860"
"chr1","13114137","13114290","JH378133","7538936","7539093","16","5575201"
"chr1","13114586","13114727","JH378112","34373263","34373398","28","21258677"
"chr1","13122936","13123045","JH378133","7548246","7548365","17","5574690"
"chr1","13126106","13126428","JH378172","12076078","12076384","58","1050028"
"chr1","13138148","13138411","JH378166","13780000","13780258","51","641852"
"chr1","13152105","13152407","JH378133","7579656","7579960","20","5572449"
"chr1","13158019","13158306","JH378133","7585993","7586294","30","5572026"
"chr1","13167471","13167654","JH378122","2014771","2014957","26","11152700"
"chr1","13173130","13173434","JH378133","7597471","7597780","31","5575659"
"chr1","13176599","13176898","JH378133","7601300","7601607","42","5575299"
"chr1","13206960","13207130","JH378133","7622903","7623058","36","5584057"
"chr1","13207426","13207555","JH378105","4325702","4325838","21","8881724"
"chr1","13213201","13213506","JH378133","7634360","7634656","38","5578841"
"chr1","13237033","13237253","JH378241","4796210","4796431","37","8440823"
"chr1","13238746","13238868","JH378221","25693","25818","23","13213053"
"chr1","13255111","13255238","JH378105","60249758","60249887","24","46994647"
"chr1","13258447","13258567","JH378133","7668315","7668434","15","5590132"
"chr1","13258598","13258884","JH378133","7668463","7668753","30","5590135"
"chr1","13268761","13269066","JH378226","311959","312269","45","12956802"
"chr1","13269656","13269794","JH378133","7679309","7679449","14","5590347"
"chr1","13279264","13279540","JH378133","7689218","7689519","41","5590046"
"chr1","13292788","13293059","JH378133","7702543","7702828","35","5590245"
"chr1","13299848","13300134","JH378133","7709944","7710243","35","5589904"
"chr1","13305341","13305640","JH378133","7715155","7715443","36","5590186"
"chr1","13317236","13317537","JH378133","7727186","7727499","39","5590050"
"chr1","13318044","13318336","JH378133","7728000","7728298","26","5590044"
"chr1","13324719","13325010","JH378133","7735463","7735752","21","5589256"
"chr1","13331235","13331512","JH378133","7742050","7742313","33","5589185"
"chr1","13336048","13336219","JH378105","71246205","71246375","21","57910157"
"chr1","13337017","13337124","JH378300","1060736","1060843","17","12276281"
"chr1","13385374","13385655","JH378133","7796725","7797007","26","5588649"
"chr1","13386213","13386483","JH378133","7797566","7797832","24","5588647"
"chr1","13395960","13396106","JH378205","1704468","1704614","18","11691492"
"chr1","13405004","13405293","JH378133","7816162","7816458","45","5588842"
"chr1","13406393","13406689","JH378133","7817550","7817849","22","5588843"
"chr1","13476139","13476416","JH378133","7885996","7886289","31","5590143"
"chr1","13484487","13484790","JH378133","7895300","7895584","40","5589187"
"chr1","13496201","13496377","JH378235","1105583","1105759","30","12390618"
"chr1","13496679","13496746","JH378133","7908257","7908324","1","5588422"
"chr1","13496768","13497057","JH378281","1926175","1926467","42","11570593"
"chr1","13508251","13508546","JH378133","7920045","7920320","37","5588206"
"chr1","13515269","13515574","JH378193","7496622","7496935","45","6018647"
"chr1","13538192","13538489","JH378133","7949600","7949876","42","5588592"
"chr1","13615046","13615115","JH378133","8022234","8022300","10","5592812"
"chr1","13619883","13620179","JH378165","276964","277261","45","13342919"
"chr1","13628100","13628394","JH378193","3600843","3601131","60","10027257"
"chr1","13632736","13633023","JH378252","2722194","2722476","63","10910542"
"chr1","13636592","13636888","JH378122","5120958","5121256","44","8515634"
"chr1","13697479","13697603","JH378234","4709182","4709314","26","8988297"
"chr1","13724547","13724846","JH378133","8120009","8120308","16","5604538"
"chr1","13731175","13731470","JH378133","8126325","8126620","24","5604850"
"chr1","13732279","13732445","JH378133","8127717","8127894","33","5604562"
"chr1","13739055","13739277","JH378133","8133972","8134193","21","5605083"
"chr1","13762870","13763050","JH378133","8160160","8160354","26","5602710"
"chr1","13763358","13763493","JH378133","8160677","8160813","9","5602681"
"chr1","13768320","13768613","JH378108","13729769","13730064","29","38551"
"chr1","13793671","13793807","JH378133","8183897","8184032","10","5609774"
"chr1","13794114","13794273","JH378264","759797","759948","24","13034317"
"chr1","13799684","13799991","JH378133","8186592","8186891","39","5613092"
"chr1","13805751","13805872","JH378116","5031629","5031751","15","8774122"
"chr1","13805929","13806079","JH378121","27429881","27430031","27","13623952"
"chr1","13810164","13810468","JH378133","8198239","8198533","24","5611925"
"chr1","13816696","13816996","JH378133","8205267","8205563","16","5611429"
"chr1","13828282","13828589","JH378133","8215074","8215365","40","5613208"
"chr1","13831715","13831834","JH378153","5118789","5118910","19","8712926"
"chr1","13831866","13832026","JH378133","7280326","7280483","39","6551540"
"chr1","13842456","13842587","JH378137","17884008","17884138","28","4041552"
"chr1","13855779","13856071","JH378133","8238980","8239268","23","5616799"
"chr1","13857889","13858198","JH378133","8240345","8240640","37","5617544"
"chr1","13866266","13866568","JH378133","8248624","8248943","35","5617642"
"chr1","13871968","13872266","JH378133","8254461","8254749","29","5617507"
"chr1","13874993","13875291","JH378133","8257515","8257825","28","5617478"
"chr1","13882345","13882638","JH378133","8264753","8265063","37","5617592"
"chr1","13945029","13945348","JH378133","8319937","8320253","37","5625092"
"chr1","13957225","13957512","JH378105","22345080","22345369","50","8387855"
"chr1","14078928","14079231","JH378133","8452274","8452573","25","5626654"
"chr1","14110846","14111150","JH378133","8484329","8484636","34","5626517"
"chr1","14174052","14174377","JH378106","17593359","17593681","67","3419307"
"chr1","14243450","14243759","JH378109","33062944","33063241","40","18819494"
"chr1","14272814","14273074","JH378133","8639592","8639845","27","5633222"
"chr1","14275638","14275934","JH378133","8642417","8642713","39","5633221"
"chr1","14296126","14296333","JH378133","8665881","8666089","8","5630245"
"chr1","14302882","14303176","JH378133","8673634","8673935","31","5629248"
"chr1","14314772","14315074","JH378133","8685069","8685378","30","5629703"
"chr1","14320434","14320537","JH378137","17182727","17182824","21","2862293"
"chr1","14330802","14331076","JH378133","8699652","8699917","23","5631150"
"chr1","14331405","14331604","JH378133","8700243","8700437","19","5631162"
"chr1","14350923","14351057","JH378275","2779330","2779467","19","11571593"
"chr1","14376512","14376815","JH378246","3240786","3241087","41","11135726"
"chr1","14388881","14389168","JH378133","8753364","8753651","30","5635517"
"chr1","14404400","14404707","JH378173","11178399","11178706","41","3226001"
"chr1","14459253","14459545","JH378133","8806483","8806775","16","5652770"
"chr1","14542870","14543163","JH378133","8886495","8886783","21","5656375"
"chr1","14545371","14545536","JH378141","12248128","12248298","26","2297243"
"chr1","14549072","14549207","JH378133","8892524","8892659","6","5656548"
"chr1","14561796","14561891","JH378120","3115706","3115805","12","11446090"
"chr1","14564806","14565106","JH378113","14386750","14387047","39","178056"
"chr1","14573876","14574148","JH378133","8916290","8916557","20","5657586"
"chr1","14577465","14577762","JH378226","5781385","5781683","41","8796080"
"chr1","14619477","14619784","JH378133","8955227","8955523","27","5664250"
"chr1","14627363","14627616","JH378133","8960213","8960494","54","5667150"
"chr1","14631326","14631609","JH378107","29689586","29689873","40","15058260"
"chr1","14631759","14632057","JH378173","10911319","10911615","45","3720440"
"chr1","14643306","14643608","JH378133","8974522","8974818","21","5668784"
"chr1","14647763","14648072","JH378133","8978993","8979297","22","5668770"
"chr1","14671898","14672199","JH378133","9004628","9004925","25","5667270"
"chr1","14715929","14716052","JH378116","34576471","34576594","16","19860542"
"chr1","14721487","14721826","JH378173","9268780","9269112","60","5452707"
"chr1","14723931","14724034","JH378172","10521526","10521628","9","4202405"
"chr1","14732504","14732819","JH378133","9065289","9065603","50","5667215"
"chr1","14760937","14761233","JH378133","9093244","9093542","25","5667693"
"chr1","14775953","14776266","JH378224","2990071","2990378","46","11785882"
"chr1","14808101","14808385","JH378257","3155435","3155728","47","11652666"
"chr1","14826014","14826178","JH378206","1167015","1167178","44","13658999"
"chr1","14826447","14826630","JH378137","10017252","10017437","36","4809195"
"chr1","14829456","14829746","JH378133","9165140","9165435","30","5664316"
"chr1","14865443","14865735","JH378105","2838431","2838737","50","12027012"
"chr1","14868664","14868957","JH378105","46255278","46255569","35","31386614"
"chr1","14870885","14871180","JH378107","17813132","17813427","48","2942247"
"chr1","14876140","14876404","JH378194","2920392","2920649","49","11955748"
"chr1","14882896","14883194","JH378157","11790574","11790874","43","3092322"
"chr1","14885766","14886012","JH378125","4800636","4800883","35","10085130"
"chr1","14904163","14904298","JH378133","9239943","9240078","11","5664220"
"chr1","14904597","14904762","JH378133","9240372","9240544","22","5664225"
"chr1","14905947","14906080","JH378137","17322455","17322597","28","2416508"
"chr1","14908649","14908805","JH378133","9245215","9245367","15","5663434"
"chr1","14909099","14909273","JH378133","9245975","9246118","38","5663124"
"chr1","14923460","14923749","JH378133","9261014","9261311","19","5662446"
"chr1","14935742","14936047","JH378133","9272665","9272973","23","5663077"
"chr1","14937617","14937919","JH378133","9274531","9274819","28","5663086"
"chr1","14944908","14945208","JH378133","9283538","9283848","32","5661370"
"chr1","14945373","14945657","JH378133","9283991","9284291","33","5661382"
"chr1","14983152","14983457","JH378133","9322922","9323218","26","5660230"
"chr1","14993719","14994009","JH378133","9336263","9336566","28","5657456"
"chr1","15038347","15038645","JH378226","6313933","6314229","38","8724414"
"chr1","15157135","15157427","JH378133","9501091","9501383","22","5656044"
"chr1","15162275","15162374","JH378170","6716272","6716374","25","8446003"
"chr1","15169348","15169512","JH378115","31487220","31487382","26","16317872"
"chr1","15169811","15169945","JH378133","9512917","9513051","8","5656894"
"chr1","15186262","15186383","JH378133","9525927","9526049","6","5660335"
"chr1","15191675","15191793","JH378192","8811333","8811453","16","6380342"
"chr1","15191841","15192015","JH378133","9531573","9531748","13","5660268"
"chr1","15193087","15193382","JH378133","9531849","9532151","30","5661238"
"chr1","15194106","15194376","JH378141","12238278","12238557","51","2955828"
"chr1","15204905","15205035","JH378184","6270477","6270608","17","8934428"
"chr1","15206305","15206602","JH378133","9544518","9544822","34","5661787"
"chr1","15215566","15215874","JH378189","6435926","6436235","42","8779640"
"chr1","15217500","15217763","JH378121","20944544","20944814","50","5727044"
"chr1","15223224","15223516","JH378123","20443732","20444027","45","5220508"
"chr1","15224802","15225054","JH378133","9562997","9563271","34","5661805"
"chr1","15228295","15228598","JH378133","9566983","9567276","28","5661312"
"chr1","15228652","15228946","JH378133","9567337","9567627","28","5661315"
"chr1","15229166","15229447","JH378133","9567845","9568143","35","5661321"
"chr1","15231574","15231881","JH378133","9570342","9570649","19","5661232"
"chr1","15250884","15251182","JH378278","642841","643139","38","14608043"
"chr1","15254345","15254648","JH378133","9596691","9596995","12","5657654"
"chr1","15308225","15308522","JH378121","9108801","9109112","54","6199424"
"chr1","15309513","15309769","JH378133","9651140","9651405","26","5658373"
"chr1","15320818","15321096","JH378203","2857150","2857439","41","12463668"
"chr1","15344045","15344370","JH378140","6907735","6908060","52","8436310"
"chr1","15349191","15349484","JH378133","9687228","9687535","36","5661963"
"chr1","15362155","15362274","JH378105","47792819","47792941","15","32430664"
"chr1","15374833","15375074","JH378170","3704417","3704646","44","11670416"
"chr1","15397793","15398061","JH378133","9737978","9738237","32","5659815"
"chr1","15398552","15398849","JH378133","9738728","9739021","27","5659824"
"chr1","15442253","15442562","JH378133","9781420","9781733","25","5660833"
"chr1","15444411","15444538","JH378133","9783580","9783698","17","5660831"
"chr1","15475246","15475499","JH378133","9821221","9821513","51","5654025"
"chr1","15486129","15486384","JH378133","9832506","9832760","22","5653623"
"chr1","15490353","15490643","JH378133","9836735","9837035","27","5653618"
"chr1","15498498","15498765","JH378133","9844807","9845065","27","5653691"
"chr1","15556609","15556784","JH378133","9897930","9898108","17","5658679"
"chr1","15560038","15560313","JH378123","21920454","21920728","49","6360416"
"chr1","15560753","15560887","JH378111","27116436","27116568","9","11555683"
"chr1","15568877","15569126","JH378133","9911650","9911910","24","5657227"
"chr1","15581585","15581908","JH378130","2316395","2316715","53","13265190"
"chr1","15584646","15584776","JH378112","20927661","20927793","16","5343015"
"chr1","15622636","15622723","JH378125","14708079","14708166","14","914557"
"chr1","15658236","15658369","JH378167","8159927","8160059","11","7498309"
"chr1","15658582","15658607","JH378190","7951768","7951787","11","7706814"
"chr1","15658899","15659099","JH378153","2583042","2583243","35","13075857"
"chr1","15692591","15692719","JH378133","10024980","10025105","14","5667611"
"chr1","15748698","15749009","JH378133","10080866","10081161","31","5667832"
"chr1","15749084","15749387","JH378133","10081229","10081500","47","5667855"
"chr1","15775506","15775799","JH378122","5708747","5709051","39","10066759"
"chr1","15776647","15776936","JH378124","21427709","21428001","53","5651062"
"chr1","15790090","15790393","JH378116","14393697","14393990","54","1396393"
"chr1","15827029","15827310","JH378133","10149017","10149294","27","5678012"
"chr1","15865908","15866203","JH378133","10188168","10188448","32","5677740"
"chr1","15910369","15910640","JH378133","10230199","10230493","39","5680170"
"chr1","15912287","15912594","JH378133","10231879","10232183","21","5680408"
"chr1","15929853","15930155","JH378133","10243929","10244237","23","5685924"
"chr1","15940880","15941122","JH378133","10255593","10255842","36","5685287"
"chr1","15963677","15963969","JH378131","1317235","1317513","54","14646442"
"chr1","16007733","16008014","JH378156","2887916","2888201","48","13119817"
"chr1","16013333","16013621","JH378133","10324450","10324743","24","5688883"
"chr1","16019860","16019939","JH378133","10330990","10331069","3","5688870"
"chr1","16025911","16026054","JH378133","10337064","10337196","29","5688847"
"chr1","16159145","16159445","JH378133","10453884","10454184","24","5705261"
"chr1","16161241","16161340","JH378105","37616057","37616157","13","21454816"
"chr1","16228913","16229044","JH378133","10523865","10523998","13","5705048"
"chr1","16229341","16229525","JH378133","10524289","10524471","29","5705052"
"chr1","16239623","16239917","JH378133","10534591","10534876","23","5705032"
"chr1","16253897","16254169","JH378133","10550203","10550477","21","5703694"
"chr1","16275393","16275643","JH378133","10571632","10571892","46","5703761"
"chr1","16308856","16309132","JH378133","10601795","10602073","24","5707061"
"chr1","16335227","16335500","JH378133","10635822","10636095","21","5699405"
"chr1","16349172","16349383","JH378113","37373710","37373925","35","21024538"
"chr1","16432833","16432988","JH378166","3654883","3655031","28","12777950"
"chr1","16462154","16462411","JH378133","10765505","10765764","26","5696649"
"chr1","16492793","16493062","JH378133","10783687","10783947","41","5709106"
"chr1","16521626","16521802","JH378133","10813784","10813964","12","5707842"
"chr1","16523014","16523316","JH378133","10815175","10815478","13","5707839"
"chr1","16547216","16547503","JH378133","10836489","10836796","39","5710727"
"chr1","16564381","16564691","JH378133","10843078","10843374","34","5721303"
"chr1","16621292","16621448","JH378133","10905604","10905764","16","5715688"
"chr1","16631711","16631980","JH378133","10915740","10915997","38","5715971"
"chr1","16669759","16669978","JH378133","10957374","10957592","15","5712385"
"chr1","16671072","16671366","JH378133","10958644","10958918","42","5712428"
"chr1","16721579","16721891","JH378149","939194","939498","52","15782385"
"chr1","16798984","16799277","JH378263","1291915","1292208","32","15507069"
"chr1","16828951","16829254","JH378133","11110282","11110583","24","5718669"
"chr1","16891017","16891307","JH378133","11177267","11177554","25","5713750"
"chr1","16895799","16896089","JH378132","10276434","10276706","65","6619365"
"chr1","16901087","16901417","JH378234","1113811","1114129","54","15787276"
"chr1","16962853","16963134","JH378133","11247657","11247940","17","5715196"
"chr1","17106914","17107208","JH378167","13109074","13109371","48","3997840"
"chr1","17125710","17125876","JH378157","7554808","7554972","31","9570902"
"chr1","17204760","17204909","JH378203","8072412","8072568","17","9132348"
"chr1","17204936","17205176","JH378203","8072595","8072843","21","9132341"
"chr1","17219080","17219374","JH378203","8084092","8084366","45","9134988"
"chr1","17222711","17222793","JH378203","8093865","8093941","15","9128846"
"chr1","17226327","17226471","JH378111","20285444","20285581","19","3059117"
"chr1","17226758","17226948","JH378199","4259405","4259590","39","12967353"
"chr1","17248137","17248423","JH378124","28395164","28395457","61","11147027"
"chr1","17295891","17296192","JH378137","17701936","17702233","64","406045"
"chr1","17304930","17305233","JH378133","11477474","11477770","30","5827456"
"chr1","17383332","17383632","JH378133","11556878","11557170","33","5826454"
"chr1","17386746","17387029","JH378156","2455631","2455911","59","14931115"
"chr1","17392503","17392584","JH378164","10062224","10062296","19","7330279"
"chr1","17485668","17485799","JH378249","95931","96063","14","17389737"
"chr1","17492830","17492973","JH378138","2893302","2893441","24","14599528"
"chr1","17493166","17493298","JH378133","11660479","11660601","18","5832687"
"chr1","17514595","17514790","JH378133","11681776","11681973","14","5832819"
"chr1","17554169","17554447","JH378164","6254612","6254888","42","11299557"
"chr1","17797037","17797330","JH378133","11947738","11948041","39","5849299"
"chr1","17802273","17802524","JH378190","921148","921413","50","16881125"
"chr1","17866097","17866361","JH378125","4343978","4344233","48","13522119"
"chr1","17866393","17866407","JH378110","40158892","40158906","2","22292499"
"chr1","17869794","17870100","JH378133","12014806","12015111","23","5854988"
"chr1","17874920","17875171","JH378133","12019587","12019837","15","5855333"
"chr1","17885612","17885745","JH378133","12030912","12031045","5","5854700"
"chr1","17925894","17926191","JH378133","12054557","12054859","15","5871337"
"chr1","17928245","17928536","JH378129","3146831","3147119","50","14781414"
"chr1","17930347","17930433","JH378114","32551820","32551903","5","14621473"
"chr1","17932435","17932735","JH378133","12063118","12063409","29","5869317"
"chr1","17949928","17950183","JH378133","12081623","12081886","25","5868305"
"chr1","17966880","17967175","JH378133","12095870","12096161","45","5871010"
"chr1","18070647","18070905","JH378145","3459645","3459895","47","14611002"
"chr1","18127001","18127284","JH378133","12258379","12258682","41","5868622"
"chr1","18149537","18149830","JH378133","12279895","12280186","18","5869642"
"chr1","18162208","18162469","JH378133","12293202","12293427","49","5869006"
"chr1","18274475","18274768","JH378133","12406860","12407154","29","5867615"
"chr1","18396003","18396229","JH378133","12515567","12515803","35","5880436"
"chr1","18396967","18397270","JH378133","12516539","12516842","35","5880428"
"chr1","18424633","18424913","JH378133","12545841","12546114","28","5878792"
"chr1","18756022","18756101","JH378113","29987738","29987815","20","11231716"
"chr1","18888984","18889249","JH378133","12993533","12993822","44","5895451"
"chr1","18891619","18891924","JH378133","12996510","12996815","27","5895109"
"chr1","18931329","18931607","AGCE01149867","478","754","22","18930851"
"chr1","19086412","19086528","JH378171","1621295","1621414","15","17465117"
"chr1","19234173","19234465","JH378133","13327625","13327921","24","5906548"
"chr1","19323219","19323507","JH378133","13412446","13412735","19","5910773"
"chr1","19435738","19435874","JH378133","13520878","13521018","14","5914860"
"chr1","19438524","19438808","JH378133","13523417","13523699","37","5915107"
"chr1","19506240","19506521","JH378116","14950970","14951255","56","4555270"
"chr1","19528677","19528938","JH378136","15230801","15231050","53","4297876"
"chr1","19564237","19564533","JH378146","13530401","13530710","56","6033836"
"chr1","19587136","19587433","JH378133","13717156","13717465","31","5869980"
"chr1","19673909","19674201","JH378135","9927421","9927718","45","9746488"
"chr1","19701808","19702125","JH378150","16437388","16437700","49","3264420"
"chr1","19736081","19736368","JH378144","4526015","4526302","59","15210066"
"chr1","19839198","19839335","JH378140","4671194","4671325","27","15168004"
"chr1","19846596","19846872","JH378133","13959158","13959449","27","5887438"
"chr1","19959794","19960107","JH378133","14068352","14068665","34","5891442"
"chr1","20024516","20024805","JH378133","14133631","14133918","25","5890885"
"chr1","20040081","20040354","JH378133","14150041","14150316","25","5890040"
"chr1","20068365","20068669","JH378148","12848205","12848503","46","7220160"
"chr1","20113064","20113206","JH378133","14219140","14219282","13","5893924"
"chr1","20331061","20331362","JH378154","9637988","9638291","40","10693073"
"chr1","20501586","20501812","JH378133","14599043","14599269","18","5902543"
"chr1","20505866","20506167","JH378133","14603682","14603973","40","5902184"
"chr1","20542120","20542249","JH378113","21341136","21341264","9","799016"
"chr1","20542326","20542617","JH378133","14640238","14640519","26","5902088"
"chr1","20575666","20575966","JH378133","14674072","14674368","27","5901594"
"chr1","20650739","20651041","JH378133","14728047","14728351","40","5922692"
"chr1","20722752","20722907","JH378133","14790797","14790942","16","5931955"
"chr1","20723167","20723314","JH378133","14791219","14791361","26","5931948"
"chr1","20736554","20736874","JH378133","14804803","14805100","41","5931751"
"chr1","20761067","20761354","JH378133","14830279","14830567","28","5930788"
"chr1","20906069","20906301","JH378126","1766770","1766996","38","19139299"
"chr1","20918384","20918534","JH378237","845188","845319","40","20073196"
"chr1","20991408","20991678","JH378133","15051022","15051288","18","5940386"
"chr1","20997440","20997601","JH378119","296760","296923","22","20700680"
"chr1","20997908","20998040","JH378167","9081963","9082096","12","11915945"
"chr1","21111627","21111907","JH378201","7650336","7650621","54","13461291"
"chr1","21230296","21230415","JH378133","15267024","15267144","10","5963272"
"chr1","21367882","21368193","JH378133","15398732","15399042","13","5969150"
"chr1","21381253","21381383","JH378117","20151735","20151865","7","1229518"
"chr1","21386218","21386425","JH378111","42030422","42030626","41","20644204"
"chr1","21488433","21488732","JH378141","12556033","12556337","47","8932400"
"chr1","21608740","21609041","JH378133","15636340","15636637","30","5972400"
"chr1","21628208","21628468","JH378133","15654629","15654871","51","5973579"
"chr1","21694103","21694394","JH378133","15714565","15714851","31","5979538"
"chr1","21745192","21745497","JH378113","31816516","31816819","44","10071324"
"chr1","21748894","21749198","JH378133","15764830","15765150","51","5984064"
"chr1","21766577","21766657","JH378140","14631478","14631558","23","7135099"
"chr1","21770554","21770851","JH378133","15786719","15787010","25","5983835"
"chr1","21784389","21784651","JH378133","15799948","15800199","42","5984441"
"chr1","21969547","21969838","JH378135","4525224","4525514","48","17444323"
"chr1","21986513","21986798","JH378133","15988099","15988394","29","5998414"
"chr1","22001140","22001439","JH378133","16013744","16014052","38","5987396"
"chr1","22016987","22017284","JH378287","24740","25040","47","21992247"
"chr1","22137338","22137409","JH378110","32147034","32147102","14","10009696"
"chr1","22137434","22137555","JH378287","2247749","2247864","28","19889685"
"chr1","22142398","22142447","JH378133","16146292","16146339","5","5996106"
"chr1","22153054","22153361","JH378133","16156253","16156567","36","5996801"
"chr1","22158691","22158995","JH378133","16159813","16160120","22","5998878"
"chr1","22174994","22175265","JH378153","14411648","14411908","50","7763346"
"chr1","22189975","22190273","JH378127","22288579","22288874","49","98604"
"chr1","22191146","22191444","JH378133","16187875","16188165","28","6003271"
"chr1","22193868","22194171","JH378125","15767344","15767650","41","6426524"
"chr1","22205274","22205449","JH378133","16201889","16202063","12","6003385"
"chr1","22209481","22209778","JH378149","15880732","15881025","46","6328749"
"chr1","22216636","22216940","JH378133","16212902","16213206","24","6003734"
"chr1","22240491","22240789","JH378133","16237634","16237930","29","6002857"
"chr1","22267910","22268206","JH378133","16264343","16264636","24","6003567"
"chr1","22312163","22312402","JH378133","16299739","16299991","29","6012424"
"chr1","22422561","22422870","JH378133","16408056","16408354","24","6014505"
"chr1","22496911","22497208","JH378110","39046234","39046532","50","16549323"
"chr1","22524207","22524512","JH378133","16503598","16503892","35","6020609"
"chr1","22554975","22555282","JH378133","16530910","16531226","36","6024065"
"chr1","22574522","22574763","JH378110","32280217","32280462","59","9705695"
"chr1","22594630","22594936","JH378133","16570471","16570775","22","6024159"
"chr1","22708447","22708619","JH378133","16675488","16675660","12","6032959"
"chr1","22752231","22752534","JH378133","16720290","16720586","26","6031941"
"chr1","22841103","22841409","JH378133","16808343","16808631","34","6032760"
"chr1","22846850","22847152","JH378133","16813543","16813843","35","6033307"
"chr1","22932960","22933044","JH378212","250911","250996","9","22682049"
"chr1","23011949","23012247","JH378133","16979738","16980043","21","6032211"
"chr1","23042254","23042571","JH378133","17009854","17010155","32","6032400"
"chr1","23097069","23097188","JH378182","8859279","8859396","18","14237790"
"chr1","23190232","23190525","JH378133","17156054","17156314","48","6034178"
"chr1","23222203","23222229","JH378115","6398163","6398191","3","16824040"
"chr1","23222268","23222521","JH378133","17181298","17181571","38","6040970"
"chr1","23225322","23225449","JH378133","17184172","17184299","8","6041150"
"chr1","23334789","23335091","JH378109","11034561","11034860","49","12300228"
"chr1","23408865","23409167","JH378133","17348222","17348521","29","6060643"
"chr1","23419097","23419386","JH378133","17360805","17361090","23","6058292"
"chr1","23523644","23523798","JH378157","8273993","8274151","24","15249651"
"chr1","23575538","23575649","AGCE01150848","1126","1237","10","23574412"
"chr1","23575684","23575812","JH378108","9141097","9141226","9","14434587"
"chr1","23662389","23662676","JH378197","7307662","7307958","45","16354727"
"chr1","23690924","23691205","JH378152","15641427","15641717","59","8049497"
"chr1","23729448","23729517","JH378133","17626915","17626990","10","6102533"
"chr1","23733997","23734289","JH378133","17631496","17631775","29","6102501"
"chr1","23777149","23777468","JH378136","653740","654064","26","23123409"
"chr1","23794626","23794936","JH378146","13530401","13530710","45","10264225"
"chr1","23853042","23853179","JH378137","19861740","19861876","22","3991302"
"chr1","23949960","23950241","JH378133","17808037","17808320","20","6141923"
"chr1","23983903","23984173","JH378133","17838300","17838574","30","6145603"
"chr1","24082064","24082348","JH378133","17924997","17925280","32","6157067"
"chr1","24231459","24231469","JH378115","1363798","1363808","1","22867661"
"chr1","24231647","24231894","JH378118","13236753","13237009","58","10994894"
"chr1","24249842","24250126","JH378133","18082896","18083180","24","6166946"
"chr1","24254463","24254753","JH378133","18087343","18087632","20","6167120"
"chr1","24426731","24426998","JH378133","18255404","18255668","25","6171327"
"chr1","24435440","24435734","JH378123","17426288","17426580","46","7009152"
"chr1","24455224","24455516","JH378115","35608883","35609174","43","11153659"
"chr1","24515606","24515915","JH378133","18340249","18340547","43","6175357"
"chr1","24531359","24531662","JH378133","18354932","18355243","33","6176427"
"chr1","24539543","24539849","JH378133","18363384","18363693","33","6176159"
"chr1","24639964","24640041","JH378133","18459193","18459276","13","6180771"
"chr1","24640066","24640247","JH378133","18459299","18459465","29","6180767"
"chr1","24751672","24751965","JH378122","34890","35182","54","24716782"
"chr1","24867499","24867826","JH378133","18670472","18670805","25","6197027"
"chr1","25022236","25022545","JH378133","18826549","18826863","35","6195687"
"chr1","25029638","25029904","JH378133","18833464","18833730","20","6196174"
"chr1","25070072","25070362","JH378133","18872511","18872811","35","6197561"
"chr1","25176806","25177103","JH378114","32115564","32115863","25","6938758"
"chr1","25177127","25177138","JH378114","31644949","31644960","1","6467822"
"chr1","25181547","25181846","JH378133","18978428","18978734","33","6203119"
"chr1","25236312","25236623","JH378133","19034053","19034352","34","6202259"
"chr1","25248353","25248649","JH378133","19045736","19046020","43","6202617"
"chr1","25255306","25255592","JH378133","19052994","19053285","32","6202312"
"chr1","25257893","25258171","JH378342","13421","13701","45","25244472"
"chr1","25359455","25359751","JH378133","19138621","19138925","35","6220834"
"chr1","25465531","25465829","JH378133","19230387","19230672","31","6235144"
"chr1","25466095","25466194","JH378232","865560","865657","14","24600535"
"chr1","25514286","25514591","JH378133","19277591","19277896","23","6236695"
"chr1","25532297","25532512","JH378133","19294212","19294449","38","6238085"
"chr1","25564764","25565069","JH378133","19324949","19325252","31","6239815"
"chr1","25572779","25573059","JH378133","19333105","19333385","14","6239674"
"chr1","25573659","25573967","JH378133","19334042","19334347","23","6239617"
"chr1","25655373","25655662","JH378133","19414256","19414534","37","6241117"
"chr1","25660571","25660878","JH378133","19419369","19419680","36","6241202"
"chr1","25717531","25717788","JH378133","19468549","19468807","32","6248982"
"chr1","25795703","25795838","JH378153","12086314","12086447","14","13709389"
"chr1","25796143","25796315","JH378144","18220380","18220550","30","7575763"
"chr1","25801093","25801216","JH378151","9860291","9860417","12","15940802"
"chr1","25826484","25826765","JH378133","19574760","19575055","35","6251724"
"chr1","25870981","25871272","JH378157","5994497","5994793","41","19876484"
"chr1","25938701","25939022","JH378133","19678025","19678331","41","6260676"
"chr1","25940265","25940575","JH378133","19679307","19679610","15","6260958"
"chr1","25955887","25956182","JH378133","19694515","19694805","19","6261372"
"chr1","25963856","25964155","JH378133","19704410","19704701","26","6259446"
"chr1","25966228","25966520","JH378133","19706793","19707076","28","6259435"
"chr1","26005316","26005474","JH378112","12383991","12384154","23","13621325"
"chr1","26005758","26005893","JH378151","1007392","1007527","29","24998366"
"chr1","26014545","26014834","JH378133","19756156","19756459","31","6258389"
"chr1","26029065","26029352","JH378133","19771492","19771795","34","6257573"
"chr1","26036917","26037052","JH378152","6133430","6133567","16","19903487"
"chr1","26053885","26054169","JH378133","19793762","19794052","31","6260123"
"chr1","26055091","26055279","JH378133","19794959","19795149","16","6260132"
"chr1","26075279","26075442","JH378235","3297473","3297638","35","22777806"
"chr1","26075749","26075882","JH378162","5926769","5926904","17","20148980"
"chr1","26080651","26080922","JH378122","5558871","5559151","45","20521780"
"chr1","26136158","26136450","JH378133","19866219","19866511","23","6269939"
"chr1","26182457","26182740","JH378111","42211665","42211947","49","16029208"
"chr1","26246091","26246383","JH378133","19969443","19969740","17","6276648"
"chr1","26262063","26262360","JH378133","19986238","19986533","51","6275825"
"chr1","26319827","26320120","JH378133","20025193","20025486","12","6294634"
"chr1","26392497","26392730","JH378133","20084598","20084832","15","6307899"
"chr1","26406289","26406581","JH378133","20098069","20098366","21","6308220"
"chr1","26457033","26457347","JH378133","20150768","20151083","21","6306265"
"chr1","26477444","26477617","JH378133","20170776","20170957","20","6306668"
"chr1","26505209","26505331","JH378133","20198203","20198324","13","6307006"
"chr1","26642201","26642498","JH378181","2480594","2480887","52","24161607"
"chr1","26663403","26663704","JH378191","3552038","3552333","50","23111365"
"chr1","26679764","26679948","JH378113","4179982","4180166","28","22499782"
"chr1","26723974","26724283","JH378133","20414883","20415191","21","6309091"
"chr1","26725255","26725551","JH378133","20416302","20416580","31","6308953"
"chr1","26923567","26923862","JH378133","20608874","20609172","22","6314693"
"chr1","26947881","26948178","JH378151","9361004","9361312","52","17586877"
"chr1","26990410","26990699","JH378133","20670935","20671218","25","6319475"
"chr1","27079150","27079437","JH378139","10108947","10109232","44","16970203"
"chr1","27106849","27106940","JH378107","33179315","33179406","13","6072466"
"chr1","27110306","27110593","JH378133","20790253","20790537","38","6320053"
"chr1","27197174","27197432","JH378133","20864516","20864746","41","6332658"
"chr1","27230776","27230886","JH378179","1801175","1801287","26","25429601"
"chr1","27301393","27301686","JH378133","20956663","20956959","32","6344730"
"chr1","27382006","27382203","JH378143","18602699","18602892","32","8779307"
"chr1","27491732","27491875","JH378111","16176975","16177113","30","11314757"
"chr1","27494445","27494743","JH378197","3262985","3263286","52","24231460"
"chr1","27504741","27504917","JH378187","2613645","2613821","33","24891096"
"chr1","27507259","27507555","JH378133","21145541","21145840","29","6361718"
"chr1","27619783","27620085","JH378135","11603335","11603639","51","16016448"
"chr1","27640963","27641228","JH378137","19830013","19830278","39","7810950"
"chr1","27681692","27681982","JH378133","21305359","21305665","34","6376333"
"chr1","27777584","27777858","JH378124","3479581","3479868","52","24298003"
"chr1","27778855","27779006","JH378136","12698515","12698674","33","15080340"
"chr1","27821368","27821632","JH378133","21435207","21435467","39","6386161"
"chr1","27842080","27842373","JH378133","21454759","21455071","34","6387321"
"chr1","27905646","27905844","JH378129","14498575","14498771","39","13407071"
"chr1","27905845","27906140","JH378133","21516115","21516414","20","6389730"
"chr1","27907499","27907797","JH378133","21517764","21518056","26","6389735"
"chr1","27936108","27936420","JH378149","16466100","16466409","48","11470008"
"chr1","27940900","27940950","JH378133","21540372","21540422","2","6400528"
"chr1","27958716","27958845","JH378108","42535562","42535690","9","14576846"
"chr1","27964692","27964990","JH378110","40475724","40476019","36","12511032"
"chr1","27966991","27967281","JH378133","21562791","21563091","46","6404200"
"chr1","27970721","27970886","JH378108","34939801","34939970","37","6969080"
"chr1","27991980","27992277","JH378133","21585515","21585803","28","6406465"
"chr1","28006181","28006509","JH378141","11223933","11224221","88","16782248"
"chr1","28012394","28012662","JH378133","21606056","21606329","30","6406338"
"chr1","28017871","28018162","JH378133","21609799","21610078","38","6408072"
"chr1","28022309","28022602","JH378133","21614318","21614619","26","6407991"
"chr1","28028303","28028365","JH378244","4479711","4479775","8","23548592"
"chr1","28028600","28028896","JH378133","21619984","21620282","37","6408616"
"chr1","28035960","28036247","JH378133","21626608","21626911","34","6409352"
"chr1","28036248","28036383","JH378133","21626912","21627047","10","6409336"
"chr1","28094689","28094982","JH378133","21682956","21683252","21","6411733"
"chr1","28109793","28110041","JH378133","21697613","21697877","29","6412180"
"chr1","28161138","28161424","JH378175","3112597","3112878","51","25048541"
"chr1","28223677","28223969","JH378108","45680641","45680936","50","17456964"
"chr1","28226648","28226923","JH378133","21803483","21803757","31","6423165"
"chr1","28227341","28227644","JH378133","21804192","21804505","29","6423149"
"chr1","28231466","28231765","JH378133","21808044","21808352","40","6423422"
"chr1","28371111","28371411","JH378150","8221824","8222126","48","20149287"
"chr1","28415520","28415804","JH378118","13069418","13069705","49","15346102"
"chr1","28453299","28453463","JH378278","3049371","3049542","32","25403928"
"chr1","28476782","28477076","JH378127","15238050","15238349","45","13238732"
"chr1","28481819","28482113","JH378133","22081479","22081777","26","6400340"
"chr1","28522156","28522437","JH378133","22121681","22121954","52","6400475"
"chr1","28567373","28567687","JH378133","22162126","22162426","36","6405247"
"chr1","28571280","28571575","JH378133","22165102","22165403","27","6406178"
"chr1","28590294","28590552","JH378133","22180676","22180933","14","6409618"
"chr1","28596435","28596723","JH378118","16534448","16534737","45","12061987"
"chr1","28603697","28603985","JH378133","22197486","22197769","17","6406211"
"chr1","28606744","28607013","JH378133","22200496","22200774","31","6406248"
"chr1","28693744","28694005","JH378186","1335315","1335581","44","27358429"
"chr1","28697541","28697665","JH378108","49889818","49889949","19","21192277"
"chr1","28697698","28697986","JH378135","809556","809847","41","27888142"
"chr1","28701260","28701564","JH378133","22284712","22285018","27","6416548"
"chr1","28702577","28702840","JH378112","21610113","21610379","45","7092464"
"chr1","28702852","28703170","JH378113","16899821","16900128","51","11803031"
"chr1","28739706","28739833","JH378140","4773388","4773515","5","23966318"
"chr1","28788124","28788419","JH378133","22366844","22367138","23","6421280"
"chr1","28814881","28815176","JH378105","23006756","23007055","38","5808125"
"chr1","28831035","28831147","JH378111","21494713","21494831","29","7336322"
"chr1","28831183","28831268","JH378145","10748940","10749021","23","18082243"
"chr1","28833454","28833577","JH378135","18705359","18705484","20","10128095"
"chr1","28849873","28850163","JH378133","22413670","22413954","26","6436203"
"chr1","28889836","28890148","JH378157","8571438","8571749","55","20318398"
"chr1","28982230","28982533","JH378113","30186525","30186827","38","1204295"
"chr1","29099281","29099569","JH378152","14175576","14175864","43","14923705"
"chr1","29218074","29218266","JH378133","22740877","22741073","15","6477197"
"chr1","29218287","29218580","JH378133","22741094","22741403","33","6477193"
"chr1","29232532","29232821","JH378123","17426288","17426580","46","11806244"
"chr1","29351763","29352008","JH378122","10121923","10122181","62","19229840"
"chr1","29364138","29364449","JH378133","22904430","22904741","32","6459708"
"chr1","29374159","29374435","JH378133","22915117","22915384","35","6459042"
"chr1","29381021","29381334","JH378133","22919421","22919710","45","6461600"
"chr1","29404525","29404643","JH378131","11385898","11386019","35","18018627"
"chr1","29407041","29407347","JH378133","22943873","22944177","26","6463168"
"chr1","29464991","29465291","JH378133","22986853","22987152","12","6478138"
"chr1","29472225","29472465","JH378186","2036606","2036825","45","27435619"
"chr1","29483570","29483803","JH378133","23004293","23004531","35","6479277"
"chr1","29487139","29487295","JH378149","3025619","3025766","32","26461520"
"chr1","29493144","29493448","JH378129","7565116","7565410","43","21928028"
"chr1","29498253","29498421","JH378135","4630707","4630870","38","24867546"
"chr1","29498733","29498810","JH378156","2923756","2923830","9","26574977"
"chr1","29506162","29506441","JH378133","23024156","23024426","32","6482006"
"chr1","29509366","29509686","JH378252","3451995","3452319","26","26057371"
"chr1","29510346","29510644","JH378133","23036431","23036728","30","6473915"
"chr1","29514865","29515147","JH378116","281686","281966","34","29233179"
"chr1","29532921","29533156","JH378174","581991","582222","34","28950930"
"chr1","29534943","29535219","JH378133","23061411","23061712","43","6473532"
"chr1","29542412","29542688","JH378214","3481518","3481788","45","26060894"
"chr1","29599637","29599806","JH378117","16340851","16341018","29","13258786"
"chr1","29600750","29601049","JH378221","6855118","6855418","22","22745632"
"chr1","29604218","29604522","JH378221","6860993","6861298","31","22743225"
"chr1","29628103","29628387","JH378108","44043037","44043322","29","14414934"
"chr1","29876859","29877156","JH378137","15945743","15946041","49","13931116"
"chr1","30028732","30028936","JH378182","10416610","10416801","41","19612122"
"chr1","30029235","30029349","JH378107","28310113","28310229","17","1719122"
"chr1","30200612","30200901","JH378147","5132831","5133133","31","25067781"
"chr1","30205373","30205669","JH378147","5137620","5137923","31","25067753"
"chr1","30286851","30287167","JH378188","7761116","7761424","69","22525735"
"chr1","30479210","30479378","JH378141","12248128","12248298","36","18231082"
"chr1","30503154","30503283","JH378164","10797410","10797538","23","19705744"
"chr1","30558792","30559089","JH378147","5497544","5497844","35","25061248"
"chr1","30574476","30574726","JH378105","46426600","46426862","45","15852124"
"chr1","30621813","30622099","JH378147","5562993","5563278","17","25058820"
"chr1","30665028","30665252","JH378147","5606083","5606297","24","25058945"
"chr1","30809229","30809485","JH378136","15230801","15231050","47","15578428"
"chr1","30869097","30869393","JH378147","5800589","5800890","21","25068508"
"chr1","30896347","30896648","JH378147","5828413","5828713","23","25067934"
"chr1","31036468","31036576","JH378106","42600103","42600214","12","11563635"
"chr1","31099058","31099143","JH378281","81774","81860","12","31017284"
"chr1","31116961","31117096","JH378167","9409595","9409730","24","21707366"
"chr1","31160865","31160981","JH378147","6063697","6063814","14","25097168"
"chr1","31161006","31161179","JH378147","6063839","6064016","28","25097167"
"chr1","31162672","31162986","JH378147","6065525","6065836","24","25097147"
"chr1","31189046","31189326","JH378116","281686","281966","46","30907360"
"chr1","31223630","31223922","JH378105","23703345","23703632","31","7520285"
"chr1","31394176","31394459","JH378147","6265080","6265364","25","25129096"
"chr1","31530758","31531027","JH378147","6395330","6395605","37","25135428"
"chr1","31533230","31533529","JH378147","6397795","6398102","38","25135435"
"chr1","31542073","31542373","JH378147","6406155","6406475","53","25135918"
"chr1","31600993","31601170","JH378144","5232815","5232989","48","26368178"
"chr1","31601180","31601457","JH378170","3844028","3844323","46","27757152"
"chr1","31684155","31684448","JH378147","6544916","6545191","44","25139239"
"chr1","32216720","32217020","JH378147","6998363","6998664","40","25218357"
"chr1","32264413","32264720","JH378147","7044418","7044706","33","25219995"
"chr1","32265448","32265739","JH378184","8034099","8034395","52","24231349"
"chr1","32364510","32364558","JH378147","7110817","7110865","3","25253693"
"chr1","32385127","32385249","JH378108","52539571","52539694","7","20154444"
"chr1","32421225","32421376","JH378147","7165786","7165937","9","25255439"
"chr1","32456933","32457229","JH378110","15286564","15286871","59","17170369"
"chr1","32560110","32560405","JH378147","7295396","7295710","35","25264714"
"chr1","32616107","32616234","JH378147","7347849","7347982","17","25268258"
"chr1","32620007","32620263","JH378157","7351977","7352226","49","25268030"
"chr1","32624729","32625000","JH378147","7355977","7356250","25","25268752"
"chr1","32715725","32716019","JH378147","7455305","7455600","23","25260420"
"chr1","32955396","32955619","JH378234","3581421","3581632","48","29373975"
"chr1","33157066","33157374","JH378113","16899821","16900128","54","16257245"
"chr1","33209304","33209555","JH378195","5464575","5464835","53","27744729"
"chr1","33244880","33245161","JH378147","7926415","7926713","41","25318465"
"chr1","33262903","33263198","JH378147","7944066","7944350","32","25318837"
"chr1","33404585","33404894","JH378147","8075935","8076240","22","25328650"
"chr1","33473524","33473658","JH378199","5273997","5274132","18","28199527"
"chr1","33473659","33473956","JH378123","17426288","17426580","40","16047371"
"chr1","33473957","33474107","JH378147","8104537","8104701","26","25369420"
"chr1","33484246","33484375","JH378139","10348967","10349097","19","23135279"
"chr1","33484662","33484824","JH378123","29801095","29801268","30","3683567"
"chr1","33515761","33516051","JH378147","8141520","8141818","30","25374241"
"chr1","33545600","33545888","JH378147","8165591","8165895","43","25380009"
"chr1","33714663","33714967","JH378147","8303956","8304244","37","25410707"
"chr1","33906542","33906823","JH378147","8458390","8458672","17","25448152"
"chr1","33959330","33959618","JH378147","8511858","8512146","14","25447472"
"chr1","34066180","34066469","JH378147","8605431","8605728","26","25460749"
"chr1","34131098","34131373","JH378229","2608079","2608357","47","31523019"
"chr1","34148590","34148907","JH378145","6702811","6703120","53","27445779"
"chr1","34153104","34153204","JH378113","29987738","29987815","33","4165366"
"chr1","34155362","34155620","JH378157","634508","634775","61","33520854"
"chr1","34167389","34167622","JH378119","28454572","28454799","37","5712817"
"chr1","34168215","34168393","JH378113","3860795","3860963","42","30307420"
"chr1","34176355","34176645","JH378131","13829956","13830250","48","20346399"
"chr1","34176660","34176897","JH378108","38114167","38114404","46","3937507"
"chr1","34192257","34192517","JH378116","20281235","20281502","53","13911022"
"chr1","34209904","34210043","JH378122","5811254","5811392","20","28398650"
"chr1","34213708","34214001","JH378147","8729575","8729887","46","25484133"
"chr1","34222228","34222501","JH378129","7345761","7346037","49","26876467"
"chr1","34227681","34227985","JH378147","8742113","8742423","33","25485568"
"chr1","34238532","34238808","JH378147","8752157","8752433","23","25486375"
"chr1","34243935","34244030","JH378147","8757366","8757468","13","25486569"
"chr1","34247694","34247773","JH378157","10499098","10499174","19","23748596"
"chr1","34279818","34279987","JH378147","8791488","8791669","33","25488330"
"chr1","34288763","34288894","JH378105","71522873","71523001","14","37234110"
"chr1","34296798","34296931","JH378190","5289763","5289897","9","29007035"
"chr1","34300534","34300783","JH378147","8808070","8808322","27","25492464"
"chr1","34308572","34308650","JH378193","8887379","8887463","14","25421193"
"chr1","34313145","34313441","JH378110","39046234","39046532","40","4733089"
"chr1","34333058","34333277","JH378262","3707717","3707928","32","30625341"
"chr1","34334143","34334202","JH378141","13231409","13231467","16","21102734"
"chr1","34361394","34361469","JH378168","1696877","1696948","17","32664517"
"chr1","34361952","34362166","JH378109","32766714","32766944","49","1595238"
"chr1","34371329","34371650","JH378227","4750799","4751093","65","29620530"
"chr1","34373258","34373543","JH378147","8882359","8882644","24","25490899"
"chr1","34378519","34378825","JH378147","8887546","8887851","39","25490973"
"chr1","34445460","34445595","JH378147","8947669","8947810","14","25497791"
"chr1","34490130","34490439","JH378147","8988506","8988814","34","25501624"
"chr1","34622361","34622667","JH378154","3123912","3124217","53","31498449"
"chr1","34700550","34700820","JH378147","9187750","9188000","39","25512800"
"chr1","34742386","34742503","JH378153","918971","919087","12","33823415"
"chr1","34824026","34824300","JH378147","9304797","9305071","20","25519229"
"chr1","34957718","34958011","JH378147","9417035","9417337","32","25540683"
"chr1","35038564","35038791","JH378146","15406004","15406235","46","19632560"
"chr1","35039343","35039461","JH378137","15569769","15569887","17","19469574"
"chr1","35040748","35040920","JH378139","19870123","19870301","34","15170625"
"chr1","35078950","35079079","JH378220","3989209","3989341","18","31089741"
"chr1","35107580","35107875","JH378150","15722688","15722983","53","19384892"
"chr1","35108118","35108251","JH378147","9557947","9558081","15","25550171"
"chr1","35294174","35294461","JH378147","9733187","9733475","15","25560987"
"chr1","35347628","35347931","JH378121","22952646","22952952","53","12394982"
"chr1","35399716","35400007","JH378143","9239987","9240282","51","26159729"
"chr1","35436104","35436221","JH378147","9851315","9851428","11","25584789"
"chr1","35496106","35496400","JH378147","9925623","9925923","24","25570483"
"chr1","35605572","35605804","JH378147","10023802","10024020","30","25581770"
"chr1","35729481","35729787","JH378147","10118181","10118492","36","25611300"
"chr1","35768895","35769194","JH378147","10156451","10156753","29","25612444"
"chr1","35990800","35990891","JH378114","36517465","36517558","16","526665"
"chr1","36078763","36079064","JH378147","10429434","10429742","27","25649329"
"chr1","36115802","36116004","JH378147","10467308","10467506","22","25648494"
"chr1","36141635","36141728","JH378147","10492314","10492407","8","25649321"
"chr1","36142044","36142241","JH378147","10492715","10492888","35","25649329"
"chr1","36162072","36162358","JH378147","10512633","10512932","33","25649439"
"chr1","36163899","36164014","JH378165","11439612","11439728","13","24724287"
"chr1","36204055","36204275","JH378124","1853138","1853367","47","34350917"
"chr1","36204535","36204626","JH378148","16432357","16432449","10","19772178"
"chr1","36206260","36206557","JH378147","10556703","10556976","47","25649557"
"chr1","36268493","36268608","JH378151","9547783","9547893","25","26720710"
"chr1","36268652","36268795","JH378188","1406472","1406614","26","34862180"
