"chr1","2410730","2411378","chr2","56197513","56197916","306","53786783"
"chr1","6574034","6574689","chr3","41973981","41974377","318","35399947"
"chr1","11952935","11953561","chr2","56197513","56197916","267","44244578"
"chr1","14348092","14348443","chr9","63290124","63290462","78","48942032"
"chr1","19929070","19929693","chr2","56197513","56197916","280","36268443"
"chr1","23465610","23466189","chr16","65086186","65086569","258","41620576"
"chr1","23636049","23636937","chr19","17108144","17108542","528","6527905"
"chr1","23685330","23685958","chr10","80210705","80211090","292","56525375"
"chr1","26331206","26331784","chr2","56197513","56197916","247","29866307"
"chr1","26902486","26902813","chr1","143759236","143759528","57","116856750"
"chr1","26939946","26940558","chr2","56197513","56197916","317","29257567"
"chr1","28257482","28257833","chr1","145153559","145153869","60","116896077"
"chr1","42946162","42946835","chr4","37827227","37827612","334","5118935"
"chr1","43479231","43479540","chr3","13433302","13433570","100","30045929"
"chr1","44391959","44392545","chr2","56197513","56197916","243","11805554"
"chr1","47559710","47560298","chr2","56197513","56197916","249","8637803"
"chr1","47601853","47602451","chr2","56197513","56197916","265","8595660"
"chr1","49447883","49448483","chr2","56197513","56197916","267","6749630"
"chr1","51468215","51468794","chr2","56197513","56197916","245","4729298"
"chr1","69289877","69290120","chr3","15198632","15198809","108","54091245"
"chr1","71011625","71012557","chr2","56197513","56197916","558","14814112"
"chr1","71446500","71447071","chr7","42471656","42472044","263","28974844"
"chr1","73531914","73532244","chr1","190965542","190965849","50","117433628"
"chr1","85052413","85052715","chr16","61929180","61929465","73","23123233"
"chr1","87707238","87707831","chr16","65086186","65086569","292","22621052"
"chr1","89646703","89647295","chr16","7248329","7248715","278","82398374"
"chr1","91493647","91493979","chr2","48972681","48972949","110","42520966"
"chr1","94776289","94776895","chr2","56197513","56197916","253","38578776"
"chr1","95167539","95168019","chr3","41973981","41974377","188","53193558"
"chr1","95494129","95495456","chr19","38786263","38786668","934","56707866"
"chr1","95758302","95759399","chr2","56197513","56197916","722","39560789"
"chr1","96431583","96432412","chr19","38786263","38786668","482","57645320"
"chr1","96438284","96439280","chr19","38786263","38786668","620","57652021"
"chr1","96522978","96523562","chr10","80210705","80211090","266","16312273"
"chr1","96530610","96531212","chr2","56197513","56197916","266","40333097"
"chr1","96638649","96639254","chr2","56197513","56197916","270","40441136"
"chr1","96808138","96808755","chr2","56197513","56197916","281","40610625"
"chr1","97060434","97061040","chr2","56197513","56197916","268","40862921"
"chr1","97490797","97491117","chr1","127849090","127849393","41","30358293"
"chr1","98926620","98926962","chr1","126411028","126411342","47","27484408"
"chr1","99328731","99329529","chr2","56197513","56197916","431","43131218"
"chr1","100355876","100356781","chr2","56197513","56197916","536","44158363"
"chr1","101455052","101455670","chr3","41973981","41974377","293","59481071"
"chr1","103980841","103981432","chr2","56197513","56197916","273","47783328"
"chr1","105658508","105659144","chr10","80210705","80211090","297","25447803"
"chr1","110371305","110371629","chr6","75846910","75847229","70","34524395"
"chr1","112305673","112306263","chr2","56197513","56197916","257","56108160"
"chr1","114305570","114306179","chr2","56197513","56197916","270","58108057"
"chr1","119613805","119614404","chr2","56197513","56197916","266","63416292"
"chr1","129756329","129756650","chr13","75747794","75748093","71","54008535"
"chr1","129915766","129916240","chr5","139158882","139159268","201","9243116"
"chr1","132400658","132401034","chr12","57773615","57773948","145","74627043"
"chr1","132626008","132626600","chr2","56197513","56197916","273","76428495"
"chr1","133989408","133990029","chr2","56197513","56197916","274","77791895"
"chr1","134940119","134941205","chr19","38786263","38786668","710","96153856"
"chr1","136043029","136043936","chr19","38786263","38786668","546","97256766"
"chr1","148086022","148086619","chr2","56197513","56197916","254","91888509"
"chr1","165002609","165003234","chr19","38786263","38786668","302","126216346"
"chr1","165310255","165310846","chr2","56197513","56197916","262","109112742"
"chr1","165888860","165889436","chr17","88161697","88162080","279","77727163"
"chr1","169802855","169803175","chr1","57405362","57405665","42","112397493"
"chr1","173117603","173118237","chr2","56197513","56197916","303","116920090"
"chr1","173410678","173411289","chr2","56197513","56197916","279","117213165"
"chr1","175028590","175029200","chr3","41973981","41974377","275","133054609"
"chr1","175332034","175332580","chrX","6165325","6165699","237","169166709"
"chr1","175387373","175387681","chrX","9004597","9004893","51","166382776"
"chr1","175411073","175411390","chr1","51808558","51808825","60","123602515"
"chr1","176622099","176622689","chr16","7248329","7248715","271","169373770"
"chr1","180343474","180344726","chr2","56197513","56197916","865","124145961"
"chr1","181394207","181394840","chr19","38786263","38786668","292","142607944"
"chr1","181866186","181866796","chr2","56197513","56197916","263","125668673"
"chr1","182213154","182213759","chr2","56197513","56197916","259","126015641"
"chr1","182959585","182959994","chr2","75443556","75443865","146","107516029"
"chr1","184328319","184328914","chr2","56197513","56197916","269","128130806"
"chr1","184850304","184850916","chr2","56197513","56197916","268","128652791"
"chr1","184872760","184873379","chr2","56197513","56197916","288","128675247"
"chr1","187646339","187646955","chr2","56197513","56197916","281","131448826"
"chr1","187914265","187914877","chr2","56197513","56197916","276","131716752"
"chr1","188830095","188830712","chr19","38786263","38786668","304","150043832"
"chr1","191780175","191780780","chr19","17108144","17108542","279","174672031"
"chr1","192754961","192755538","chr2","56197513","56197916","249","136557448"
"chr1","193015320","193015659","chrX","95469085","95469419","84","97546235"
"chr1","195268434","195269060","chr7","42471656","42472044","292","152796778"
"chr1","195396645","195397251","chr16","7248329","7248715","275","188148316"
"chr1","195541097","195541716","chr4","37827227","37827612","289","157713870"
"chr1","196162981","196163566","chr2","56197513","56197916","271","139965468"
"chr1","196789665","196790279","chr10","80210705","80211090","280","116578960"
"chr1","198963168","198963795","chr2","56197513","56197916","288","142765655"
"chr1","199454772","199455320","chr2","56197513","56197916","218","143257259"
"chr1","200680190","200680745","chr2","56197513","56197916","222","144482677"
"chr1","201434143","201434770","chr19","38786263","38786668","284","162647880"
"chr1","201615160","201616027","chr2","56197513","56197916","503","145417647"
"chr1","201829476","201830092","chr2","56197513","56197916","275","145631963"
"chr1","202119144","202119742","chr7","42471656","42472044","274","159647488"
"chr1","203331823","203332428","chr2","56197513","56197916","267","147134310"
"chr1","203869523","203870173","chr2","56197513","56197916","324","147672010"
"chr1","205013128","205013490","chr7","21228603","21228953","82","183784525"
"chr1","206368556","206369171","chr2","56197513","56197916","286","150171043"
"chr1","206629127","206629747","chr2","56197513","56197916","284","150431614"
"chr1","206814828","206815445","chr10","80210705","80211090","279","126604123"
"chr1","207385119","207385670","chr2","56197513","56197916","235","151187606"
"chr1","207697520","207698124","chr2","56197513","56197916","267","151500007"
"chr1","209437165","209437792","chr3","41973981","41974377","296","167463184"
"chr1","210766569","210767173","chr2","56197513","56197916","266","154569056"
"chr1","212075896","212076478","chr16","7248329","7248715","244","204827567"
"chr1","212104405","212104715","chr20","20636743","20637053","72","191467662"
"chr1","212629770","212630322","chr4","37827227","37827612","242","174802543"
"chr1","216091928","216092848","chr2","56197513","56197916","546","159894415"
"chr1","216626043","216626367","chr1","11311853","11312163","34","205314190"
"chr1","216630301","216630910","chr16","7248329","7248715","287","209381972"
"chr1","216885243","216885644","chr1","19696566","19696920","106","197188677"
"chr1","218748404","218748980","chr4","37827227","37827612","253","180921177"
"chr1","218772610","218773787","chr2","56197513","56197916","787","162575097"
"chr1","219141259","219141890","chr16","7248329","7248715","292","211892930"
"chr1","222178628","222179042","chr5","165127188","165127537","150","57051440"
"chr1","226673029","226673634","chr9","108003051","108003431","281","118669978"
"chr1","227069874","227070485","chr2","56197513","56197916","287","170872361"
"chr3","280441","281031","chr2","56197513","56197916","255","55917072"
"chr3","5102794","5104444","chr2","56197513","56197916","1248","51094719"
"chr3","5478084","5478700","chr3","41973981","41974377","287","36495897"
"chr3","7282738","7283347","chr2","56197513","56197916","272","48914775"
"chr3","7681303","7681978","chr2","56197513","56197916","336","48516210"
"chr3","8609898","8610771","chr2","56197513","56197916","507","47587615"
"chr3","12617054","12617977","chr19","38786263","38786668","562","26169209"
"chr3","12896779","12897191","chr16","22374308","22374661","120","9477529"
"chr3","24330181","24330787","chr10","80210705","80211090","268","55880524"
"chr3","24739144","24739725","chr2","56197513","56197916","257","31458369"
"chr3","26904911","26905612","chr2","56197513","56197916","366","29292602"
"chr3","28756331","28756916","chr2","56197513","56197916","253","27441182"
"chr3","55843665","55844312","chr2","56197513","56197916","308","353848"
"chr3","57232820","57233142","chr2","57583255","57583566","43","350435"
"chr3","63012875","63013187","chr13","38989897","38990210","55","24022978"
"chr3","64629801","64630138","chr2","65068953","65069272","52","439152"
"chr3","68544179","68544760","chr2","56197513","56197916","250","12346666"
"chr3","76729160","76729775","chr2","56197513","56197916","266","20531647"
"chr3","79467960","79468563","chr2","56197513","56197916","264","23270447"
"chr3","79737348","79737947","chr2","56197513","56197916","270","23539835"
"chr3","83319209","83319669","chr20","41160604","41160954","178","42158605"
"chr3","83525943","83526282","chr13","73685334","73685669","54","9840609"
"chr3","83794040","83794960","chr2","56197513","56197916","545","27596527"
"chr3","84674259","84674889","chr9","108003051","108003431","285","23328792"
"chr3","84932445","84933049","chr19","38786263","38786668","267","46146182"
"chr3","88518359","88518957","chr2","56197513","56197916","262","32320846"
"chr3","89647525","89648146","chr16","7248329","7248715","285","82399196"
"chr3","91577193","91577783","chr2","56197513","56197916","251","35379680"
"chr3","92710074","92711046","chr2","56197513","56197916","596","36512561"
"chr3","92979831","92980422","chr10","80210705","80211090","276","12769126"
"chr3","92988718","92989944","chr19","38786263","38786668","833","54202455"
"chr3","93060297","93061161","chr2","56197513","56197916","510","36862784"
"chr3","93064114","93064553","chr3","41973981","41974377","205","51090133"
"chr3","93184558","93185152","chr2","56197513","56197916","263","36987045"
"chr3","94402898","94403451","chr4","156047436","156047808","238","61644538"
"chr3","94679864","94680182","chr15","100692525","100692850","61","6012661"
"chr3","94811927","94812543","chr2","56197513","56197916","274","38614414"
"chr3","94879537","94880129","chr2","56197513","56197916","256","38682024"
"chr3","99177513","99177849","chr2","99876183","99876489","53","698670"
"chr3","103434788","103435439","chr7","42471656","42472044","321","60963132"
"chr3","104990713","104991340","chr9","43654567","43654946","290","61336146"
"chr3","109050552","109051129","chr8","4020595","4020952","269","105029957"
"chr3","112111830","112112162","chr10","86522413","86522740","60","25589417"
"chr3","116365510","116365990","chr9","43654567","43654946","175","72710943"
"chr3","118853923","118854510","chr2","56197513","56197916","261","62656410"
"chr3","126728685","126729017","chr5","188223002","188223329","60","61494317"
"chr3","132218852","132219174","chr2","166793197","166793495","49","34574345"
"chr3","134166704","134166978","chr15","50642781","50643047","66","83523923"
"chr3","135226112","135226739","chr7","42471656","42472044","291","92754456"
"chr3","135949146","135949749","chr2","56197513","56197916","264","79751633"
"chr3","138135297","138136217","chr19","38786263","38786668","558","99349034"
"chr3","139417867","139418481","chr16","7248329","7248715","276","132169538"
"chr3","141014637","141015234","chr2","56197513","56197916","258","84817124"
"chr3","149536295","149537968","chr19","38786263","38786668","1269","110750032"
"chr3","155088501","155088829","chr13","38942611","38942936","71","116145890"
"chr3","159740107","159740446","chr6","129195575","129195853","116","30544532"
"chr3","167884713","167885322","chr9","108003051","108003431","269","59881662"
"chr3","168003152","168003746","chr2","56197513","56197916","263","111805639"
"chr3","178604744","178605626","chr2","56197513","56197916","508","122407231"
"chr3","181834053","181834540","chr4","37827227","37827612","172","144006826"
"chr3","183470697","183471314","chr2","56197513","56197916","283","127273184"
"chr3","183518340","183518892","chr4","156047436","156047808","237","27470904"
"chr3","183745388","183745990","chr2","56197513","56197916","273","127547875"
"chr4","1682981","1683595","chr2","56197513","56197916","283","54514532"
"chr4","3103453","3104375","chr2","56197513","56197916","549","53094060"
"chr4","3503925","3504456","chr2","56197513","56197916","205","52693588"
"chr4","5328626","5328948","chr5","7839782","7840082","44","2511156"
"chr4","6148275","6148738","chr16","65086186","65086569","223","58937911"
"chr4","6269177","6269739","chr2","56197513","56197916","250","49928336"
"chr4","10585254","10585601","chr16","30324685","30325032","78","19739431"
"chr4","16725769","16726120","chr1","11032076","11032396","78","5693693"
"chr4","24909257","24909626","chr2","108187394","108187726","83","83278137"
"chr4","25361475","25361788","chr5","25507021","25507319","47","145546"
"chr4","25516725","25517018","chr16","57756126","57756430","63","32239401"
"chr4","25604861","25605493","chr3","41973981","41974377","297","16369120"
"chr4","35938110","35938411","chr9","28714595","28714880","84","7223515"
"chr4","37944095","37945478","chr19","38786263","38786668","991","842168"
"chr4","39007850","39009250","chr19","38786263","38786668","1004","221587"
"chr4","39114716","39115309","chr2","56197513","56197916","262","17082797"
"chr4","40007660","40008261","chr3","41973981","41974377","276","1966321"
"chr4","40179656","40180249","chr7","42471656","42472044","271","2292000"
"chr4","40461397","40461977","chr2","56197513","56197916","243","15736116"
"chr4","48422404","48422970","chr2","56197513","56197916","233","7775109"
"chr4","52244164","52244597","chr5","69208148","69208452","147","16963984"
"chr4","56029998","56030624","chr7","42471656","42472044","296","13558342"
"chr4","59146531","59147122","chr19","17108144","17108542","265","42038387"
"chr4","60507744","60508337","chr2","56197513","56197916","259","4310231"
"chr4","60552903","60553510","chr3","41973981","41974377","305","18578922"
"chr4","60660199","60660808","chr2","56197513","56197916","269","4462686"
"chr4","60682029","60682627","chr9","108003051","108003431","275","47321022"
"chr4","60684703","60685303","chr7","42471656","42472044","271","18213047"
"chr4","62590341","62590685","chr18","48639957","48640279","64","13950384"
"chr4","65669465","65669949","chr9","43654567","43654946","167","22014898"
"chr4","71458391","71458708","chr5","61356895","61357207","46","10101496"
"chr4","76861083","76861378","chr6","73166073","73166348","78","3695010"
"chr4","85428287","85428920","chr10","80210705","80211090","301","5217582"
"chr4","86653113","86653682","chr19","38786263","38786668","239","47866850"
"chr4","87274431","87275028","chr2","56197513","56197916","263","31076918"
"chr4","87609267","87609783","chr3","41973981","41974377","231","45635286"
"chr4","99257093","99257900","chr2","56197513","56197916","459","43059580"
"chr4","99384208","99384867","chr9","43654567","43654946","326","55729641"
"chr4","121794871","121795479","chr3","41973981","41974377","277","79820890"
"chr4","136207980","136208307","chr5","137248906","137249216","43","1040926"
"chr4","149868319","149868946","chr2","56197513","56197916","290","93670806"
"chr4","163926290","163927058","chr19","38786263","38786668","419","125140027"
"chr4","164006932","164007491","chr2","56197513","56197916","227","107809419"
"chr4","164098492","164099063","chr2","56197513","56197916","246","107900979"
"chr4","168440702","168441442","chr19","38786263","38786668","393","129654439"
"chr4","187530231","187530839","chr2","56197513","56197916","271","131332718"
"chr5","16492146","16492443","chr6","16547875","16548173","49","55729"
"chr5","17512152","17512730","chr2","56197513","56197916","235","38685361"
"chr5","19035298","19035927","chr19","38786263","38786668","295","19750965"
"chr5","26420930","26421241","chr16","53539599","53539898","69","27118669"
"chr5","32924453","32925059","chr2","56197513","56197916","270","23273060"
"chr5","44155278","44155910","chr19","38786263","38786668","304","5369015"
"chr5","51294996","51295424","chr9","43654567","43654946","125","7640429"
"chr5","53359390","53360009","chr2","56197513","56197916","278","2838123"
"chr5","53463400","53463935","chr2","56197513","56197916","213","2734113"
"chr5","53608789","53609111","chr4","69752562","69752876","63","16143773"
"chr5","54941397","54941884","chr4","156047436","156047808","180","101106039"
"chr5","60211739","60212243","chr2","56197513","56197916","190","4014226"
"chr5","63807702","63808300","chr3","41973981","41974377","279","21833721"
"chr5","67072691","67073647","chr2","56197513","56197916","580","10875178"
"chr5","69592892","69594184","chr19","38786263","38786668","898","30806629"
"chr5","70080584","70080918","chr6","70474177","70474466","68","393593"
"chr5","74842858","74843449","chr2","56197513","56197916","253","18645345"
"chr5","75666331","75666940","chr2","56197513","56197916","277","19468818"
"chr5","77353301","77353634","chr6","77777345","77777608","92","424044"
"chr5","77359764","77360353","chr2","56197513","56197916","254","21162251"
"chr5","80604705","80604999","chr4","160536763","160537066","60","79932058"
"chr5","86904205","86904511","chr6","87283647","87283940","40","379442"
"chr5","87887728","87888364","chr2","56197513","56197916","292","31690215"
"chr5","107792874","107793643","chr5","139158882","139159268","437","31366008"
"chr5","108758415","108759293","chr19","38786263","38786668","519","69972152"
"chr5","113934394","113934718","chr7","132782146","132782445","72","18847752"
"chr5","115799262","115799608","chr6","116445511","116445815","65","646249"
"chr5","116439136","116439736","chr19","17108144","17108542","279","99330992"
"chr5","120205956","120206291","chr6","120514364","120514686","36","308408"
"chr5","128516979","128517557","chr2","56197513","56197916","247","72319466"
"chr5","131253170","131253780","chr2","56197513","56197916","276","75055657"
"chr5","131862577","131863116","chr9","108003051","108003431","223","23859526"
"chr5","132110000","132110618","chr2","56197513","56197916","272","75912487"
"chr5","134771745","134771944","chr1","212266294","212266476","52","77494549"
"chr5","135723598","135724208","chr3","41973981","41974377","279","93749617"
"chr5","135796437","135797037","chr2","56197513","56197916","271","79598924"
"chr5","136075765","136076148","chr9","98291738","98292079","138","37784027"
"chr5","136820439","136820804","chr1","52981013","52981332","166","83839426"
"chr5","139523286","139523747","chr2","56197513","56197916","153","83325773"
"chr5","147986965","147987591","chr9","43654567","43654946","287","104332398"
"chr5","148090962","148091595","chr3","41973981","41974377","302","106116981"
"chr5","152423569","152424199","chr2","56197513","56197916","295","96226056"
"chr5","154602234","154602865","chr19","38786263","38786668","305","115815971"
"chr5","155412434","155413029","chr2","56197513","56197916","256","99214921"
"chr5","157119058","157119412","chr6","157698282","157698600","58","579224"
"chr5","163371989","163372322","chr6","163840294","163840625","44","468305"
"chr5","170807298","170807879","chr2","56197513","56197916","243","114609785"
"chr5","170867388","170868015","chr3","41973981","41974377","287","128893407"
"chr5","171538932","171539534","chr2","56197513","56197916","269","115341419"
"chr5","174521875","174522519","chr2","56197513","56197916","311","118324362"
"chr5","175631602","175631920","chr6","176404548","176404857","32","772946"
"chr5","175959475","175960024","chr5","2824507","2824841","258","173134968"
"chr5","177228542","177229152","chrX","6165325","6165699","273","171063217"
"chr5","178214385","178214976","chr7","42471656","42472044","258","135742729"
"chr6","6679852","6680186","chr4","6902492","6902804","42","222640"
"chr6","6968089","6968695","chr10","80210705","80211090","279","73242616"
"chr6","10031256","10031594","chr19","9212664","9212975","72","818592"
"chr6","17634300","17634885","chr2","56197513","56197916","256","38563213"
"chr6","17926504","17928126","chr19","38786263","38786668","1218","20859759"
"chr6","21600376","21601001","chr3","41973981","41974377","282","20373605"
"chr6","21602400","21602762","chr7","155385992","155386365","71","133783592"
"chr6","25785814","25786406","chr2","56197513","56197916","258","30411699"
"chr6","27126429","27126736","chr3","107128008","107128280","88","80001579"
"chr6","28067689","28067989","chr15","79816713","79816989","66","51749024"
"chr6","30661733","30662362","chr19","38786263","38786668","296","8124530"
"chr6","32092245","32092766","chr2","56197513","56197916","197","24105268"
"chr6","32198665","32199291","chr2","56197513","56197916","283","23998848"
"chr6","32487586","32488219","chr2","56197513","56197916","297","23709927"
"chr6","34489959","34490540","chr7","42471656","42472044","258","7981697"
"chr6","35118277","35118574","chr4","35659421","35659722","23","541144"
"chr6","35165959","35166566","chr4","37827227","37827612","280","2661268"
"chr6","36964128","36964750","chr2","56197513","56197916","282","19233385"
"chr6","38374535","38374897","chr4","39009720","39010028","83","635185"
"chr6","42163841","42164443","chr2","56197513","56197916","267","14033672"
"chr6","43039194","43039783","chrX","6165325","6165699","267","36873869"
"chr6","43093163","43093677","chr4","37827227","37827612","188","5265936"
"chr6","43198247","43198817","chr2","56197513","56197916","239","12999266"
"chr6","43858721","43859322","chr2","56197513","56197916","261","12338792"
"chr6","44544202","44544616","chr16","30324685","30325032","129","14219517"
"chr6","55477581","55478189","chr2","56197513","56197916","273","719932"
"chr6","60786256","60786859","chr2","56197513","56197916","264","4588743"
"chr6","70644244","70644852","chr2","56197513","56197916","274","14446731"
"chr6","70749836","70750445","chr2","56197513","56197916","278","14552323"
"chr6","76766612","76767148","chr2","56197513","56197916","206","20569099"
"chr6","79739316","79739914","chr2","56197513","56197916","271","23541803"
"chr6","82558673","82559279","chr7","42471656","42472044","276","40087017"
"chr6","83270346","83270984","chr2","56197513","56197916","290","27072833"
"chr6","84149244","84149567","chr4","84678811","84679136","53","529567"
"chr6","85348593","85348866","chr7","151853461","151853734","74","66504868"
"chr6","86674018","86674668","chr19","38786263","38786668","327","47887755"
"chr6","87145532","87146061","chr9","108003051","108003431","222","20857519"
"chr6","91742749","91743364","chr19","38786263","38786668","278","52956486"
"chr6","105567385","105567964","chrX","6165325","6165699","255","99402060"
"chr6","105850222","105850846","chr2","56197513","56197916","289","49652709"
"chr6","106645288","106645880","chr2","56197513","56197916","261","50447775"
"chr6","108665872","108666212","chr4","157364811","157365158","53","48698939"
"chr6","109031670","109032302","chr16","7248329","7248715","308","101783341"
"chr6","111901547","111902164","chr2","56197513","56197916","280","55704034"
"chr6","140239720","140240030","chr4","125447096","125447438","56","14792624"
"chr6","142630213","142630583","chr8","4020595","4020952","91","138609618"
"chr6","153371455","153371976","chr4","37827227","37827612","208","115544228"
"chr7","602491","602931","chr5","60646675","60647001","170","60044184"
"chr7","864959","865558","chr2","56197513","56197916","257","55332554"
"chr7","2689328","2689954","chr3","41973981","41974377","291","39284653"
"chr7","2733750","2733923","chr3","124821524","124821688","34","122087774"
"chr7","3655568","3656062","chrX","40123751","40124129","218","36468183"
"chr7","3793604","3794088","chr2","56197513","56197916","168","52403909"
"chr7","3928182","3928722","chr2","56197513","56197916","216","52269331"
"chr7","4110385","4111286","chr2","56197513","56197916","532","52087128"
"chr7","4464903","4465510","chr19","17108144","17108542","282","12643241"
"chr7","4712837","4713376","chr2","56197513","56197916","212","51484676"
"chr7","6145899","6146518","chr2","56197513","56197916","276","50051614"
"chr7","6427091","6427717","chr19","38786263","38786668","282","32359172"
"chr7","6691179","6691384","chr3","41566234","41566416","42","34875055"
"chr7","6768640","6769246","chr4","37827227","37827612","275","31058587"
"chr7","6780264","6780936","chr2","56197513","56197916","326","49417249"
"chr7","7741052","7741358","chr7","21921598","21921906","60","14180546"
"chr7","8609163","8609733","chr7","42471656","42472044","251","33862493"
"chr7","8807241","8807504","chr3","42768736","42769026","41","33961495"
"chr7","10543818","10544134","chr3","47429967","47430299","46","36886149"
"chr7","12845082","12845394","chr1","188883373","188883684","68","176038291"
"chr7","17551311","17551924","chr9","108003051","108003431","271","90451740"
"chr7","28606269","28606865","chr2","56197513","56197916","271","27591244"
"chr7","28704439","28705335","chr2","56197513","56197916","519","27493074"
"chr7","28824214","28824820","chr16","7248329","7248715","287","21575885"
"chr7","28860200","28860824","chr16","7248329","7248715","297","21611871"
"chr7","33215242","33215941","chr19","38786263","38786668","384","5571021"
"chr7","33771708","33772322","chr2","56197513","56197916","272","22425805"
"chr7","44885235","44885565","chr3","79538573","79538902","32","34653338"
"chr7","46488693","46489359","chr19","38786263","38786668","330","7702430"
"chr7","48564188","48565132","chr19","38786263","38786668","573","9777925"
"chr7","50628535","50628850","chr3","85359878","85360211","55","34731343"
"chr7","67099431","67100020","chr2","56197513","56197916","258","10901918"
"chr7","70846540","70846834","chr3","119281473","119281736","55","48434933"
"chr7","72560720","72561331","chr3","41973981","41974377","295","30586739"
"chr7","87049429","87050052","chr2","56197513","56197916","290","30851916"
"chr7","88692070","88692644","chr20","2865365","2865743","262","85826705"
"chr7","90566923","90567526","chr2","56197513","56197916","268","34369410"
"chr7","90669996","90670613","chr2","56197513","56197916","272","34472483"
"chr7","90744209","90745178","chr19","38786263","38786668","603","51957946"
"chr7","100124739","100125055","chr7","143837944","143838261","91","43713205"
"chr7","106337495","106337835","chr3","146446614","146446952","54","40109119"
"chr7","108065663","108066007","chr3","148152047","148152362","43","40086384"
"chr7","115044343","115044738","chr20","2865365","2865743","108","112178978"
"chr7","115448755","115449367","chr2","56197513","56197916","279","59251242"
"chr7","117556390","117557001","chr19","38786263","38786668","298","78770127"
"chr7","123147600","123147901","chr3","163476028","163476352","43","40328428"
"chr7","124658992","124659614","chr16","7248329","7248715","287","117410663"
"chr7","134548049","134548643","chr2","56197513","56197916","262","78350536"
"chr7","135118430","135119027","chr2","56197513","56197916","274","78920917"
"chr7","135257616","135258206","chr2","56197513","56197916","261","79060103"
"chr7","135694952","135695532","chr10","80210705","80211090","239","55484247"
"chr7","137977208","137977695","chr8","4020595","4020952","181","133956613"
"chr7","138041789","138042396","chr2","56197513","56197916","267","81844276"
"chr7","138445323","138445586","chr3","178679630","178679852","68","40234307"
"chr7","138511188","138511390","chr2","98633157","98633351","44","39878031"
"chr7","138521167","138521765","chr2","56197513","56197916","256","82323654"
"chr7","140175628","140176260","chr9","108003051","108003431","301","32172577"
"chr7","142976111","142976709","chr2","56197513","56197916","267","86778598"
"chr7","144245443","144245751","chr12","116934483","116934789","57","27310960"
"chr8","3498582","3498780","chr8","3606991","3607162","42","108409"
"chr8","11330165","11330491","chr8","11447299","11447631","31","117134"
"chr8","17775192","17775755","chrX","6165325","6165699","255","11609867"
"chr8","22238968","22239585","chr2","56197513","56197916","286","33958545"
"chr8","27351409","27352010","chr16","7248329","7248715","288","20103080"
"chr8","29156279","29156811","chr3","41973981","41974377","219","12817702"
"chr8","29754859","29755179","chr8","30854187","30854503","39","1099328"
"chr8","29783214","29783482","chr8","30882043","30882323","51","1098829"
"chr8","42298663","42299224","chr5","139158882","139159268","246","96860219"
"chr8","44474818","44475449","chr2","56197513","56197916","297","11722695"
"chr8","52790687","52791023","chr3","78588035","78588339","74","25797348"
"chr8","53097782","53098106","chr12","99704796","99705114","80","46607014"
"chr8","55537616","55537933","chr8","56048398","56048719","37","510782"
"chr8","58010001","58010573","chr2","56197513","56197916","245","1812488"
"chr8","62722653","62722972","chr12","83187224","83187532","57","20464571"
"chr8","64185818","64186407","chr10","80210705","80211090","260","16024887"
"chr8","68891272","68891888","chr19","38786263","38786668","303","30105009"
"chr8","71084783","71085268","chr7","42471656","42472044","169","28613127"
"chr8","71122780","71123087","chr8","71624953","71625252","46","502173"
"chr8","84301438","84302768","chr19","38786263","38786668","934","45515175"
"chr8","88268538","88268683","chr9","26796562","26796722","50","61471976"
"chr8","90414727","90415013","chr8","90937530","90937816","39","522803"
"chr8","92219473","92219805","chr8","92704695","92705013","42","485222"
"chr8","92523097","92523709","chr2","56197513","56197916","274","36325584"
"chr8","92753204","92753814","chr2","56197513","56197916","270","36555691"
"chr8","95891782","95892343","chr3","41973981","41974377","270","53917801"
"chr8","96242761","96243365","chr19","17108144","17108542","266","79134617"
"chr8","98442204","98442805","chr9","43654567","43654946","278","54787637"
"chr8","98533942","98534270","chr8","99087594","99087910","40","553652"
"chr8","101024551","101025177","chr2","56197513","56197916","287","44827038"
"chr8","101167766","101168115","chr8","101729072","101729402","55","561306"
"chr8","110628839","110629132","chr8","111197463","111197726","59","568624"
"chr8","122013914","122014527","chr2","56197513","56197916","272","65816401"
"chr8","122700021","122700304","chr8","123319012","123319317","69","618991"
"chr8","123036138","123036741","chr5","139158882","139159268","278","16122744"
"chr8","126522373","126522987","chr2","56197513","56197916","280","70324860"
"chr8","128358838","128359189","chr1","124542755","124543091","73","3816083"
"chr8","129222436","129222773","chr8","129962624","129962953","42","740188"
"chr8","134510782","134511351","chr2","56197513","56197916","248","78313269"
"chr8","139148953","139149572","chr2","56197513","56197916","288","82951440"
"chr8","139403937","139404557","chr2","56197513","56197916","273","83206424"
"chr8","142892939","142893788","chr2","56197513","56197916","492","86695426"
"chr8","143126794","143127395","chr2","56197513","56197916","272","86929281"
"chr9","3210551","3211154","chr16","7248329","7248715","272","4037778"
"chr9","3797291","3797613","chr1","22327493","22327804","54","18530202"
"chr9","3867037","3867617","chr2","56197513","56197916","259","52330476"
"chr9","4284747","4285064","chr7","154463678","154464005","64","150178931"
"chr9","4988953","4989283","chr15","48886691","48887008","34","43897738"
"chr9","5349572","5350183","chr16","7248329","7248715","271","1898757"
"chr9","6334444","6335052","chr2","56197513","56197916","274","49863069"
"chr9","6522335","6522902","chr2","56197513","56197916","232","49675178"
"chr9","21577501","21578139","chr2","56197513","56197916","296","34620012"
"chr9","27269235","27269811","chr16","7248329","7248715","237","20020906"
"chr9","34127917","34128488","chr2","56197513","56197916","240","22069596"
"chr9","34252832","34253450","chr10","80210705","80211090","282","45957873"
"chr9","34330608","34331223","chr16","7248329","7248715","285","27082279"
"chr9","38203584","38204131","chr2","56197513","56197916","220","17993929"
"chr9","42007117","42007609","chr2","56197513","56197916","197","14190396"
"chr9","44542435","44543087","chr19","38786263","38786668","311","5756172"
"chr9","45780650","45780988","chr13","91804273","91804605","79","46023623"
"chr9","47875142","47875439","chr15","91199842","91200124","40","43324700"
"chr9","51508200","51508494","chr1","22327493","22327804","58","29180707"
"chr9","55791876","55792224","chrX","47131312","47131646","71","8660564"
"chr9","61067401","61067982","chr3","41973981","41974377","262","19093420"
"chr9","61479942","61480587","chr7","42471656","42472044","306","19008286"
"chr9","65743177","65743414","chr7","52820255","52820482","68","12922922"
"chr9","86783060","86783656","chr7","42471656","42472044","260","44311404"
"chr9","88448076","88448674","chr7","42471656","42472044","288","45976420"
"chr9","90675101","90675773","chr4","37827227","37827612","333","52847874"
"chr9","95477669","95478020","chr17","562022","562363","112","94915647"
"chr9","96088773","96089377","chr2","56197513","56197916","276","39891260"
"chr9","96808560","96809154","chr2","56197513","56197916","277","40611047"
"chr9","96881955","96882288","chr4","123483790","123484115","79","26601835"
"chr9","98016758","98016998","chr15","14913125","14913353","35","83103633"
"chr9","98905060","98906799","chr19","38786263","38786668","1334","60118797"
"chr9","99032867","99033484","chr2","56197513","56197916","281","42835354"
"chr9","99085831","99086767","chr2","56197513","56197916","564","42888318"
"chr9","99286106","99286728","chr10","80210705","80211090","281","19075401"
"chr9","101570066","101570376","chr20","33174029","33174340","54","68396037"
"chr9","102101561","102102151","chr2","56197513","56197916","265","45904048"
"chr9","102231298","102231888","chr16","7248329","7248715","278","94982969"
"chr9","102575656","102577194","chr19","38786263","38786668","1134","63789393"
"chr9","102714634","102715690","chr19","38786263","38786668","677","63928371"
"chr9","103639650","103640287","chr2","56197513","56197916","305","47442137"
"chr9","104588064","104589014","chr19","38786263","38786668","575","65801801"
"chr9","106303821","106304525","chr10","80210705","80211090","359","26093116"
"chr9","106803300","106803825","chr4","37827227","37827612","217","68976073"
"chrX","6144554","6144890","chr7","154560173","154560509","60","148415619"
"chrX","14959784","14960092","chr5","169548369","169548681","62","154588585"
"chrX","25759128","25759815","chr2","56197513","56197916","340","30438385"
"chrX","37704623","37705243","chr2","56197513","56197916","279","18492890"
"chrX","38227587","38228197","chr2","56197513","56197916","289","17969926"
"chrX","41524499","41525252","chr19","38786263","38786668","418","2738236"
"chrX","41891536","41891810","chrX","45232730","45233003","29","3341194"
"chrX","44262562","44263131","chr2","56197513","56197916","244","11934951"
"chrX","44881577","44881903","chrX","48198050","48198389","52","3316473"
"chrX","48372131","48372449","chr14","106424104","106424372","88","58051973"
"chrX","50937109","50937437","chrX","53726393","53726689","44","2789284"
"chrX","51014914","51015497","chr7","42471656","42472044","270","8543258"
"chrX","51817520","51817827","chrX","54607467","54607781","44","2789947"
"chrX","74677271","74678200","chr19","38786263","38786668","560","35891008"
"chrX","75901567","75901882","chr15","108350369","108350675","66","32448802"
"chrX","95784444","95785060","chr2","56197513","56197916","274","39586931"
"chrX","98787110","98787656","chr7","42471656","42472044","232","56315454"
"chrX","98799257","98799862","chr19","17108144","17108542","273","81691113"
"chrX","100172145","100172750","chr2","56197513","56197916","271","43974632"
"chrX","104677631","104678072","chr7","42471656","42472044","151","62205975"
"chrX","106534866","106535327","chr4","37827227","37827612","152","68707639"
"chrX","107486298","107486768","chr8","4020595","4020952","168","103465703"
"chrX","107779228","107779551","chrX","107178274","107178609","47","600954"
"chrX","114080493","114080876","chr1","16711375","16711679","173","97369118"
"chrX","114766067","114766392","chr9","58667283","58667604","60","56098784"
"chrX","115810254","115810592","chr13","65797790","65798101","74","50012464"
"chrX","118466050","118466658","chr2","56197513","56197916","279","62268537"
"chrX","124709234","124709879","chr2","56197513","56197916","300","68511721"
"chrX","132314791","132315446","chr2","56197513","56197916","302","76117278"
"chrX","142340084","142340636","chr4","37827227","37827612","219","104512857"
"chrX","142997596","142997924","chrX","141654938","141655241","48","1342658"
"chr10","4875658","4875989","chr9","4794279","4794595","46","81379"
"chr10","12455273","12455876","chr17","88161697","88162080","272","75706424"
"chr10","16179900","16180383","chr3","41973981","41974377","212","25794081"
"chr10","16690276","16690886","chr10","80210705","80211090","275","63520429"
"chr10","17863660","17863977","chr1","22327493","22327804","49","4463833"
"chr10","20489797","20490109","chr9","58667283","58667604","58","38177486"
"chr10","21414159","21414775","chr7","42471656","42472044","282","21057497"
"chr10","23640497","23640801","chr7","96114314","96114598","70","72473817"
"chr10","26633988","26634300","chr6","139921153","139921469","62","113287165"
"chr10","29885201","29885820","chr2","56197513","56197916","271","26312312"
"chr10","30903271","30903607","chr7","8431207","8431513","56","22472064"
"chr10","30920415","30921339","chr3","41973981","41974377","560","11053566"
"chr10","32269452","32269796","chr13","48751759","48752082","75","16482307"
"chr10","32490189","32490524","chr1","117547365","117547681","85","85057176"
"chr10","36974040","36974371","chr13","38989897","38990210","68","2015857"
"chr10","41101732","41102333","chr7","42471656","42472044","277","1369924"
"chr10","44799893","44800513","chr2","56197513","56197916","284","11397620"
"chr10","47574642","47575244","chr16","7248329","7248715","277","40326313"
"chr10","48547723","48548283","chr2","56197513","56197916","227","7649790"
"chr10","55561331","55561801","chr7","42471656","42472044","162","13089675"
"chr10","60474957","60475572","chr2","56197513","56197916","279","4277444"
"chr10","61662589","61663512","chr2","56197513","56197916","560","5465076"
"chr10","62012962","62013551","chr2","56197513","56197916","263","5815449"
"chr10","66486415","66486957","chr5","139158882","139159268","218","72672467"
"chr10","66897950","66898867","chr19","38786263","38786668","550","28111687"
"chr10","66899550","66900098","chr9","108003051","108003431","228","41103501"
"chr10","66971316","66971874","chr4","37827227","37827612","249","29144089"
"chr10","67152739","67153238","chr9","108003051","108003431","182","40850312"
"chr10","78522667","78522959","chr9","75669508","75669803","59","2853159"
"chr10","82039181","82039501","chr7","450732","451044","62","81588449"
"chr10","90738166","90738746","chr7","42471656","42472044","257","48266510"
"chr10","91099611","91100098","chr10","80210705","80211090","183","10888906"
"chr10","91200260","91200883","chr2","56197513","56197916","275","35002747"
"chr10","92419546","92420159","chr2","56197513","56197916","282","36222033"
"chr10","92531104","92531698","chr2","56197513","56197916","256","36333591"
"chr10","95716454","95716907","chr3","105765414","105765758","178","10048960"
"chr10","98157212","98157888","chr7","42471656","42472044","355","55685556"
"chr10","98714511","98715125","chr16","7248329","7248715","278","91466182"
"chr10","99846477","99846982","chr1","182479510","182479854","213","82633033"
"chr10","100042256","100042859","chr2","56197513","56197916","265","43844743"
"chr10","100474063","100474654","chr10","80210705","80211090","258","20263358"
"chr10","100745099","100745722","chr2","56197513","56197916","276","44547586"
"chr10","101664001","101664615","chr2","56197513","56197916","268","45466488"
"chr10","101776184","101776772","chr2","56197513","56197916","267","45578671"
"chr10","109961932","109962727","chr3","41973981","41974377","453","67987951"
"chr10","111408223","111408797","chr4","37827227","37827612","261","73580996"
