"JH378105","2228124","2228402","GL873603","3530582","3530872","73","1302458"
"JH378105","12058412","12058648","GL873536","24391197","24391423","62","12332785"
"JH378105","22413164","22413448","GL873598","444320","444609","67","21968844"
"JH378105","33947534","33947844","GL873704","1271606","1271908","75","32675928"
"JH378105","54263757","54264061","GL873548","11579012","11579320","74","42684745"
"JH378105","56492032","56492325","GL873557","4007993","4008285","75","52484039"
"JH378105","56754118","56754408","GL873570","1967555","1967838","72","54786563"
"JH378105","57540431","57540731","GL873521","6788843","6789137","82","50751588"
"JH378105","59637482","59637787","GL873628","5056244","5056537","69","54581238"
"JH378105","21777","22070","GL873704","1271606","1271908","78","1249829"
"JH378105","87709","87889","GL873532","29970242","29970429","48","29882533"
"JH378105","87897","88198","GL873523","27629924","27630206","76","27542027"
"JH378105","139125","139366","GL873538","18832941","18833164","60","18693816"
"JH378105","236764","237061","GL873557","4007993","4008285","67","3771229"
"JH378105","289652","289911","GL873737","724734","724988","72","435082"
"JH378105","307538","307801","GL873524","1792138","1792426","82","1484600"
"JH378105","316144","316435","GL873524","1792138","1792426","72","1475994"
"JH378105","324753","324999","GL873606","806403","806646","74","481650"
"JH378105","362543","362829","GL873592","2700137","2700414","89","2337594"
"JH378105","372531","372848","GL873522","37694709","37695012","81","37322178"
"JH378105","459535","459836","GL873521","6788843","6789137","77","6329308"
"JH378105","508691","508999","GL873560","2132952","2133241","84","1624261"
"JH378105","512208","512501","GL873570","1967555","1967838","74","1455347"
"JH378105","535627","535929","GL873521","6788843","6789137","68","6253216"
"JH378105","588618","588878","GL873575","5026830","5027084","80","4438212"
"JH378105","658664","658895","GL873535","29708008","29708235","58","29049344"
"JH378105","660119","660409","GL873628","5474098","5474389","64","4813979"
"JH378105","677427","677720","GL873557","4007993","4008285","85","3330566"
"JH378105","680138","680426","GL873688","764726","765019","76","84588"
"JH378105","692494","692798","GL873704","1271606","1271908","68","579112"
"JH378105","725469","725778","GL873561","1235238","1235539","81","509769"
"JH378105","879039","879322","GL873628","5166065","5166344","72","4287026"
"JH378105","884726","885031","GL873704","1271606","1271908","74","386880"
"JH378105","908024","908331","GL873562","14118860","14119161","83","13210836"
"JH378105","1043833","1044110","GL873557","4007993","4008285","84","2964160"
"JH378105","1062649","1062961","GL873667","2530581","2530890","77","1467932"
"JH378105","1194483","1194779","GL873544","3990436","3990721","86","2795953"
"JH378105","1217088","1217396","GL873521","6680460","6680752","75","5463372"
"JH378105","1296100","1296412","GL873704","1271606","1271908","75","24494"
"JH378105","1338205","1338394","GL873785","202864","203030","66","1135341"
"JH378105","1445171","1445433","GL873644","637097","637366","83","808074"
"JH378105","1525051","1525335","GL873570","1967555","1967838","65","442504"
"JH378105","1527292","1527603","GL873704","1271606","1271908","70","255686"
"JH378105","1540412","1540687","GL873570","1967555","1967838","70","427143"
"JH378105","1546476","1546671","GL873526","4391261","4391450","49","2844785"
"JH378105","1582271","1582581","GL873704","1271606","1271908","66","310665"
"JH378105","1601922","1602104","GL873686","327668","327853","56","1274254"
"JH378105","1618482","1618786","GL873628","5474098","5474389","87","3855616"
"JH378105","1666779","1666971","GL873589","9024335","9024519","47","7357556"
"JH378105","1701669","1701934","GL873560","2132952","2133241","87","431283"
"JH378105","1739743","1740043","GL873557","4007993","4008285","70","2268250"
"JH378105","1750051","1750348","GL873559","7718118","7718414","76","5968067"
"JH378105","1772876","1773186","GL873562","14118860","14119161","74","12345984"
"JH378105","1782855","1783143","GL873521","6788843","6789137","72","5005988"
"JH378105","1836937","1837255","GL873558","12753056","12753350","91","10916119"
"JH378105","1850586","1850866","GL873570","1967555","1967838","71","116969"
"JH378105","1869456","1869756","GL873521","6788843","6789137","69","4919387"
"JH378105","1874265","1874545","GL873574","6271850","6272135","63","4397585"
"JH378105","1893749","1894017","GL873613","4560304","4560563","81","2666555"
"JH378105","1922343","1922528","GL873532","29970242","29970429","53","28047899"
"JH378105","1922602","1922688","GL873554","7320239","7320325","36","5397637"
"JH378105","1924076","1924362","GL873665","3633894","3634174","74","1709818"
"JH378105","1941751","1941995","GL873543","2251252","2251509","69","309501"
"JH378105","1943254","1943545","GL873557","4007993","4008285","60","2064739"
"JH378105","1944124","1944417","GL873628","5474098","5474389","70","3529974"
"JH378105","1949050","1949350","GL873584","10819349","10819649","71","8870299"
"JH378105","1953264","1953491","GL873532","6315511","6315736","65","4362247"
"JH378105","1958181","1958468","GL873570","1967555","1967838","68","9374"
"JH378105","1972477","1972774","GL873573","5146962","5147245","79","3174485"
"JH378105","2027599","2027892","GL873528","2361612","2361899","77","334013"
"JH378105","2098933","2099209","GL873574","6271850","6272135","77","4172917"
"JH378105","2116980","2117095","GL873571","3929443","3929548","34","1812463"
"JH378105","2118765","2119040","GL873644","637097","637366","73","1481668"
"JH378105","2131417","2131718","GL873557","4007993","4008285","79","1876576"
"JH378105","2160175","2160469","GL873628","5474098","5474389","79","3313923"
"JH378105","2161304","2161597","GL873570","9333724","9334010","67","7172420"
"JH378105","2196824","2197134","GL873704","1271606","1271908","66","925218"
"JH378105","2210534","2210843","GL873557","4007993","4008285","88","1797459"
"JH378105","2290525","2290822","GL873628","5474098","5474389","72","3183573"
"JH378105","2317964","2318272","GL873704","1271606","1271908","68","1046358"
"JH378105","2380399","2380706","GL873528","8605198","8605481","81","6224799"
"JH378105","2455328","2455617","GL873709","383510","383788","86","2071818"
"JH378105","2516560","2516851","GL873570","1967555","1967838","74","549005"
"JH378105","2558551","2558843","GL873628","5166065","5166344","71","2607514"
"JH378105","2563275","2563577","GL873526","4139376","4139660","82","1576101"
"JH378105","2577616","2577930","GL873548","11579012","11579320","74","9001396"
"JH378105","2590503","2590763","GL873543","2251252","2251509","73","339251"
"JH378105","2609125","2609431","GL873562","14118860","14119161","71","11509735"
"JH378105","2790872","2791173","GL873704","1271606","1271908","64","1519266"
"JH378105","2791490","2791793","GL873584","10819349","10819649","76","8027859"
"JH378105","2839404","2839706","GL873520","12048298","12048599","83","9208894"
"JH378105","2841089","2841392","GL873704","1271606","1271908","74","1569483"
"JH378105","2853640","2853893","GL873737","724734","724988","66","2128906"
"JH378105","2854161","2854458","GL873628","5474098","5474389","70","2619937"
"JH378105","2855381","2855647","GL873543","2251252","2251509","72","604129"
"JH378105","2857112","2857181","GL873521","9882104","9882167","15","7024992"
"JH378105","2863062","2863369","GL873562","14118860","14119161","69","11255798"
"JH378105","2881944","2882242","GL873561","14484697","14484987","63","11602753"
"JH378105","2919206","2919502","GL873527","1777658","1777930","77","1141548"
"JH378105","2955944","2956218","GL873570","1967555","1967838","72","988389"
"JH378105","2968600","2968907","GL873704","1271606","1271908","71","1696994"
"JH378105","3025728","3025961","GL873524","31077557","31077808","80","28051829"
"JH378105","3073508","3073806","GL873557","4007993","4008285","67","934485"
"JH378105","3136664","3136970","GL873704","1271606","1271908","73","1865058"
"JH378105","3173267","3173546","GL873551","1468599","1468879","78","1704668"
"JH378105","3238352","3238598","GL873597","8319138","8319384","65","5080786"
"JH378105","3428760","3429066","GL873525","32907912","32908214","72","29479152"
"JH378105","3442033","3442334","GL873521","6788843","6789137","77","3346810"
"JH378105","3452856","3453152","GL873557","4007993","4008285","72","555137"
"JH378105","3524548","3524830","GL873570","1967555","1967838","72","1556993"
"JH378105","3526645","3526936","GL873603","3530582","3530872","70","3937"
"JH378105","3527240","3527532","GL873628","5474098","5474389","71","1946858"
"JH378105","3571603","3571910","GL873522","37694709","37695012","70","34123106"
"JH378105","3584049","3584290","GL873693","2361508","2361753","76","1222541"
"JH378105","3621585","3621868","GL873628","5474098","5474389","72","1852513"
"JH378105","3626110","3626259","GL873545","5699023","5699186","49","2072913"
"JH378105","3656001","3656289","GL873628","5474098","5474389","65","1818097"
"JH378105","3676864","3677156","GL873528","8605198","8605481","74","4928334"
"JH378105","3683952","3684262","GL873704","1271606","1271908","80","2412346"
"JH378105","3692281","3692594","GL873704","1271606","1271908","77","2420675"
"JH378105","3721858","3722161","GL873537","21822616","21822915","75","18100758"
"JH378105","3752373","3752674","GL873561","1235238","1235539","79","2517135"
"JH378105","3757069","3757348","GL873570","1967555","1967838","69","1789514"
"JH378105","3799379","3799686","GL873528","8605198","8605481","78","4805819"
"JH378105","3801586","3801865","GL873565","2317168","2317429","73","1484418"
"JH378105","3823208","3823508","GL873557","4007993","4008285","66","184785"
"JH378105","3826225","3826539","GL873704","1271606","1271908","74","2554619"
"JH378105","3832283","3832588","GL873557","4007993","4008285","72","175710"
"JH378105","3854992","3855287","GL873557","4007993","4008285","71","153001"
"JH378105","3858336","3858642","GL873584","10819349","10819649","68","6961013"
"JH378105","3870187","3870461","GL873541","18119813","18120082","80","14249626"
"JH378105","3877143","3877420","GL873527","1777658","1777930","76","2099485"
"JH378105","3906577","3906884","GL873528","8605198","8605481","88","4698621"
"JH378105","3907805","3908099","GL873628","5474098","5474389","82","1566293"
"JH378105","3915848","3916040","GL873589","9024335","9024519","49","5108487"
"JH378105","3925692","3925988","GL873521","6680460","6680752","77","2754768"
"JH378105","3946781","3946997","GL873558","11905202","11905408","50","7958421"
"JH378105","3947198","3947403","GL873592","8245719","8245902","61","4298521"
"JH378105","4017581","4017883","GL873557","4007993","4008285","80","9588"
"JH378105","4026503","4026767","GL873544","13032180","13032448","74","9005677"
"JH378105","4102064","4102360","GL873558","12753056","12753350","68","8650992"
"JH378105","4119514","4119826","GL873623","2204962","2205263","91","1914552"
"JH378105","4127303","4127592","GL873570","1967555","1967838","69","2159748"
"JH378105","4128314","4128510","GL873628","5307687","5307874","49","1179373"
"JH378105","4154100","4154410","GL873704","1271606","1271908","75","2882494"
"JH378105","4156673","4156985","GL873562","14118860","14119161","70","9962187"
"JH378105","4163485","4163716","GL873535","29708008","29708235","61","25544523"
"JH378105","4176871","4177169","GL873629","3560272","3560556","79","616599"
"JH378105","4180728","4180902","GL873522","19188900","19189069","45","15008172"
"JH378105","4204631","4204937","GL873536","12783621","12783915","73","8578990"
"JH378105","4205182","4205477","GL873704","1271606","1271908","65","2933576"
"JH378105","4217300","4217683","GL873528","17708968","17709310","134","13491668"
"JH378105","4220688","4220998","GL873522","37694709","37695012","74","33474021"
"JH378105","4223756","4224017","GL873543","2251252","2251509","74","1972504"
"JH378105","4226146","4226462","GL873704","1271606","1271908","77","2954540"
"JH378105","4277603","4277951","GL873591","4227244","4227543","131","50359"
"JH378105","4283960","4284182","GL873572","2521966","2522157","67","1761994"
"JH378105","4368693","4368976","GL873562","14118860","14119161","81","9750167"
"JH378105","4381782","4382102","GL873522","37694709","37695012","89","33312927"
"JH378105","4387416","4387710","GL873600","8373172","8373460","64","3985756"
"JH378105","4403382","4403712","GL873558","12753056","12753350","105","8349674"
"JH378105","4416614","4416926","GL873704","1271606","1271908","71","3145008"
"JH378105","4419236","4419546","GL873704","1271606","1271908","76","3147630"
"JH378105","4427979","4428275","GL873521","6788843","6789137","76","2360864"
"JH378105","4439550","4439831","GL873520","3617844","3618110","75","821706"
"JH378105","4465330","4465640","GL873667","2530581","2530890","70","1934749"
"JH378105","4468120","4468423","GL873528","2361612","2361899","73","2106508"
"JH378105","4487465","4487753","GL873570","1967555","1967838","65","2519910"
"JH378105","4488355","4488634","GL873788","170431","170690","81","4317924"
"JH378105","4561172","4561470","GL873521","6788843","6789137","68","2227671"
"JH378105","4561956","4562260","GL873561","1235238","1235539","75","3326718"
"JH378105","4591244","4591545","GL873521","6788843","6789137","69","2197599"
"JH378105","4630762","4631056","GL873536","24275099","24275376","76","19644337"
"JH378105","4664690","4664927","GL873538","18832941","18833164","61","14168251"
"JH378105","4680300","4680584","GL873600","8373172","8373460","69","3692872"
"JH378105","4691245","4691388","GL873559","3152922","3153055","53","1538323"
"JH378105","4691489","4691602","GL873645","5195893","5196013","39","504404"
"JH378105","4762783","4763077","GL873557","4007993","4008285","64","754790"
"JH378105","4771630","4771926","GL873645","2407803","2408089","82","2363827"
"JH378105","4772506","4772795","GL873570","1967555","1967838","60","2804951"
"JH378105","4785120","4785391","GL873557","2415928","2416210","69","2369192"
"JH378105","4800498","4800778","GL873570","1967555","1967838","67","2832943"
"JH378105","4801220","4801527","GL873628","5474098","5474389","68","672878"
"JH378105","4820786","4821013","GL873602","3440228","3440453","63","1380558"
"JH378105","4861580","4861815","GL873535","29708008","29708235","64","24846428"
"JH378105","4863058","4863282","GL873536","24391197","24391423","58","19528139"
"JH378105","4876358","4876649","GL873628","5166065","5166344","85","289707"
"JH378105","4908716","4909008","GL873557","4007993","4008285","73","900723"
"JH378105","4931916","4932210","GL873628","5474098","5474389","72","542182"
"JH378105","4935822","4936121","GL873521","6788843","6789137","65","1853021"
"JH378105","4992133","4992438","GL873522","37694709","37695012","76","32702576"
"JH378105","4998550","4998842","GL873628","5474098","5474389","71","475548"
"JH378105","5009284","5009569","GL873665","3633894","3634174","75","1375390"
"JH378105","5045744","5046042","GL873561","1235238","1235539","69","3810506"
"JH378105","5081488","5081792","GL873628","5474098","5474389","72","392610"
"JH378105","5101411","5101546","GL873794","161788","161913","50","4939623"
"JH378105","5103673","5103955","GL873783","987122","987405","78","4116551"
"JH378105","5153297","5153590","GL873521","6788843","6789137","77","1635546"
"JH378105","5165026","5165320","GL873521","6788843","6789137","79","1623817"
"JH378105","5196738","5197005","GL873593","1639318","1639584","72","3557420"
"JH378105","5237165","5237452","GL873570","1967555","1967838","68","3269610"
"JH378105","5285480","5285796","GL873537","21822616","21822915","75","16537136"
"JH378105","5370554","5370853","GL873704","1271606","1271908","72","4098948"
"JH378105","5404709","5405020","GL873548","11579012","11579320","84","6174303"
"JH378105","5406207","5406515","GL873557","4007993","4008285","68","1398214"
"JH378105","5478682","5478995","GL873548","11579012","11579320","79","6100330"
"JH378105","5489802","5489963","GL873545","5699023","5699186","47","209221"
"JH378105","5520438","5520653","GL873538","70117","70320","65","5450321"
"JH378105","5520754","5520841","GL874094","646","732","28","5520108"
"JH378105","5562837","5563142","GL873521","6788843","6789137","76","1226006"
"JH378105","5572699","5572988","GL873528","2361612","2361899","72","3211087"
"JH378105","5613075","5613382","GL873606","2717454","2717753","66","2895621"
"JH378105","5643125","5643413","GL873783","987122","987405","72","4656003"
"JH378105","5686436","5686746","GL873520","27354067","27354372","70","21667631"
"JH378105","5688243","5688542","GL873548","11579012","11579320","77","5890769"
"JH378105","5698201","5698494","GL873628","5474098","5474389","82","224103"
"JH378105","5700441","5700749","GL873525","7840602","7840905","74","2140161"
"JH378105","5707841","5708139","GL873557","4007993","4008285","65","1699848"
"JH378105","5716757","5716994","GL873538","22144764","22144982","80","16428007"
"JH378105","5774576","5774847","GL873728","987797","988052","70","4786779"
"JH378105","5794088","5794398","GL873522","9840482","9840792","77","4046394"
"JH378105","5797221","5797504","GL873549","16931218","16931499","72","11133997"
"JH378105","5890532","5890831","GL873520","23952186","23952483","76","18061654"
"JH378105","5911507","5911802","GL873570","1967555","1967838","81","3943952"
"JH378105","5933582","5933900","GL873584","10819349","10819649","87","4885767"
"JH378105","5957299","5957513","GL873579","869995","870206","52","5087304"
"JH378105","5976846","5977008","GL873536","15296862","15297021","48","9320016"
"JH378105","5981917","5982181","GL873629","2411936","2412203","71","3569981"
"JH378105","5984140","5984408","GL873593","6857288","6857550","69","873148"
"JH378105","5993722","5993907","GL873627","3383343","3383522","41","2610379"
"JH378105","6057646","6057950","GL873704","1271606","1271908","75","4786040"
"JH378105","6069524","6069810","GL873570","1967555","1967838","70","4101969"
"JH378105","6081031","6081340","GL873704","1271606","1271908","70","4809425"
"JH378105","6123969","6124270","GL873561","1235238","1235539","69","4888731"
"JH378105","6169711","6169922","GL873558","11905202","11905408","47","5735491"
"JH378105","6223864","6224157","GL873628","5474098","5474389","73","749766"
"JH378105","6280123","6280427","GL873704","1271606","1271908","77","5008517"
"JH378105","6380919","6381041","GL873533","23590859","23590994","43","17209940"
"JH378105","6381347","6381521","GL873545","5699023","5699186","45","682324"
"JH378105","6392586","6392895","GL873704","1271606","1271908","75","5120980"
"JH378105","6469051","6469328","GL873711","2272176","2272454","70","4196875"
"JH378105","6490829","6491124","GL873628","5474098","5474389","66","1016731"
"JH378105","6505084","6505391","GL873558","12753056","12753350","76","6247972"
"JH378105","6523266","6523572","GL873704","1271606","1271908","70","5251660"
"JH378105","6559276","6559572","GL873600","8373172","8373460","71","1813896"
"JH378105","6564441","6564733","GL873536","24275099","24275376","70","17710658"
"JH378105","6581152","6581444","GL873628","5474098","5474389","73","1107054"
"JH378105","6585278","6585400","GL873645","5195893","5196013","38","1389385"
"JH378105","6585605","6585779","GL873532","29970242","29970429","54","23384637"
"JH378105","6589788","6590085","GL873603","3530582","3530872","70","3059206"
"JH378105","6604334","6604644","GL873704","1271606","1271908","69","5332728"
"JH378105","6605821","6606119","GL873704","1271606","1271908","75","5334215"
"JH378105","6638558","6638857","GL873560","2132952","2133241","72","4505606"
"JH378105","6661253","6661547","GL873665","3633894","3634174","72","3027359"
"JH378105","6662379","6662668","GL873628","5474098","5474389","76","1188281"
"JH378105","6665338","6665648","GL873525","32907912","32908214","73","26242574"
"JH378105","6669181","6669472","GL873628","5474098","5474389","74","1195083"
"JH378105","6737728","6738011","GL873570","1967555","1967838","71","4770173"
"JH378105","6740943","6741218","GL873564","13680894","13681162","77","6939951"
"JH378105","6763292","6763592","GL873557","4007993","4008285","68","2755299"
"JH378105","6779338","6779591","GL873544","3942836","3943093","70","2836502"
"JH378105","6807655","6807932","GL873557","2415928","2416210","75","4391727"
"JH378105","6823676","6823996","GL873628","5474098","5474389","100","1349578"
"JH378105","6828369","6828664","GL873600","8373172","8373460","71","1544803"
"JH378105","6836433","6836713","GL873729","705789","706059","73","6130644"
"JH378105","6885054","6885310","GL873544","3942836","3943093","85","2942218"
"JH378105","6928355","6928664","GL873606","2717454","2717753","78","4210901"
"JH378105","6929103","6929294","GL873657","723480","723661","57","6205623"
"JH378105","6932200","6932509","GL873552","14471706","14472008","79","7539506"
"JH378105","6942062","6942360","GL873600","8373172","8373460","70","1431110"
"JH378105","6982889","6983188","GL873704","1271606","1271908","80","5711283"
"JH378105","6984916","6985213","GL873603","3530582","3530872","76","3454334"
"JH378105","6987256","6987545","GL873570","1967555","1967838","62","5019701"
"JH378105","6999730","7000000","GL873640","2317450","2317720","74","4682280"
"JH378105","7001342","7001641","GL873557","4007993","4008285","67","2993349"
"JH378105","7067608","7067928","GL873678","1797201","1797493","96","5270407"
"JH378105","7075734","7076014","GL873729","705789","706059","72","6369945"
"JH378105","7092541","7092695","GL873623","6697770","6697935","57","394771"
"JH378105","7107659","7107938","GL873528","8605198","8605481","74","1497539"
"JH378105","7114466","7114771","GL873704","1271606","1271908","70","5842860"
"JH378105","7140775","7141078","GL873521","6788843","6789137","71","351932"
"JH378105","7146615","7146902","GL873536","28123513","28123791","76","20976898"
"JH378105","7174789","7175090","GL873574","6271850","6272135","79","902939"
"JH378105","7225164","7225472","GL873557","4007993","4008285","74","3217171"
"JH378105","7271087","7271366","GL873570","1967555","1967838","67","5303532"
"JH378105","7273242","7273540","GL873557","4007993","4008285","73","3265249"
"JH378105","7281318","7281612","GL873521","6788843","6789137","74","492475"
"JH378105","7307975","7308283","GL873704","1271606","1271908","77","6036369"
"JH378105","7348022","7348313","GL873653","614266","614550","72","6733756"
"JH378105","7359901","7360162","GL873544","3942836","3943093","76","3417065"
"JH378105","7372596","7372900","GL873598","444320","444609","69","6928276"
"JH378105","7376227","7376514","GL873586","9297379","9297677","86","1921152"
"JH378105","7566914","7567196","GL873712","2391334","2391615","79","5175580"
"JH378105","7595854","7596090","AAQR03198326","7","222","78","7595847"
"JH378105","7663482","7663774","GL873704","1271606","1271908","77","6391876"
"JH378105","7668527","7668817","GL873628","5474098","5474389","72","2194429"
"JH378105","7706306","7706582","GL873570","1967555","1967838","77","5738751"
"JH378105","7745081","7745381","GL873558","12753056","12753350","74","5007975"
"JH378105","7764598","7764891","GL873628","5474098","5474389","75","2290500"
"JH378105","7831534","7831739","GL873568","2251139","2251341","47","5580395"
"JH378105","7853892","7854177","GL873628","5166065","5166344","67","2687827"
"JH378105","7877016","7877311","GL873521","6788843","6789137","67","1088173"
"JH378105","7884842","7885156","GL873570","1967555","1967838","108","5917287"
"JH378105","7901653","7901952","GL873704","1271606","1271908","81","6630047"
"JH378105","7955510","7955814","GL873704","1271606","1271908","73","6683904"
"JH378105","7982558","7982856","GL873536","15000522","15000828","82","7017964"
"JH378105","8015937","8016252","GL873561","1235238","1235539","86","6780699"
"JH378105","8079106","8079399","GL873561","14484697","14484987","83","6405591"
"JH378105","8095801","8096129","GL873521","6680460","6680752","97","1415341"
"JH378105","8111080","8111360","GL873578","5604336","5604615","71","2506744"
"JH378105","8132417","8132729","GL873627","4518210","4518502","88","3614207"
"JH378105","8164939","8165223","GL873603","3530582","3530872","71","4634357"
"JH378105","8218441","8218729","GL873570","1967555","1967838","64","6250886"
"JH378105","8226040","8226331","GL873665","3633894","3634174","73","4592146"
"JH378105","8256099","8256383","GL873570","1967555","1967838","73","6288544"
"JH378105","8271636","8271930","GL873628","5474098","5474389","66","2797538"
"JH378105","8283613","8283919","GL873704","1271606","1271908","70","7012007"
"JH378105","8290071","8290354","GL873570","1967555","1967838","65","6322516"
"JH378105","8297962","8298189","GL873648","2970471","2970671","72","5327491"
"JH378105","8304087","8304393","GL873537","9167112","9167407","73","863025"
"JH378105","8317862","8318166","GL873557","4007993","4008285","79","4309869"
"JH378105","8322897","8323190","GL873521","6788843","6789137","76","1534054"
"JH378105","8324732","8325026","GL873521","6788843","6789137","76","1535889"
"JH378105","8359814","8360097","GL873570","1967555","1967838","65","6392259"
"JH378105","8367984","8368267","GL873627","5257308","5257554","75","3110676"
"JH378105","8392939","8393199","GL873520","1247057","1247309","85","7145882"
"JH378105","8396390","8396695","GL873520","23952186","23952483","73","15555796"
"JH378105","8404719","8405028","GL873522","37694709","37695012","74","29289990"
"JH378105","8411153","8411456","GL873606","2717454","2717753","80","5693699"
"JH378105","8434134","8434306","GL873523","7192940","7193123","51","1241194"
"JH378105","8450583","8450898","GL873688","764726","765019","98","7685857"
"JH378105","8452851","8453163","GL873648","3017433","3017744","77","5435418"
"JH378105","8504974","8505276","GL873561","1235238","1235539","76","7269736"
"JH378105","8531562","8531874","GL873648","3017433","3017744","79","5514129"
"JH378105","8624355","8624646","GL873557","4007993","4008285","64","4616362"
"JH378105","8627553","8627837","GL873555","7818587","7818869","78","808966"
"JH378105","8628756","8629048","GL873521","6680460","6680752","77","1948296"
"JH378105","8684064","8684356","GL873570","1967555","1967838","62","6716509"
"JH378105","8718185","8718471","GL873557","2415928","2416210","71","6302257"
"JH378105","8766319","8766622","GL873521","6788843","6789137","77","1977476"
"JH378105","8801715","8801997","GL873570","1967555","1967838","69","6834160"
"JH378105","8832344","8832647","GL873704","1271606","1271908","71","7560738"
"JH378105","8874492","8874792","GL873561","1235238","1235539","76","7639254"
"JH378105","8901943","8902150","GL873558","11905202","11905408","49","3003259"
"JH378105","8907006","8907301","GL873628","5474098","5474389","92","3432908"
"JH378105","8989466","8989775","GL873704","1271606","1271908","74","7717860"
"JH378105","9101381","9101677","GL873521","6788843","6789137","77","2312538"
"JH378105","9120406","9120693","GL873570","1967555","1967838","80","7152851"
"JH378105","9177545","9177831","GL873574","6271850","6272135","64","2905695"
"JH378105","9385318","9385603","GL873570","1967555","1967838","75","7417763"
"JH378105","9416590","9416875","GL873544","3990436","3990721","80","5426154"
"JH378105","9476571","9476839","GL873551","7310860","7311134","74","2165711"
"JH378105","9513745","9513996","GL873543","2251252","2251509","79","7262493"
"JH378105","9522066","9522363","GL873633","988638","988926","77","8533428"
"JH378105","9588113","9588373","GL873543","2251252","2251509","66","7336861"
"JH378105","9632809","9633146","GL873561","1235238","1235539","91","8397571"
"JH378105","9670732","9671024","GL873570","1967555","1967838","75","7703177"
"JH378105","9679494","9679762","GL873543","17961055","17961313","84","8281561"
"JH378105","9754370","9754654","GL873570","1967555","1967838","70","7786815"
"JH378105","9788985","9789306","GL873522","37694709","37695012","76","27905724"
"JH378105","9867828","9868109","GL873570","1967555","1967838","71","7900273"
"JH378105","9898368","9898680","GL873548","11579012","11579320","76","1680644"
"JH378105","9933471","9933770","GL873521","6788843","6789137","74","3144628"
"JH378105","10026518","10026814","GL873525","32907912","32908214","80","22881394"
"JH378105","10085846","10086136","GL873570","1967555","1967838","74","8118291"
"JH378105","10089460","10089679","GL873624","4148799","4149005","59","5940661"
"JH378105","10165087","10165119","GL873712","2094111","2094152","23","8070976"
"JH378105","10165225","10165408","GL873587","6153331","6153519","54","4011894"
"JH378105","10224813","10225009","GL873592","8245719","8245902","57","1979094"
"JH378105","10261281","10261468","GL873562","8180067","8180252","56","2081214"
"JH378105","10266060","10266350","GL873530","17632971","17633245","80","7366911"
"JH378105","10302518","10302771","GL873553","5205208","5205484","86","5097310"
"JH378105","10307927","10308133","GL873574","4055649","4055861","66","6252278"
"JH378105","10311644","10311972","GL873621","7031935","7032245","98","3279709"
"JH378105","10313636","10313934","GL873628","5474098","5474389","76","4839538"
"JH378105","10323101","10323405","GL873704","1271606","1271908","70","9051495"
"JH378105","10329341","10329636","GL873584","10819349","10819649","76","490008"
"JH378105","10341192","10341502","GL873704","1271606","1271908","76","9069586"
"JH378105","10362041","10362351","GL873521","6680460","6680752","78","3681581"
"JH378105","10363776","10364078","GL873561","14484697","14484987","81","4120921"
"JH378105","10414122","10414421","GL873628","5474098","5474389","64","4940024"
"JH378105","10425694","10425980","GL873530","32638778","32639064","88","22213084"
"JH378105","10426688","10426983","GL873557","2415928","2416210","84","8010760"
"JH378105","10451589","10451899","GL873562","14118860","14119161","79","3667271"
"JH378105","10453285","10453590","GL873704","1271606","1271908","77","9181679"
"JH378105","10519355","10519619","GL873540","23185423","23185708","78","12666068"
"JH378105","10522456","10522774","GL873528","8605198","8605481","97","1917258"
"JH378105","10526748","10527052","GL873600","8373172","8373460","75","2153576"
"JH378105","10529691","10529992","GL873528","8605198","8605481","80","1924493"
"JH378105","10546802","10547089","GL873628","5166065","5166344","65","5380737"
"JH378105","10549151","10549429","GL873570","1967555","1967838","69","8581596"
"JH378105","10571221","10571535","GL873704","1271606","1271908","79","9299615"
"JH378105","10575981","10576295","GL873606","2717454","2717753","78","7858527"
"JH378105","10597049","10597249","GL873620","6392549","6392751","42","4204500"
"JH378105","10638715","10639024","GL873562","14118860","14119161","73","3480145"
"JH378105","10655623","10655919","GL873561","1235238","1235539","75","9420385"
"JH378105","10726797","10727006","GL873523","40565777","40565963","69","29838980"
"JH378105","10822151","10822447","GL873628","5474098","5474389","75","5348053"
"JH378105","10824702","10825012","GL873738","1460266","1460569","79","9364436"
"JH378105","10844198","10844502","GL873704","1271606","1271908","70","9572592"
"JH378105","10853951","10854221","GL873537","6630876","6631142","74","4223075"
"JH378105","10854757","10855062","GL873704","1271606","1271908","78","9583151"
"JH378105","10856965","10857180","GL873536","3390850","3391038","73","7466115"
"JH378105","10858823","10859129","GL873704","1271606","1271908","76","9587217"
"JH378105","10879792","10880087","GL873528","2361612","2361899","71","8518180"
"JH378105","11113169","11113459","GL873685","3583864","3584140","72","7529305"
"JH378105","11150642","11150936","GL873688","764726","765019","78","10385916"
"JH378105","11166179","11166490","GL873628","5474098","5474389","91","5692081"
"JH378105","11263498","11263791","GL873628","5474098","5474389","74","5789400"
"JH378105","11395074","11395369","GL873600","8373172","8373460","68","3021902"
"JH378105","11570969","11571248","GL873708","2732169","2732442","79","8838800"
"JH378105","11602677","11602991","GL873704","1271606","1271908","78","10331071"
"JH378105","11665625","11665923","GL873628","5474098","5474389","71","6191527"
"JH378105","11770897","11771068","GL873554","16597640","16597806","42","4826743"
"JH378105","11781276","11781575","GL873558","12753056","12753350","70","971780"
"JH378105","12126788","12127079","GL873628","5166065","5166344","69","6960723"
"JH378105","12222416","12222729","GL873562","14118860","14119161","76","1896444"
"JH378105","12260539","12260807","GL873543","2251252","2251509","70","10009287"
"JH378105","12404011","12404315","GL873704","1271606","1271908","68","11132405"
"JH378105","12412846","12412978","GL873754","389666","389785","51","12023180"
"JH378105","12449662","12449956","GL873521","6788843","6789137","75","5660819"
"JH378105","12611358","12611669","GL873524","2632375","2632677","77","9978983"
"JH378105","12614957","12615229","GL873729","705789","706059","78","11909168"
"JH378105","12618611","12618895","GL873628","5166065","5166344","77","7452546"
"JH378105","12645586","12645909","GL873584","10819349","10819649","85","1826237"
"JH378105","12650422","12650718","GL873521","6788843","6789137","76","5861579"
"JH378105","12730827","12731127","GL873704","1271606","1271908","68","11459221"
"JH378105","12752915","12753215","GL873584","10819349","10819649","70","1933566"
"JH378105","12753563","12753882","GL873521","6680460","6680752","81","6073103"
"JH378105","12768370","12768661","GL873613","2338298","2338579","68","10430072"
"JH378105","12773120","12773291","GL873536","15296862","15297021","50","2523742"
"JH378105","12865881","12866177","GL873600","8373172","8373460","67","4492709"
"JH378105","12869367","12869669","GL873557","4007993","4008285","73","8861374"
"JH378105","12871467","12871767","GL873628","5474098","5474389","73","7397369"
"JH378105","12885421","12885723","GL873525","32907912","32908214","82","20022491"
"JH378105","12893675","12893961","GL873530","32638778","32639064","75","19745103"
"JH378105","12903212","12903512","GL873521","6788843","6789137","73","6114369"
"JH378105","12937004","12937308","GL873561","1235238","1235539","69","11701766"
"JH378105","12953927","12954231","GL873628","5474098","5474389","76","7479829"
"JH378105","12972401","12972712","GL873541","2336864","2337165","79","10635537"
"JH378105","12975576","12975873","GL873842","33531","33811","79","12942045"
"JH378105","12977992","12978313","GL873525","32907912","32908214","84","19929920"
"JH378105","12982686","12982987","GL873704","1271606","1271908","78","11711080"
"JH378105","13061850","13062118","GL873541","14951013","14951297","84","1889163"
"JH378105","13066440","13066744","GL873557","4007993","4008285","73","9058447"
"JH378105","13120915","13121207","GL873544","3990436","3990721","77","9130479"
"JH378105","13136369","13136648","GL873543","17961055","17961313","89","4824686"
"JH378105","13137001","13137310","GL873704","1271606","1271908","72","11865395"
"JH378105","13146821","13147093","GL873608","281101","281351","74","12865720"
"JH378105","13177139","13177455","GL873558","12753056","12753350","85","424083"
"JH378105","13183492","13183778","GL873580","2454597","2454892","76","10728895"
"JH378105","13228079","13228358","GL873526","4139376","4139660","72","9088703"
"JH378105","13252526","13252805","GL873628","5166065","5166344","72","8086461"
"JH378105","13262711","13262994","GL873688","764726","765019","78","12497985"
"JH378105","13300130","13300439","GL873561","1235238","1235539","88","12064892"
"JH378105","13309958","13310266","GL873704","1271606","1271908","77","12038352"
"JH378105","13321431","13321690","GL873529","21782562","21782806","73","8461131"
"JH378105","13328679","13328966","GL873628","5166065","5166344","74","8162614"
"JH378105","13330297","13330585","GL873628","5474098","5474389","63","7856199"
"JH378105","13345469","13345760","GL873558","12753056","12753350","79","592413"
"JH378105","13360102","13360394","GL873557","2415928","2416210","71","10944174"
"JH378105","13361852","13362107","GL873687","1931533","1931774","86","11430319"
"JH378105","13376699","13377015","GL873561","1235238","1235539","77","12141461"
"JH378105","13378855","13379104","GL873685","221088","221341","78","13157767"
"JH378105","13399199","13399494","GL873520","27354067","27354372","80","13954868"
"JH378105","13402164","13402441","GL873570","1967555","1967838","70","11434609"
"JH378105","13408166","13408461","GL873600","8373172","8373460","75","5034994"
"JH378105","13410856","13411020","GL873758","1118170","1118320","60","12292686"
"JH378105","13413159","13413465","GL873704","1271606","1271908","70","12141553"
"JH378105","13429053","13429251","GL873526","4391261","4391450","46","9037792"
"JH378105","13435909","13436221","GL873704","1271606","1271908","76","12164303"
"JH378105","13436678","13437014","GL873704","1271606","1271908","96","12165072"
"JH378105","13445427","13445690","GL873570","1967555","1967838","82","11477872"
"JH378105","13458681","13458974","GL873712","2391334","2391615","74","11067347"
"JH378105","13461964","13462260","GL873665","463079","463356","74","12998885"
"JH378105","13465534","13465855","GL873623","2204962","2205263","91","11260572"
"JH378105","13474475","13474784","GL873522","37694709","37695012","73","24220234"
"JH378105","13475802","13476111","GL873704","1271606","1271908","71","12204196"
"JH378105","13478377","13478663","GL873553","5205208","5205484","84","8273169"
"JH378105","13490789","13491081","GL873521","6788843","6789137","74","6701946"
"JH378105","13494815","13495108","GL873530","28352428","28352719","76","14857613"
"JH378105","13502757","13503030","GL873543","2251252","2251509","71","11251505"
"JH378105","13503173","13503445","GL873523","1389239","1389512","75","12113934"
"JH378105","13503779","13504051","GL873533","24332927","24333188","75","10829148"
"JH378105","13504179","13504471","GL873521","6788843","6789137","71","6715336"
"JH378105","13525541","13525832","GL873570","1967555","1967838","74","11557986"
"JH378105","13539137","13539434","GL873521","6680460","6680752","77","6858677"
"JH378105","13546208","13546506","GL873574","6271850","6272135","88","7274358"
"JH378105","13561725","13562013","GL873570","1967555","1967838","72","11594170"
"JH378105","13602572","13602780","GL873529","12995296","12995495","64","607276"
"JH378105","13602917","13603051","GL873559","3152922","3153055","51","10449995"
"JH378105","13606810","13607107","GL873628","5474098","5474389","71","8132712"
"JH378105","13613220","13613519","GL873688","764726","765019","79","12848494"
"JH378105","13645625","13645908","GL873744","2064701","2064991","90","11580924"
"JH378105","13674059","13674206","GL873602","6889265","6889404","58","6784794"
"JH378105","13675658","13675917","GL873543","2251252","2251509","69","11424406"
"JH378105","13692525","13692836","GL873704","1271606","1271908","72","12420919"
"JH378105","13703841","13704130","GL873628","5166065","5166344","70","8537776"
"JH378105","13727017","13727342","GL873802","546912","547218","85","13180105"
"JH378105","13735644","13735944","GL873528","8605198","8605481","75","5130446"
"JH378105","13747594","13747901","GL873605","8571054","8571358","82","5176540"
"JH378105","13753476","13753769","GL873570","1967555","1967838","78","11785921"
"JH378105","13779663","13779962","GL873557","4007993","4008285","77","9771670"
"JH378105","13844079","13844388","GL873704","1271606","1271908","64","12572473"
"JH378105","13887730","13888030","GL873557","4007993","4008285","68","9879737"
"JH378105","13958566","13958855","GL873628","5474098","5474389","70","8484468"
"JH378105","13977691","13977975","GL873570","1967555","1967838","66","12010136"
"JH378105","13998984","13999269","GL873628","5166065","5166344","76","8832919"
"JH378105","14015042","14015347","GL873704","1271606","1271908","73","12743436"
"JH378105","14046895","14047192","GL873648","3017433","3017744","76","11029462"
"JH378105","14072641","14072938","GL873584","10819349","10819649","74","3253292"
"JH378105","14129896","14130195","GL873521","6788843","6789137","71","7341053"
"JH378105","14189973","14190269","GL873525","44382671","44382965","68","30192698"
"JH378105","14222571","14222862","GL873540","5032953","5033241","71","9189618"
"JH378105","14250520","14250805","GL873570","1967555","1967838","64","12282965"
"JH378105","14301886","14302176","GL873570","1967555","1967838","74","12334331"
"JH378105","14484702","14485000","GL873521","6788843","6789137","66","7695859"
"JH378105","14498722","14499023","GL873557","4007993","4008285","76","10490729"
"JH378105","14505784","14506083","GL873521","6788843","6789137","77","7716941"
"JH378105","14638010","14638304","GL873542","14336326","14336618","76","301684"
"JH378105","14695136","14695450","GL873562","14118860","14119161","76","576276"
"JH378105","14765481","14765748","GL873570","1967555","1967838","75","12797926"
"JH378105","14839283","14839586","GL873621","5730505","5730797","81","9108778"
"JH378105","14849873","14850160","GL873561","14484697","14484987","67","365176"
"JH378105","14852980","14853287","GL873704","1271606","1271908","74","13581374"
"JH378105","14887262","14887561","GL873566","13356255","13356555","72","1531007"
"JH378105","14892058","14892354","GL873633","988638","988926","76","13903420"
"JH378105","14896531","14896831","GL873704","1271606","1271908","76","13624925"
"JH378105","14902431","14902719","GL873628","5474098","5474389","62","9428333"
"JH378105","14928139","14928430","GL873570","1967555","1967838","72","12960584"
"JH378105","14975537","14975845","GL873541","2336864","2337165","82","12638673"
"JH378105","15140832","15141152","GL873606","2717454","2717753","80","12423378"
"JH378105","15167787","15168099","GL873704","1271606","1271908","72","13896181"
"JH378105","15177838","15178137","GL873557","4007993","4008285","70","11169845"
"JH378105","15184382","15184697","GL873521","6788843","6789137","87","8395539"
"JH378105","15240418","15240722","GL873600","8373172","8373460","83","6867246"
"JH378105","15242653","15242967","GL873522","9840482","9840792","87","5402171"
"JH378105","15450284","15450593","GL873561","14484697","14484987","82","965587"
"JH378105","15460788","15461078","GL873570","1967555","1967838","78","13493233"
"JH378105","15480600","15480869","GL873543","2251252","2251509","74","13229348"
"JH378105","15514604","15514915","GL873704","1271606","1271908","78","14242998"
"JH378105","15554319","15554577","GL873525","43665676","43665944","77","28111357"
"JH378105","15569277","15569581","GL873558","12753056","12753350","73","2816221"
"JH378105","15762257","15762509","GL873597","8319138","8319384","72","7443119"
"JH378105","15860387","15860646","GL873570","1967555","1967838","85","13892832"
"JH378105","15896835","15897114","GL873644","637097","637366","88","15259738"
"JH378105","15925781","15926063","GL873729","705789","706059","66","15219992"
"JH378105","15949440","15949729","GL873589","2908378","2908659","76","13041062"
"JH378105","16016804","16017063","GL873587","6336942","6337199","79","9679862"
"JH378105","16125664","16125972","GL873521","6680460","6680752","75","9445204"
"JH378105","16139798","16139982","GL873589","9024335","9024519","43","7115463"
"JH378105","16140210","16140258","GL873573","7322500","7322546","23","8817710"
"JH378105","16166677","16166980","GL873537","21822616","21822915","77","5655939"
"JH378105","16168594","16168893","GL873528","8605198","8605481","75","7563396"
"JH378105","16172158","16172337","GL873523","7192940","7193123","51","8979218"
"JH378105","16223988","16224295","GL873557","4007993","4008285","74","12215995"
"JH378105","16237052","16237322","GL873593","6857288","6857550","76","9379764"
"JH378105","16247889","16248201","GL873704","1271606","1271908","76","14976283"
"JH378105","16265753","16266050","GL873557","4007993","4008285","82","12257760"
"JH378105","16296864","16297169","GL873520","23952186","23952483","76","7655322"
"JH378105","16301310","16301612","GL873560","2132952","2133241","77","14168358"
"JH378105","16342767","16343095","GL873648","3017433","3017744","86","13325334"
"JH378105","16401665","16401960","GL873600","8373172","8373460","71","8028493"
"JH378105","16409285","16409567","GL873574","6271850","6272135","71","10137435"
"JH378105","16435311","16435606","GL873628","5474098","5474389","71","10961213"
"JH378105","16475774","16476058","GL873628","5474098","5474389","71","11001676"
"JH378105","16483778","16484079","GL873521","6788843","6789137","72","9694935"
"JH378105","16496123","16496418","GL873638","5209464","5209738","77","11286659"
"JH378105","16553777","16554070","GL873532","28884831","28885116","72","12331054"
"JH378105","16596252","16596487","GL873538","18832941","18833164","65","2236689"
"JH378105","16639722","16640018","GL873584","10819349","10819649","66","5820373"
"JH378105","16736836","16737039","GL873648","2970471","2970671","59","13766365"
"JH378105","16737680","16737994","GL873562","14118860","14119161","73","2618820"
"JH378105","16853455","16853723","GL873752","250009","250268","71","16603446"
"JH378105","16946498","16946748","GL873752","250009","250268","75","16696489"
"JH378105","16965684","16965950","GL873543","2251252","2251509","74","14714432"
"JH378105","16983493","16983792","GL873557","4007993","4008285","75","12975500"
"JH378105","17007052","17007335","GL873628","5166065","5166344","66","11840987"
"JH378105","17099903","17100181","GL873578","5604336","5604615","66","11495567"
"JH378105","17110660","17110965","GL873557","4007993","4008285","71","13102667"
"JH378105","17143493","17143771","GL873570","1967555","1967838","75","15175938"
"JH378105","17176483","17176779","GL873598","444320","444609","80","16732163"
"JH378105","17238716","17238898","GL873586","5238625","5238786","55","12000091"
"JH378105","17289516","17289832","GL873704","1271606","1271908","87","16017910"
"JH378105","17303143","17303420","GL873574","6271850","6272135","73","11031293"
"JH378105","17441930","17442232","GL873704","1271606","1271908","69","16170324"
"JH378105","17480659","17480778","GL873533","23590859","23590994","36","6110200"
"JH378105","17481612","17481774","GL873523","7192940","7193123","52","10288672"
"JH378105","17511828","17512115","GL873691","2128761","2129039","77","15383067"
"JH378105","17531763","17532049","GL873570","1967555","1967838","66","15564208"
"JH378105","17601405","17601625","GL873538","70117","70320","61","17531288"
"JH378105","17660571","17660858","GL873557","4007993","4008285","70","13652578"
"JH378105","17695193","17695565","GL873589","3853253","3853593","138","13841940"
"JH378105","17729008","17729310","GL873557","4007993","4008285","67","13721015"
"JH378105","17750208","17750494","GL873557","4007993","4008285","72","13742215"
"JH378105","17814596","17814875","GL873530","17632971","17633245","73","181625"
"JH378105","17893192","17893488","GL873628","5474098","5474389","76","12419094"
"JH378105","17928811","17929100","GL873557","4007993","4008285","80","13920818"
"JH378105","18041017","18041290","GL873570","1967555","1967838","76","16073462"
"JH378105","18090856","18091154","GL873600","8373172","8373460","63","9717684"
"JH378105","18197592","18197882","GL873570","1967555","1967838","70","16230037"
"JH378105","18319006","18319290","GL873557","2415928","2416210","61","15903078"
"JH378105","18322177","18322474","GL873532","30890970","30891258","78","12568793"
"JH378105","18323203","18323523","GL873561","14484697","14484987","92","3838506"
"JH378105","18329548","18329858","GL873704","1271606","1271908","76","17057942"
"JH378105","18343513","18343704","GL873581","3472099","3472289","46","14871414"
"JH378105","18349186","18349322","GL873754","389666","389785","56","17959520"
"JH378105","18361732","18362044","GL873705","1043523","1043829","81","17318209"
"JH378105","18399636","18399805","GL873545","5699023","5699186","45","12700613"
"JH378105","18405564","18405855","GL873731","1789108","1789389","81","16616456"
"JH378105","18415814","18416107","GL873536","12783621","12783915","73","5632193"
"JH378105","18447236","18447539","GL873704","1271606","1271908","67","17175630"
"JH378105","18451256","18451422","GL873554","16597640","16597806","44","1853616"
"JH378105","18467972","18468279","GL873648","3017433","3017744","82","15450539"
"JH378105","18499049","18499351","GL873691","2128761","2129039","72","16370288"
"JH378105","18523826","18524128","GL873704","1271606","1271908","75","17252220"
"JH378105","18570634","18570933","GL873628","5474098","5474389","76","13096536"
"JH378105","18589420","18589724","GL873561","1235238","1235539","71","17354182"
"JH378105","18638781","18639064","GL873600","8373172","8373460","71","10265609"
"JH378105","18682930","18683229","GL873537","21822616","21822915","71","3139686"
"JH378105","18733138","18733445","GL873704","1271606","1271908","67","17461532"
"JH378105","18832438","18832740","GL873628","5474098","5474389","78","13358340"
"JH378105","18839682","18839971","GL873524","1792138","1792426","77","17047544"
"JH378105","18871333","18871638","GL873704","1271606","1271908","76","17599727"
"JH378105","19067562","19067872","GL873584","10819349","10819649","78","8248213"
"JH378105","19076483","19076755","GL873780","588230","588499","73","18488253"
"JH378105","19130398","19130699","GL873704","1271606","1271908","71","17858792"
"JH378105","19335156","19335437","GL873780","588230","588499","72","18746926"
"JH378105","19404622","19404932","GL873529","34877964","34878258","77","15473342"
"JH378105","19432987","19433146","GL873586","5238625","5238786","45","14194362"
"JH378105","19473971","19474251","GL873614","2842875","2843157","75","16631096"
"JH378105","19520644","19520922","GL873780","588230","588499","79","18932414"
"JH378105","19540933","19541228","GL873552","14471706","14472008","82","5069227"
"JH378105","19556627","19556938","GL873606","2717454","2717753","80","16839173"
"JH378105","19882666","19882975","GL873600","8373172","8373460","87","11509494"
"JH378105","19924219","19924506","GL873685","3583864","3584140","76","16340355"
"JH378105","19936010","19936322","GL873704","1271606","1271908","79","18664404"
"JH378105","20147448","20147747","GL873628","1089230","1089528","83","19058218"
"JH378105","20190612","20190924","GL873528","8605198","8605481","74","11585414"
"JH378105","20198627","20198835","GL873532","29970242","29970429","71","9771615"
"JH378105","20319561","20319858","GL873524","1792138","1792426","83","18527423"
"JH378105","20333429","20333708","GL873537","6630876","6631142","72","13702553"
"JH378105","20365943","20366217","GL873729","705789","706059","75","19660154"
"JH378105","20690725","20691030","GL873560","2132952","2133241","86","18557773"
"JH378105","20728971","20729254","GL873593","6857288","6857550","87","13871683"
"JH378105","20747262","20747534","GL873706","678826","679100","82","20068436"
"JH378105","20775885","20776167","GL873807","609068","609325","83","20166817"
"JH378105","20777167","20777473","GL873528","8605198","8605481","83","12171969"
"JH378105","20787132","20787444","GL873561","1235238","1235539","82","19551894"
"JH378105","20871111","20871301","GL873686","327668","327853","52","20543443"
"JH378105","20872236","20872519","GL873521","6680460","6680752","82","14191776"
"JH378105","20880457","20880747","GL873543","17961055","17961313","87","2919402"
"JH378105","20913824","20914099","GL873627","5257308","5257554","82","15656516"
"JH378105","20928658","20928960","GL873557","4007993","4008285","71","16920665"
"JH378105","20970567","20970859","GL873603","3530582","3530872","65","17439985"
"JH378105","20974357","20974692","GL873562","14118860","14119161","100","6855497"
"JH378105","21046756","21047050","GL873557","4007993","4008285","79","17038763"
"JH378105","21057664","21057934","GL873543","2251252","2251509","67","18806412"
"JH378105","21074892","21075177","GL873628","5474098","5474389","77","15600794"
"JH378105","21075819","21076051","GL873536","24391197","24391423","58","3315378"
"JH378105","21078928","21079200","GL873557","4007993","4008285","83","17070935"
"JH378105","21085088","21085370","GL873570","1967555","1967838","84","19117533"
"JH378105","21097081","21097349","GL873542","17304862","17305131","76","3792219"
"JH378105","21116840","21117134","GL873580","2454597","2454892","77","18662243"
"JH378105","21134139","21134434","GL873574","6271850","6272135","77","14862289"
"JH378105","21141762","21142057","GL873628","5474098","5474389","66","15667664"
"JH378105","21169442","21169746","GL873606","2717454","2717753","80","18451988"
"JH378105","21184505","21184816","GL873534","6346520","6346814","83","14837985"
"JH378105","21187239","21187537","GL873754","1571303","1571599","79","19615936"
"JH378105","21187988","21188277","GL873560","2132952","2133241","73","19055036"
"JH378105","21190364","21190639","GL873630","2202814","2203078","77","18987550"
"JH378105","21209095","21209299","GL873521","40060972","40061165","66","18851877"
"JH378105","21237275","21237568","GL873628","5474098","5474389","70","15763177"
"JH378105","21241260","21241552","GL873536","24755356","24755636","75","3514096"
"JH378105","21250080","21250371","GL873561","14484697","14484987","68","6765383"
"JH378105","21253247","21253549","GL873584","9860878","9861166","79","11392369"
"JH378105","21260255","21260548","GL873521","6680460","6680752","77","14579795"
"JH378105","21266810","21267087","GL873570","1967555","1967838","68","19299255"
"JH378105","21277638","21277956","GL873623","2204962","2205263","99","19072676"
"JH378105","21289608","21289905","GL873628","5474098","5474389","69","15815510"
"JH378105","21299847","21300154","GL873704","1271606","1271908","74","20028241"
"JH378105","21302301","21302652","GL873628","5474098","5474389","123","15828203"
"JH378105","21306484","21306800","GL873704","1271606","1271908","84","20034878"
"JH378105","21310027","21310296","GL873789","845601","845873","77","20464426"
"JH378105","21320719","21321025","GL873537","21822616","21822915","72","501897"
"JH378105","21332185","21332489","GL873525","32907912","32908214","69","11575727"
"JH378105","21352462","21352780","GL873704","1271606","1271908","84","20080856"
"JH378105","21394792","21395142","GL873704","1271606","1271908","115","20123186"
"JH378105","21426843","21427150","GL873530","32638778","32639064","87","11211935"
"JH378105","21446254","21446532","GL873527","1777658","1777930","72","19668596"
"JH378105","21648254","21648558","GL873557","4007993","4008285","77","17640261"
"JH378105","21722446","21722741","GL873667","3852466","3852753","76","17869980"
"JH378105","21876492","21876801","GL873628","5474098","5474389","78","16402394"
"JH378105","21908993","21909289","GL873584","4010283","4010560","77","17898710"
"JH378105","22031611","22031906","GL873628","5474098","5474389","75","16557513"
"JH378105","22065479","22065769","GL873521","6788843","6789137","74","15276636"
"JH378105","22124463","22124666","GL873527","8225725","8225924","47","13898738"
"JH378105","22180610","22180903","GL873704","1271606","1271908","79","20909004"
"JH378105","22226935","22227244","GL873704","1271606","1271908","80","20955329"
"JH378105","22245154","22245418","GL873525","43665676","43665944","72","21420522"
"JH378105","22267568","22267864","GL873521","6788843","6789137","71","15478725"
"JH378105","22294541","22294844","GL873704","1271606","1271908","69","21022935"
"JH378105","22308627","22308923","GL873704","1271606","1271908","67","21037021"
"JH378105","22340666","22340962","GL873530","32638778","32639064","77","10298112"
"JH378105","22350551","22350841","GL873536","24755356","24755636","72","2404805"
"JH378105","22352505","22352801","GL873628","5474098","5474389","62","16878407"
"JH378105","22361755","22362068","GL873704","1271606","1271908","74","21090149"
"JH378105","22372969","22373254","GL873704","1271606","1271908","73","21101363"
"JH378105","22384141","22384311","GL873521","28090600","28090758","41","5706459"
"JH378105","22398083","22398375","GL873629","3560272","3560556","75","18837811"
"JH378105","22415522","22415818","GL873628","5474098","5474389","61","16941424"
"JH378105","22448177","22448365","GL873589","9024335","9024519","37","13423842"
"JH378105","22477364","22477660","GL873628","5474098","5474389","70","17003266"
"JH378105","22477702","22477983","GL873570","1967555","1967838","72","20510147"
"JH378105","22489601","22489881","GL873629","3560272","3560556","77","18929329"
"JH378105","22492552","22492857","GL873584","10819349","10819649","81","11673203"
"JH378105","22500727","22501007","GL873665","3633894","3634174","70","18866833"
"JH378105","22510773","22511085","GL873548","11579012","11579320","74","10931761"
"JH378105","22513679","22513982","GL873628","5474098","5474389","74","17039581"
"JH378105","22539273","22539569","GL873557","4007993","4008285","68","18531280"
"JH378105","22545338","22545630","GL873555","7818587","7818869","86","14726751"
"JH378105","22583307","22583583","GL873523","1389239","1389512","70","21194068"
"JH378105","22618152","22618444","GL873560","2132952","2133241","73","20485200"
"JH378105","22638571","22638857","GL873570","1967555","1967838","56","20671016"
"JH378105","22705743","22706014","GL873560","10672210","10672468","74","12033533"
"JH378105","22710421","22710717","GL873562","14118860","14119161","72","8591561"
"JH378105","22721692","22722001","GL873545","6821461","6821764","77","15900231"
"JH378105","22727627","22727908","GL873570","1967555","1967838","72","20760072"
"JH378105","22834548","22834714","GL873564","9260833","9261021","60","13573715"
"JH378105","22834918","22835050","GL873533","23590859","23590994","39","755941"
"JH378105","22847439","22847726","GL873557","2415928","2416210","77","20431511"
"JH378105","22925722","22926030","GL873529","32869825","32870125","75","9944103"
"JH378105","23094035","23094320","GL873667","3852466","3852753","78","19241569"
"JH378105","23099202","23099496","GL873570","1967555","1967838","70","21131647"
"JH378105","23291817","23292095","GL873570","1967555","1967838","80","21324262"
"JH378105","23298386","23298673","GL873704","1271606","1271908","72","22026780"
"JH378105","23634380","23634685","GL873521","6680460","6680752","75","16953920"
"JH378105","23660046","23660356","GL873562","14118860","14119161","75","9541186"
"JH378105","23756267","23756569","GL873521","6788843","6789137","69","16967424"
"JH378105","23758551","23758849","GL873557","4007993","4008285","66","19750558"
"JH378105","23857873","23858160","GL873570","1967555","1967838","78","21890318"
"JH378105","23923969","23924271","GL873704","1271606","1271908","70","22652363"
"JH378105","23925123","23925419","GL873524","1792138","1792426","78","22132985"
"JH378105","23957271","23957546","GL873533","24332927","24333188","77","375656"
"JH378105","23997711","23998005","GL873570","9333724","9334010","75","14663987"
"JH378105","24007429","24007706","GL873574","6271850","6272135","68","17735579"
"JH378105","24034344","24034626","GL873628","5166065","5166344","71","18868279"
"JH378105","24047270","24047557","GL873605","7990501","7990789","70","16056769"
"JH378105","24084638","24084954","GL873536","12783621","12783915","78","11301017"
"JH378105","24089093","24089385","GL873628","5474098","5474389","65","18614995"
"JH378105","24100281","24100447","GL873520","27057726","27057887","53","2957445"
"JH378105","24114916","24115200","GL873574","6271850","6272135","78","17843066"
"JH378105","24135741","24136035","GL873568","12879290","12879579","73","11256451"
"JH378105","24163907","24164145","GL873532","6315511","6315736","75","17848396"
"JH378105","24198630","24198913","GL873557","4007993","4008285","73","20190637"
"JH378105","24225258","24225537","GL873570","1967555","1967838","74","22257703"
"JH378105","24275310","24275622","GL873704","1271606","1271908","74","23003704"
"JH378105","24321038","24321375","GL873523","34742557","34742847","100","10421519"
"JH378105","24323604","24323891","GL873561","14484697","14484987","76","9838907"
"JH378105","24387898","24388205","GL873520","67462701","67463001","74","43074803"
"JH378105","24467485","24467750","GL873543","2251252","2251509","85","22216233"
"JH378105","24495458","24495768","GL873521","6788843","6789137","83","17706615"
"JH378105","24515281","24515567","GL873570","1967555","1967838","77","22547726"
"JH378105","24518834","24519131","GL873558","12753056","12753350","75","11765778"
"JH378105","24599193","24599483","GL873570","1967555","1967838","72","22631638"
"JH378105","24611455","24611769","GL873704","1271606","1271908","72","23339849"
"JH378105","24827863","24828168","GL873522","37694709","37695012","76","12866846"
"JH378105","24842898","24843191","GL873529","8950555","8950837","81","15892343"
"JH378105","24870599","24870883","GL873670","3809226","3809509","81","21061373"
"JH378105","24878338","24878639","GL873530","32638778","32639064","77","7760440"
"JH378105","24991129","24991400","GL873570","1967555","1967838","75","23023574"
"JH378105","25115524","25115796","GL873729","705789","706059","74","24409735"
"JH378105","25200139","25200433","GL873685","3583864","3584140","76","21616275"
"JH378105","25294226","25294526","GL873603","3530582","3530872","76","21763644"
"JH378105","25313983","25314231","GL873693","2361508","2361753","70","22952475"
"JH378105","25450161","25450454","GL873733","1220355","1220658","84","24229806"
"JH378105","25522664","25522973","GL873525","32907912","32908214","74","7385248"
"JH378105","25848412","25848708","GL873628","5474098","5474389","88","20374314"
"JH378105","26072100","26072396","GL873603","3530582","3530872","68","22541518"
"JH378105","26085145","26085395","GL873543","2251252","2251509","64","23833893"
"JH378105","26089161","26089468","GL873537","21822616","21822915","80","4266545"
"JH378105","26183982","26184259","GL873536","29081584","29081862","76","2897602"
"JH378105","26196778","26197074","GL873528","2361612","2361899","74","23835166"
"JH378105","26240350","26240658","GL873653","614266","614550","84","25626084"
"JH378105","26414177","26414466","GL873557","4007993","4008285","74","22406184"
"JH378105","26417245","26417548","GL873521","6788843","6789137","70","19628402"
"JH378105","26573325","26573580","GL873593","6857288","6857550","80","19716037"
"JH378105","26619312","26619533","GL873538","18832941","18833164","51","7786371"
"JH378105","26728877","26729171","GL873628","5474098","5474389","69","21254779"
"JH378105","26836629","26836936","GL873522","37694709","37695012","82","10858080"
"JH378105","26894165","26894460","GL873521","6788843","6789137","77","20105322"
"JH378105","26919335","26919646","GL873704","1271606","1271908","73","25647729"
"JH378105","26927798","26928079","GL873570","1967555","1967838","76","24960243"
"JH378105","26956585","26956874","GL873562","11486580","11486860","76","15470005"
"JH378105","27026042","27026323","GL873526","4139376","4139660","83","22886666"
"JH378105","27225877","27226153","GL873544","13032180","13032448","80","14193697"
"JH378105","27465064","27465252","GL873589","9024335","9024519","42","18440729"
"JH378105","27610488","27610771","GL873570","1967555","1967838","71","25642933"
"JH378105","27654005","27654285","GL873536","29081584","29081862","75","1427579"
"JH378105","27668180","27668499","GL873548","11579012","11579320","85","16089168"
"JH378105","27881389","27881662","GL873524","39818020","39818293","79","11936631"
"JH378105","27965811","27966087","GL873578","5604336","5604615","83","22361475"
"JH378105","28177450","28177755","GL873562","14118860","14119161","74","14058590"
"JH378105","28287949","28288254","GL873561","1235238","1235539","83","27052711"
"JH378105","28372132","28372435","GL873628","5474098","5474389","78","22898034"
"JH378105","28490885","28491176","GL873557","4007993","4008285","73","24482892"
"JH378105","28528725","28529015","GL873524","1792138","1792426","76","26736587"
"JH378105","28577985","28578299","GL873705","1043523","1043829","79","27534462"
"JH378105","28665570","28665868","GL873628","5474098","5474389","72","23191472"
"JH378105","28865048","28865363","GL873525","32907912","32908214","83","4042864"
"JH378105","29222956","29223218","GL873544","3942836","3943093","73","25280120"
"JH378105","29283223","29283464","GL873538","18832941","18833164","72","10450282"
"JH378105","29384446","29384752","GL873525","45437750","45438049","86","16053304"
"JH378105","29407937","29408226","GL873574","6271850","6272135","77","23136087"
"JH378105","29485669","29485967","GL873653","614266","614550","67","28871403"
"JH378105","29677647","29677925","GL873593","6857288","6857550","75","22820359"
"JH378105","29721546","29721857","GL873562","14118860","14119161","72","15602686"
"JH378105","29788266","29788562","GL873561","14484697","14484987","71","15303569"
"JH378105","29943941","29944147","GL873527","8225725","8225924","47","21718216"
"JH378105","29961730","29962033","GL873562","14118860","14119161","82","15842870"
"JH378105","29993680","29993966","GL873536","24275099","24275376","68","5718581"
"JH378105","30020267","30020580","GL873522","37694709","37695012","80","7674442"
"JH378105","30052247","30052539","GL873770","514266","514553","62","29537981"
"JH378105","30138990","30139288","GL873557","4007993","4008285","72","26130997"
"JH378105","30209285","30209523","GL873524","31077557","31077808","80","868272"
"JH378105","30214795","30215082","GL873525","43665676","43665944","78","13450881"
"JH378105","30243742","30244029","GL873522","47211910","47212201","77","16968168"
"JH378105","30251047","30251335","GL873521","6788843","6789137","72","23462204"
"JH378105","30256385","30256695","GL873606","2717454","2717753","73","27538931"
"JH378105","30277319","30277626","GL873628","5474098","5474389","80","24803221"
"JH378105","30289698","30289995","GL873557","4007993","4008285","79","26281705"
"JH378105","30294641","30294934","GL873561","1235238","1235539","77","29059403"
"JH378105","30301076","30301373","GL873525","44382671","44382965","79","14081595"
"JH378105","30317188","30317466","GL873709","383510","383788","76","29933678"
"JH378105","30323567","30323851","GL873570","1967555","1967838","77","28356012"
"JH378105","30324789","30325083","GL873557","4007993","4008285","72","26316796"
"JH378105","30330616","30330858","GL873538","6196480","6196706","64","24134136"
"JH378105","30332081","30332388","GL873529","32869825","32870125","87","2537744"
"JH378105","30341383","30341684","GL873536","12783621","12783915","75","17557762"
"JH378105","30483774","30483973","GL873666","2504237","2504446","69","27979537"
"JH378105","30765189","30765478","GL873570","1967555","1967838","66","28797634"
"JH378105","30768933","30769244","GL873521","6788843","6789137","74","23980090"
"JH378105","30782729","30783028","GL873628","5474098","5474389","73","25308631"
"JH378105","30845141","30845447","GL873704","1271606","1271908","76","29573535"
"JH378105","31006124","31006431","GL873704","1271606","1271908","66","29734518"
"JH378105","31489078","31489380","GL873521","6788843","6789137","73","24700235"
"JH378105","31534991","31535304","GL873561","1235238","1235539","79","30299753"
"JH378105","31549863","31550161","GL873562","14118860","14119161","79","17431003"
"JH378105","31653530","31653827","GL873691","2128761","2129039","76","29524769"
"JH378105","31702579","31702887","GL873704","1271606","1271908","71","30430973"
"JH378105","31731693","31731986","GL873536","24755356","24755636","71","6976337"
"JH378105","31758384","31758637","GL873544","13032180","13032448","75","18726204"
"JH378105","31768945","31769243","GL873557","4007993","4008285","71","27760952"
"JH378105","31834175","31834468","GL873653","614266","614550","70","31219909"
"JH378105","31905255","31905548","GL873645","2407803","2408089","78","29497452"
"JH378105","32068560","32068881","GL873601","1267904","1268197","101","30800656"
"JH378105","32127454","32127738","GL873560","10672210","10672468","86","21455244"
"JH378105","32361399","32361621","GL873537","8980956","8981146","80","23380443"
"JH378105","32582860","32583154","GL873688","764726","765019","73","31818134"
"JH378105","32651991","32652319","GL873606","2717454","2717753","96","29934537"
"JH378105","32892914","32893253","GL873536","15000522","15000828","100","17892392"
"JH378105","33024894","33025101","GL873564","9260833","9261021","63","23764061"
"JH378105","33080267","33080565","GL873584","10819349","10819649","74","22260918"
"JH378105","33165866","33166194","GL873540","13182742","13183061","99","19983124"
"JH378105","33227114","33227423","GL873522","37694709","37695012","77","4467595"
"JH378105","33290550","33290825","GL873574","6271850","6272135","76","27018700"
"JH378105","33351512","33351742","GL873535","29708008","29708235","70","3643504"
"JH378105","33379862","33380136","GL873570","1967555","1967838","68","31412307"
"JH378105","33387688","33387980","GL873536","24275099","24275376","74","9112589"
"JH378105","33459170","33459461","GL873628","5474098","5474389","79","27985072"
"JH378105","33501998","33502320","GL873525","32907912","32908214","84","594086"
"JH378105","33511039","33511349","GL873552","14471706","14472008","79","19039333"
"JH378105","33657570","33657860","GL873633","988638","988926","75","32668932"
"JH378105","33997014","33997325","GL873704","1271606","1271908","71","32725408"
"JH378105","34019890","34020191","GL873561","14484697","14484987","74","19535193"
"JH378105","34067105","34067383","GL873537","17200698","17200973","77","16866407"
"JH378105","34080612","34080903","GL873570","1967555","1967838","77","32113057"
"JH378105","34091048","34091334","GL873570","1967555","1967838","67","32123493"
"JH378105","34100594","34100895","GL873557","4007993","4008285","78","30092601"
"JH378105","34147017","34147189","GL873536","15296862","15297021","57","18850155"
"JH378105","34147477","34147599","GL873558","3258303","3258437","43","30889174"
"JH378105","34170086","34170400","GL873704","1271606","1271908","73","32898480"
"JH378105","34175639","34175927","GL873570","1967555","1967838","69","32208084"
"JH378105","34187274","34187573","GL873704","1271606","1271908","65","32915668"
"JH378105","34251728","34252025","GL873574","6271850","6272135","70","27979878"
"JH378105","34260941","34261229","GL873574","6271850","6272135","80","27989091"
"JH378105","34286856","34287158","GL873558","12753056","12753350","78","21533800"
"JH378105","34290396","34290660","GL873752","250009","250268","82","34040387"
"JH378105","34380180","34380479","GL873528","2361612","2361899","81","32018568"
"JH378105","34464596","34464875","GL873570","1967555","1967838","65","32497041"
"JH378105","34560129","34560431","GL873562","14118860","14119161","77","20441269"
"JH378105","34564323","34564601","GL873570","1967555","1967838","71","32596768"
"JH378105","34579896","34580233","GL873676","92120","92437","96","34487776"
"JH378105","34668418","34668707","GL873560","2132952","2133241","76","32535466"
"JH378105","34691894","34692194","GL873560","2132952","2133241","85","32558942"
"JH378105","34833310","34833574","GL873533","24332927","24333188","79","10500383"
"JH378105","34861874","34862148","GL873534","28201034","28201306","71","6660840"
"JH378105","34893199","34893515","GL873522","37694709","37695012","81","2801510"
"JH378105","34907483","34907772","GL873628","5474098","5474389","67","29433385"
"JH378105","35001434","35001743","GL873704","1271606","1271908","76","33729828"
"JH378105","35011483","35011789","GL873606","2717454","2717753","71","32294029"
"JH378105","35021469","35021758","GL873562","14118860","14119161","68","20902609"
"JH378105","35029875","35030166","GL873570","1967555","1967838","73","33062320"
"JH378105","35100149","35100459","GL873704","1271606","1271908","68","33828543"
"JH378105","35107871","35108180","GL873704","1271606","1271908","78","33836265"
"JH378105","35112709","35112999","GL873536","28123513","28123791","76","6989196"
"JH378105","35117612","35117910","GL873561","1235238","1235539","66","33882374"
"JH378105","35152111","35152425","GL873536","12783621","12783915","84","22368490"
"JH378105","35163049","35163329","GL873570","1967555","1967838","70","33195494"
"JH378105","35195472","35195764","GL873521","6788843","6789137","75","28406629"
"JH378105","35229843","35230144","GL873561","1235238","1235539","72","33994605"
"JH378105","35245045","35245201","GL873529","2541046","2541190","51","32703999"
"JH378105","35263227","35263440","GL873538","18832941","18833164","61","16430286"
"JH378105","35265505","35265799","GL873653","614266","614550","79","34651239"
"JH378105","35270300","35270642","GL873605","8571054","8571358","115","26699246"
"JH378105","35272781","35273082","GL873628","5474098","5474389","69","29798683"
"JH378105","35354325","35354501","GL873545","5699023","5699186","46","29655302"
"JH378105","35356336","35356623","GL873584","4010283","4010560","75","31346053"
"JH378105","35384411","35384689","GL873578","5604336","5604615","75","29780075"
"JH378105","35456468","35456728","GL873524","31077557","31077808","68","4378911"
"JH378105","35497650","35497939","GL873770","514266","514553","75","34983384"
"JH378105","35512782","35513013","GL873536","24391197","24391423","52","11121585"
"JH378105","35513972","35514271","GL873521","6788843","6789137","67","28725129"
"JH378105","35517731","35518022","GL873628","5474098","5474389","77","30043633"
"JH378105","35523117","35523424","GL873561","1235238","1235539","72","34287879"
"JH378105","35525962","35526257","GL873570","1967555","1967838","73","33558407"
"JH378105","35560947","35561140","GL873532","29970242","29970429","51","5590705"
"JH378105","35564072","35564353","GL873544","3990436","3990721","78","31573636"
"JH378105","35569997","35570288","GL873544","3990436","3990721","79","31579561"
"JH378105","35607264","35607571","GL873605","8571054","8571358","78","27036210"
"JH378105","35620121","35620343","GL873579","869995","870206","56","34750126"
"JH378105","35630576","35630860","GL873628","5166065","5166344","71","30464511"
"JH378105","35631793","35632085","GL873530","32638778","32639064","76","2993015"
"JH378105","35667725","35667995","GL873675","1573564","1573821","73","34094161"
"JH378105","35668002","35668298","GL873603","3530582","3530872","74","32137420"
"JH378105","35684398","35684702","GL873704","1271606","1271908","71","34412792"
"JH378105","35687900","35688175","GL873525","33456134","33456402","74","2231766"
"JH378105","35709258","35709555","GL873628","5474098","5474389","68","30235160"
"JH378105","35711548","35711845","GL873570","1967555","1967838","71","33743993"
"JH378105","35734771","35735069","GL873522","37694709","37695012","74","1959938"
"JH378105","35754285","35754565","GL873525","43665676","43665944","83","7911391"
"JH378105","35762797","35763095","GL873557","4007993","4008285","62","31754804"
"JH378105","35803288","35803575","GL873628","5166065","5166344","68","30637223"
"JH378105","35804358","35804625","GL873543","2251252","2251509","79","33553106"
"JH378105","35825686","35825963","GL873581","1734289","1734552","79","34091397"
"JH378105","35834895","35835207","GL873648","3017433","3017744","86","32817462"
"JH378105","35837942","35838245","GL873537","21822616","21822915","77","14015326"
"JH378105","35848425","35848721","GL873557","4007993","4008285","83","31840432"
"JH378105","35861605","35861858","GL873534","1340488","1340734","76","34521117"
"JH378105","35866409","35866696","GL873580","2454597","2454892","72","33411812"
"JH378105","35869755","35870054","GL873548","11579012","11579320","83","24290743"
"JH378105","35879053","35879359","GL873524","1792138","1792426","73","34086915"
"JH378105","35881821","35882128","GL873603","3530582","3530872","73","32351239"
"JH378105","35885735","35886032","GL873667","3852466","3852753","71","32033269"
"JH378105","35891788","35892094","GL873561","1235238","1235539","76","34656550"
"JH378105","35909493","35909800","GL873704","1271606","1271908","78","34637887"
"JH378105","35920398","35920692","GL873675","1573564","1573821","101","34346834"
"JH378105","35939458","35939581","GL873558","3258303","3258437","41","32681155"
"JH378105","35939999","35940182","GL873532","29970242","29970429","52","5969757"
"JH378105","35940894","35941054","GL873554","16597640","16597806","42","19343254"
"JH378105","35965975","35966269","GL873685","3583864","3584140","72","32382111"
"JH378105","35970740","35971029","GL873561","14484697","14484987","71","21486043"
"JH378105","35979453","35979754","GL873557","4007993","4008285","70","31971460"
"JH378105","35987315","35987628","GL873704","1271606","1271908","76","34715709"
"JH378105","36019020","36019248","GL873574","4055649","4055861","70","31963371"
"JH378105","36041014","36041303","GL873570","1967555","1967838","64","34073459"
"JH378105","36043028","36043315","GL873557","4007993","4008285","79","32035035"
"JH378105","36069020","36069279","GL873655","4294606","4294859","66","31774414"
"JH378105","36069514","36069825","GL873552","14471706","14472008","68","21597808"
"JH378105","36078073","36078378","GL873557","4007993","4008285","73","32070080"
"JH378105","36078543","36078809","GL873675","1573564","1573821","68","34504979"
"JH378105","36104039","36104334","GL873537","21822616","21822915","74","14281423"
"JH378105","36166662","36166948","GL873570","1967555","1967838","68","34199107"
"JH378105","36193719","36194030","GL873548","6343720","6344016","75","29849999"
"JH378105","36209431","36209711","GL873570","1967555","1967838","57","34241876"
"JH378105","36220363","36220665","GL873561","1235238","1235539","84","34985125"
"JH378105","36224514","36224819","GL873557","4007993","4008285","89","32216521"
"JH378105","36240345","36240650","GL873520","27354067","27354372","75","8886278"
"JH378105","36255268","36255573","GL873704","1271606","1271908","79","34983662"
"JH378105","36265418","36265714","GL873664","3295374","3295651","75","32970044"
"JH378105","36316641","36316952","GL873541","2336864","2337165","67","33979777"
"JH378105","36404852","36405151","GL873521","6788843","6789137","62","29616009"
"JH378105","36448570","36448878","GL873537","21822616","21822915","76","14625954"
"JH378105","36453009","36453310","GL873704","1271606","1271908","70","35181403"
"JH378105","36468363","36468659","GL873704","1271606","1271908","60","35196757"
"JH378105","36500557","36500840","GL873570","1967555","1967838","62","34533002"
"JH378105","36503541","36503850","GL873525","44382671","44382965","84","7879130"
"JH378105","36553324","36553626","GL873525","32907912","32908214","74","3645412"
"JH378105","36574097","36574410","GL873648","3017433","3017744","80","33556664"
"JH378105","36577290","36577544","GL873532","14141652","14141893","75","22435638"
"JH378105","36578372","36578663","GL873570","1967555","1967838","63","34610817"
"JH378105","36584431","36584727","GL873557","4007993","4008285","71","32576438"
"JH378105","36588928","36589222","GL873796","291561","291851","83","36297367"
"JH378105","36615803","36615919","GL873645","5195893","5196013","37","31419910"
"JH378105","36616195","36616382","GL873523","40565777","40565963","56","3949582"
"JH378105","36621324","36621546","GL873529","21782562","21782806","84","14838762"
"JH378105","36622789","36623085","GL873557","4007993","4008285","71","32614796"
"JH378105","36629622","36629914","GL873628","5474098","5474389","66","31155524"
"JH378105","36635607","36635907","GL873521","6788843","6789137","79","29846764"
"JH378105","36635914","36636171","GL873543","2251252","2251509","75","34384662"
